iteration,iter_time,data_time,lr,samples/s/device,samples/s,samples_seen(M),device_mem(GB),grad_x_fd,grad_x_vlm_delta,grad_ratio_vlm_fd,cos_update_fd_vlm,vlm_delta_logqp,vlm_delta_logqp_mean,vlm_logq_c,vlm_logp_c,vlm_probq_c,vlm_probp_c,vlm_delta_loss_weighted,vlm_delta_logqp_min,vlm_delta_logqp_max,vlm_delta_abs_p95,vlm_delta_abs_p99,vlm_delta_clamp_frac,generator_grad_norm,q_student_weight_delta_l2,q_student_bias_delta_l2,q_student_weight_cos_to_p,q_student_weight_delta_rel,q_student_update_norm,q_train_steps,samples_per_class,vlm_scale_eff,vlm_answer_state_samples,vlm_answer_state_microbatch,vlm_answer_state_norm,loss,grad_norm,fid_siglip,fid_mae,fid_inception,fd_loss_raw,fd_loss_norm,vlm_delta_logqp_std,vlm_delta_logqp_p10,vlm_delta_logqp_p25,vlm_delta_logqp_p50,vlm_delta_logqp_p75,vlm_delta_logqp_p90,vlm_p_ce,vlm_p_target_logp,vlm_p_target_logp_median,vlm_p_target_prob,vlm_p_top1,vlm_p_top5,vlm_p_entropy,vlm_p_top1_conf,vlm_p_target_rank,vlm_p_target_rank_median,vlm_p_margin,vlm_p_margin_target_vs_best_other,vlm_p_target_rank_ratio_to_chance,vlm_q_generator_ce,vlm_q_generator_target_logp,vlm_q_generator_target_logp_median,vlm_q_generator_target_prob,vlm_q_generator_top1,vlm_q_generator_top5,vlm_q_generator_entropy,vlm_q_generator_top1_conf,vlm_q_generator_target_rank,vlm_q_generator_target_rank_median,vlm_q_generator_margin,vlm_pq_full_kl_qp,vlm_pq_full_kl_pq,vlm_pq_js,vlm_pq_top1_agreement,vlm_pq_argmax_disagreement,vlm_target_prob_gap,vlm_chance_top1,vlm_chance_mean_rank,cond_delta,cond_delta_valid,vlm_cond_feature_delta,vlm_cond_feature_cos,probe_top1,probe_top5,probe_logp,probe_rank,vlm_q_student_ce_pre,vlm_q_student_target_logp_pre,vlm_q_student_target_logp_median_pre,vlm_q_student_target_prob_pre,vlm_q_student_top1_pre,vlm_q_student_top5_pre,vlm_q_student_entropy_pre,vlm_q_student_top1_conf_pre,vlm_q_student_target_rank_pre,vlm_q_student_target_rank_median_pre,vlm_q_student_margin_pre,q_ce,q_train_accuracy,q_grad_norm,q_updates_applied,q_lr,q_lora_lr,vlm_q_student_ce,vlm_q_student_target_logp,vlm_q_student_target_logp_median,vlm_q_student_target_prob,vlm_q_student_top1,vlm_q_student_top5,vlm_q_student_entropy,vlm_q_student_top1_conf,vlm_q_student_target_rank,vlm_q_student_target_rank_median,vlm_q_student_margin,vlm_q_student_ce_post,vlm_q_student_target_logp_post,vlm_q_student_target_logp_median_post,vlm_q_student_target_prob_post,vlm_q_student_top1_post,vlm_q_student_top5_post,vlm_q_student_entropy_post,vlm_q_student_top1_conf_post,vlm_q_student_target_rank_post,vlm_q_student_target_rank_median_post,vlm_q_student_margin_post,q_student_bias_delta_rel,q_student_weight_norm,q_student_bias_norm,q_student_lora_delta_l2,q_fresh_batch_ce_pre,q_train_images_per_rank
0,47.30961227416992,4.649162292480469e-05,9.999999747378752e-06,0.5080109238624573,2.032043695449829,9.600000339560211e-05,40.216796875,0.026133714243769646,0.0,0.0,0.0,7.388492662130375e-08,7.388492662130375e-08,-9.693300247192383,-9.693300247192383,0.011668468825519085,0.011668461374938488,0.0,-2.86102294921875e-06,1.9073486328125e-06,1.9073486328125e-06,1.955035259015858e-06,0.0,0.08685076981782913,0.05821836739778519,0.02012586034834385,0.9999821186065674,0.0059755765832960606,0.06159893423318863,1.0,0.9599999785423279,0.0,24.0,1.0,335.1966857910156,2.9992334842681885,0.08685076981782913,218.70791625976562,14.4718656539917,330.6073303222656,563.787109375,2.9992334842681885,9.489573358223424e-07,-9.5367431640625e-07,-4.76837158203125e-07,0.0,9.5367431640625e-07,9.5367431640625e-07,9.693300247192383,-9.693300247192383,-9.8692626953125,0.011668461374938488,0.010416666977107525,0.0416666679084301,1.809017539024353,0.48027747869491577,48.427085876464844,46.0,-8.884265899658203,-8.884265899658203,0.9589521884918213,9.693300247192383,-9.693300247192383,-9.869260787963867,0.011668468825519085,0.010416666977107525,0.0416666679084301,1.809017539024353,0.48027753829956055,48.427085876464844,46.0,-8.884265899658203,9.306662107633201e-10,-9.303000036986475e-10,1.3566018308708294e-09,1.0,0.0,-7.38858352278271e-09,0.009999999776482582,50.5,0.0,0.9791666865348816,0.0,1.0,0.0,0.0,-7.511040687561035,518.625,9.693300247192383,-9.693300247192383,-9.94277572631836,0.01166846789419651,0.010416666977107525,0.0416666679084301,1.8090176582336426,0.48027750849723816,48.427085876464844,44.25,-8.88426685333252,9.693300247192383,0.010416666977107525,71.4169921875,1.0,9.999999747378752e-05,9.999999747378752e-06,8.495346069335938,-8.495346069335938,-8.682607650756836,0.014932925812900066,0.010416666977107525,0.1041666641831398,2.238163471221924,0.37602129578590393,44.958335876464844,39.25,-7.423258304595947,8.495346069335938,-8.495346069335938,-8.682607650756836,0.014932925812900066,0.010416666977107525,0.1041666641831398,2.238163471221924,0.37602129578590393,44.958335876464844,39.25,-7.423258304595947,0.0002976535470224917,9.739603042602539,67.5949478149414,0.020465321838855743,9.693300247192383,24.0
10,36.49345016479492,1.393664933857508e-05,9.999999747378752e-06,0.7202618718147278,2.881047487258911,0.0005760000203736126,40.5625,0.02484508417546749,1.5286825146176852e-05,0.0008195182890631258,0.00014618935529142618,4.2550883293151855,4.2550883293151855,-5.207553863525391,-9.462642669677734,0.012449553236365318,0.008009346202015877,8.510176598974795e-07,-2.8792550563812256,11.975110054016113,10.167732238769531,10.925905227661133,0.0,0.08526267111301422,0.3051835596561432,0.22104403376579285,0.9995144605636597,0.03132426738739014,0.07663225382566452,11.0,10.5600004196167,2.0000000233721948e-07,24.0,1.0,333.53448486328125,2.999227285385132,0.08685076981782913,218.70791625976562,14.342824935913086,325.8740234375,559.0917358398438,2.9992268085479736,1.919707179069519,-9.5367431640625e-07,1.7105326652526855,3.4394142627716064,4.842912673950195,5.559386730194092,9.462642669677734,-9.693300247192383,-9.8692626953125,0.008009346202015877,0.010416666977107525,0.0416666679084301,1.809017539024353,0.38913989067077637,48.427085876464844,46.0,-8.884265899658203,-8.884265899658203,0.9589521884918213,5.207553863525391,-9.693300247192383,-9.869260787963867,0.011668468825519085,0.010416666977107525,0.0416666679084301,1.809017539024353,0.08713152259588242,48.125,46.0,-8.884265899658203,9.306662107633201e-10,-9.303000036986475e-10,1.3566018308708294e-09,0.03125,0.0,-0.004440206568688154,0.009999999776482582,50.5,0.0,0.9791666865348816,0.0,0.9999995231628418,0.0,0.0,-8.388230323791504,518.625,5.207553863525391,-9.693300247192383,-9.94277572631836,0.01166846789419651,0.010416666977107525,0.0416666679084301,1.8090176582336426,0.08713152259588242,48.125003814697266,44.25,-8.88426685333252,6.55025577545166,0.010416666977107525,25.03660774230957,1.0,9.999999747378752e-05,9.999999747378752e-06,4.571637153625488,-8.495346069335938,-8.682607650756836,0.014932925812900066,0.010416666977107525,0.1041666641831398,2.238163471221924,0.08288566023111343,34.35416793823242,24.75,-7.423258304595947,4.571637153625488,-8.495346069335938,-8.682607650756836,0.014932925812900066,0.010416666977107525,0.1041666641831398,2.238163471221924,0.08288566023111343,34.35416793823242,24.75,-7.423258304595947,0.0002976535470224917,9.706331253051758,67.3940658569336,0.020465321838855743,5.207553863525391,24.0
20,35.59627914428711,9.59634780883789e-06,9.999999747378752e-06,0.719642162322998,2.878568649291992,0.0015360000543296337,40.57421875,0.006264999508857727,1.0719061720010359e-05,0.0028544117230921984,-0.00043446302879601717,4.874298095703125,4.874298095703125,-5.074510097503662,-9.948808670043945,0.00955464318394661,0.01761864498257637,1.9497192624839954e-06,-4.656367778778076,16.009336471557617,12.38145637512207,13.49026107788086,0.0,0.03220810741186142,0.35459184646606445,0.42282015085220337,0.9993578195571899,0.03639557212591171,0.06914950162172318,21.0,20.15999984741211,4.0000000467443897e-07,24.0,1.0,331.70550537109375,2.9992122650146484,0.08526267111301422,215.8783721923828,14.0579252243042,318.7669372558594,548.7032470703125,2.999211311340332,3.044994354248047,-0.035982728004455566,1.5787010192871094,4.078513145446777,6.110720634460449,7.934233665466309,9.693300247192383,-9.693300247192383,-9.8692626953125,0.011668461374938488,0.02083333395421505,0.0416666679084301,1.830916404724121,0.48027747869491577,49.614585876464844,48.0,-8.884265899658203,-8.884265899658203,0.9824670553207397,5.207553863525391,-5.207553863525391,-5.100464344024658,0.011668468825519085,0.010416666977107525,0.0416666679084301,4.050076484680176,0.08713152259588242,48.427085876464844,46.0,-2.689422607421875,3.830251693725586,2.228745460510254,0.4456052780151367,0.03125,0.96875,-7.38858352278271e-09,0.009999999776482582,50.5,0.00022350733343046159,0.9791666865348816,0.0006770790787413716,0.9999995231628418,0.0,0.0,-7.994670867919922,518.625,5.207553863525391,-5.207553863525391,-5.092630386352539,0.01166846789419651,0.010416666977107525,0.0416666679084301,4.050076007843018,0.08713152259588242,48.427085876464844,46.25,-2.689423084259033,5.260562419891357,0.010416666977107525,18.68633270263672,1.0,9.999999747378752e-05,9.999999747378752e-06,4.571637153625488,-4.571637153625488,-4.422706604003906,0.015443106181919575,0.0416666679084301,0.125,4.108276844024658,0.08288566023111343,34.35416793823242,24.75,-2.018983840942383,4.571637153625488,-4.571637153625488,-4.422706604003906,0.015443106181919575,0.0416666679084301,0.125,4.108276844024658,0.08288566023111343,34.35416793823242,24.75,-2.018983840942383,0.0032691543456166983,9.706331253051758,67.3940658569336,0.14186623692512512,5.207553863525391,24.0
30,35.36019515991211,7.963180905790068e-06,9.999999747378752e-06,0.7157400846481323,2.8629603385925293,0.002495999913662672,40.57421875,0.00309095811098814,1.1158040251757484e-05,0.0035996739752590656,-0.00039741804357618093,3.8749213218688965,3.8749213218688965,-5.0749311447143555,-8.949851989746094,0.010079840198159218,0.014359233900904655,2.324952902199584e-06,-4.460725784301758,14.73969554901123,11.953909873962402,12.995118141174316,0.0,0.04160895198583603,0.3785136342048645,0.6240414381027222,0.9992901682853699,0.038850922137498856,0.0676964595913887,31.0,29.760000228881836,6.000000212225132e-07,24.0,1.0,330.10577392578125,2.9991824626922607,0.03360029682517052,198.05694580078125,13.568448066711426,309.9718017578125,521.59716796875,2.999180793762207,3.6828882694244385,-0.14632225036621094,1.4319485425949097,4.337985992431641,6.556812286376953,9.111177444458008,9.462642669677734,-9.693300247192383,-9.8692626953125,0.011668461374938488,0.02083333395421505,0.0416666679084301,1.830916404724121,0.47175320982933044,48.427085876464844,48.0,-8.884265899658203,-8.884265899658203,0.9589521884918213,5.0749311447143555,-5.207553863525391,-5.239208221435547,0.010079840198159218,0.010416666977107525,0.0416666679084301,4.050076484680176,0.08440372347831726,48.427085876464844,46.0,-2.689422607421875,3.830251693725586,2.228745460510254,0.4456052780151367,0.03125,0.96875,-7.38858352278271e-09,0.009999999776482582,50.5,0.00022350733343046159,0.9791666865348816,0.0006770790787413716,0.9999995231628418,0.0,0.0,-8.1611909866333,518.625,5.0749311447143555,-5.207553863525391,-5.317816734313965,0.010079840198159218,0.010416666977107525,0.0416666679084301,4.050076007843018,0.08440373092889786,48.427085876464844,46.25,-2.689423084259033,5.014349937438965,0.010416666977107525,16.904184341430664,1.0,9.999999747378752e-05,9.999999747378752e-06,4.491054534912109,-4.571637153625488,-4.518745422363281,0.015370728448033333,0.0416666679084301,0.125,4.108276844024658,0.059066884219646454,34.35416793823242,24.0,-2.018983840942383,4.491054534912109,-4.571637153625488,-4.518745422363281,0.015370728448033333,0.0416666679084301,0.125,4.108276844024658,0.059066884219646454,34.35416793823242,24.0,-2.018983840942383,0.0032691543456166983,9.6741943359375,67.19226837158203,0.14186623692512512,5.0749311447143555,24.0
40,36.136226654052734,8.39233416627394e-06,9.999999747378752e-06,0.7193820476531982,2.877528190612793,0.003456000005826354,40.57421875,0.007223819382488728,2.7029807824874297e-05,0.0043951962143182755,1.1552787327673286e-05,4.933506011962891,4.933506011962891,-4.8075852394104,-9.741090774536133,0.01014256477355957,0.00929168425500393,3.946805009036325e-06,-3.018608808517456,16.375211715698242,12.713743209838867,13.824531555175781,0.0,0.04768425226211548,0.4110631048679352,0.8246474862098694,0.9991881251335144,0.042191822081804276,0.06172638759016991,41.0,39.36000061035156,8.000000093488779e-07,24.0,1.0,329.8233337402344,2.9991540908813477,0.039846792817115784,191.08949279785156,13.088052749633789,302.9613037109375,507.13885498046875,2.9991512298583984,3.769435405731201,0.03577423095703125,1.8619166612625122,4.172394752502441,6.367476463317871,9.482416152954102,9.693300247192383,-9.693300247192383,-9.727654457092285,0.011668461374938488,0.02083333395421505,0.0416666679084301,1.881845235824585,0.47175320982933044,49.614585876464844,49.0,-8.843212127685547,-8.843212127685547,0.9824670553207397,5.0749311447143555,-5.0749311447143555,-5.100464344024658,0.01014256477355957,0.010416666977107525,0.0416666679084301,4.096061706542969,0.08440372347831726,48.427085876464844,46.0,-2.560581922531128,4.66278076171875,2.644923210144043,0.4735677242279053,0.03125,0.96875,-7.38858352278271e-09,0.009999999776482582,50.5,0.00043127231765538454,0.9791667461395264,0.0007395429420284927,0.9999995231628418,0.0,0.0,-8.1611909866333,522.6771240234375,5.0749311447143555,-5.0749311447143555,-5.092630386352539,0.010142563842236996,0.010416666977107525,0.0416666679084301,4.096061706542969,0.08440373092889786,48.427085876464844,46.5,-2.560581922531128,4.936974048614502,0.010416666977107525,16.607301712036133,1.0,9.999999747378752e-05,9.999999747378752e-06,4.491054534912109,-4.491054534912109,-4.422706604003906,0.015443106181919575,0.0416666679084301,0.1354166716337204,4.123652935028076,0.08288566023111343,34.35416793823242,24.0,-2.018983840942383,4.491054534912109,-4.491054534912109,-4.422706604003906,0.015443106181919575,0.0416666679084301,0.1354166716337204,4.123652935028076,0.08288566023111343,34.35416793823242,24.0,-2.018983840942383,0.006253343541175127,9.6741943359375,67.19226837158203,0.17485381662845612,5.0749311447143555,24.0
50,36.22658920288086,9.262561434297822e-06,9.999999747378752e-06,0.716038703918457,2.864154815673828,0.004416000097990036,40.57421875,0.005804026499390602,3.684671173687093e-05,0.008331948891282082,-9.220311767421663e-05,4.211175918579102,4.211175918579102,-4.952489852905273,-9.163665771484375,0.011151865124702454,0.011276988312602043,4.211176019452978e-06,-4.17252254486084,12.290131568908691,10.701604843139648,11.224129676818848,0.0,0.03935210034251213,0.4249785244464874,1.0246206521987915,0.9991718530654907,0.04362011328339577,0.06341330707073212,51.0,48.959999084472656,9.999999974752427e-07,24.0,1.0,329.1163024902344,2.9991228580474854,0.04274846613407135,187.16363525390625,12.602657318115234,295.7261657714844,495.4924621582031,2.999119758605957,3.769435405731201,0.29491329193115234,1.8619166612625122,3.9998779296875,6.045857906341553,9.567922592163086,9.462642669677734,-9.693300247192383,-9.727654457092285,0.011276988312602043,0.02083333395421505,0.0416666679084301,1.881845235824585,0.45082888007164,49.239585876464844,48.0,-8.843212127685547,-8.843212127685547,0.9750413298606873,5.074510097503662,-5.0749311447143555,-5.100464344024658,0.01014256477355957,0.010416666977107525,0.0416666679084301,4.096061706542969,0.08440372347831726,48.427085876464844,46.0,-2.560581922531128,4.59071159362793,2.644923210144043,0.4735677242279053,0.010416666977107525,0.96875,-7.38858352278271e-09,0.009999999776482582,50.5,0.00043127231765538454,0.9791667461395264,0.0007395429420284927,0.9999995231628418,0.0,0.0,-8.1611909866333,518.625,5.074510097503662,-5.0749311447143555,-5.092630386352539,0.010142563842236996,0.010416666977107525,0.0416666679084301,4.096061706542969,0.08440373092889786,48.427085876464844,46.5,-2.560581922531128,4.950155258178711,0.0,16.791528701782227,1.0,9.999999747378752e-05,9.999999747378752e-06,4.472831726074219,-4.491054534912109,-4.422706604003906,0.015443106181919575,0.0416666679084301,0.1354166716337204,4.123652935028076,0.059066884219646454,32.65625,23.25,-2.018983840942383,4.472831726074219,-4.491054534912109,-4.422706604003906,0.015443106181919575,0.0416666679084301,0.1354166716337204,4.123652935028076,0.059066884219646454,32.65625,23.25,-2.018983840942383,0.006253343541175127,9.6431884765625,66.99103546142578,0.17485381662845612,5.074510097503662,24.0
60,36.383480072021484,8.630752745375503e-06,9.999999747378752e-06,0.715713620185852,2.862854480743408,0.005375999957323074,40.57421875,0.007731419987976551,4.336924757808447e-05,0.007863055914640427,0.00017303094500675797,3.9658610820770264,3.9658610820770264,-5.020925045013428,-8.986785888671875,0.010510776191949844,0.01568523235619068,4.7590333451807965e-06,-4.768802642822266,12.755919456481934,11.500420570373535,12.5261812210083,0.0,0.05664968490600586,0.451770156621933,1.2240848541259766,0.9991022348403931,0.04637002572417259,0.06578519940376282,61.0,58.560001373291016,1.2000000424450263e-06,24.0,1.0,327.52191162109375,2.999091148376465,0.043693020939826965,183.9554901123047,12.1298189163208,286.27978515625,482.3650817871094,2.999086856842041,3.79032039642334,0.2987182140350342,1.6550812721252441,4.081441879272461,6.477640151977539,9.683198928833008,9.462642669677734,-9.462642669677734,-9.292969703674316,0.011668461374938488,0.02083333395421505,0.0416666679084301,1.881845235824585,0.47175320982933044,49.239585876464844,48.0,-8.466264724731445,-8.466264724731445,0.9750413298606873,5.074510097503662,-5.074510097503662,-5.067401885986328,0.010510776191949844,0.010416666977107525,0.0416666679084301,4.174346446990967,0.08440372347831726,50.3125,48.0,-2.4379725456237793,4.66278076171875,2.6572208404541016,0.4853864312171936,0.010416666977107525,0.9895833730697632,0.00012512164539657533,0.009999999776482582,50.5,0.0006889014039188623,0.9791667461395264,0.0007448137039318681,0.9999995231628418,0.0,0.0,-7.994670867919922,522.6771240234375,5.074510097503662,-5.074510097503662,-5.092630386352539,0.010510776191949844,0.010416666977107525,0.0416666679084301,4.174346923828125,0.08440373092889786,50.3125,49.5,-2.4379725456237793,4.956250190734863,0.0,17.150081634521484,1.0,9.999999747378752e-05,9.999999747378752e-06,4.472831726074219,-4.472831726074219,-4.422706604003906,0.01692783087491989,0.0416666679084301,0.1354166716337204,4.222455978393555,0.06914927065372467,32.65625,24.0,-1.6795765161514282,4.472831726074219,-4.472831726074219,-4.422706604003906,0.01692783087491989,0.0416666679084301,0.1354166716337204,4.222455978393555,0.06914927065372467,32.65625,24.0,-1.6795765161514282,0.00922932755202055,9.6431884765625,66.99103546142578,0.19154320657253265,5.074510097503662,24.0
70,37.135101318359375,9.429454621567857e-06,9.999999747378752e-06,0.7244552969932556,2.8978211879730225,0.006335999816656113,40.576171875,0.005733676254749298,8.896609506336972e-05,0.015679603442549706,-0.00013467337703332305,5.120745658874512,5.120745658874512,-5.159909725189209,-10.280654907226562,0.011733288876712322,0.005901489406824112,7.169043783505913e-06,-1.9499130249023438,13.968749046325684,11.338958740234375,13.373559951782227,0.0,0.05311556160449982,0.48931649327278137,1.4228794574737549,0.9989792108535767,0.050223808735609055,0.06731995940208435,71.0,68.16000366210938,1.3999999737279722e-06,24.0,1.0,328.8761291503906,2.9990551471710205,0.047736670821905136,180.41905212402344,11.63206672668457,274.5423583984375,466.5934753417969,2.999049186706543,3.7871575355529785,0.26914000511169434,1.7751905918121338,4.401124000549316,6.60482120513916,9.544367790222168,9.462642669677734,-9.693300247192383,-9.727654457092285,0.011276988312602043,0.02083333395421505,0.0416666679084301,1.8797401189804077,0.47175320982933044,49.239585876464844,48.0,-8.843212127685547,-8.843212127685547,0.9750413298606873,5.074510097503662,-5.0749311447143555,-5.100464344024658,0.010510776191949844,0.010416666977107525,0.0416666679084301,4.096061706542969,0.08440372347831726,48.47916793823242,46.0,-2.560581922531128,4.64372444152832,2.6572208404541016,0.4735677242279053,0.010416666977107525,0.96875,-7.38858352278271e-09,0.009999999776482582,50.5,0.0006889014039188623,0.9791667461395264,0.0007448137039318681,0.9999992251396179,0.0,0.0,-7.994670867919922,522.6771240234375,5.074510097503662,-5.0749311447143555,-5.092630386352539,0.010510776191949844,0.010416666977107525,0.0416666679084301,4.096061706542969,0.08440373092889786,48.47917175292969,46.5,-2.560581922531128,4.979576587677002,0.010416666977107525,17.44645881652832,1.0,9.999999747378752e-05,9.999999747378752e-06,4.472831726074219,-4.491054534912109,-4.5084428787231445,0.01692783087491989,0.0416666679084301,0.1354166716337204,4.137687683105469,0.06914927065372467,32.65625,24.0,-1.921522855758667,4.472831726074219,-4.491054534912109,-4.5084428787231445,0.01692783087491989,0.0416666679084301,0.1354166716337204,4.137687683105469,0.06914927065372467,32.65625,24.0,-1.921522855758667,0.00922932755202055,9.612675666809082,66.7904281616211,0.19154320657253265,5.074510097503662,24.0
80,35.57088088989258,9.405613127455581e-06,9.999999747378752e-06,0.7259151339530945,2.903660535812378,0.007296000141650438,40.576171875,0.011623364873230457,0.00011856577475555241,0.010261977091431618,0.001636679284274578,4.235774040222168,4.235774040222168,-5.112075328826904,-9.347848892211914,0.01239054836332798,0.017341338098049164,6.777238468202995e-06,-3.7315526008605957,17.999683380126953,10.60834789276123,14.185039520263672,0.0,0.05165218189358711,0.514182984828949,1.621209979057312,0.9989258050918579,0.05277612432837486,0.06601157784461975,81.0,77.76000213623047,1.6000000186977559e-06,24.0,1.0,332.64202880859375,2.99899959564209,0.052754584699869156,175.78050231933594,10.982171058654785,259.7729187011719,446.53558349609375,2.998994827270508,3.7871575355529785,-0.48693299293518066,1.6295697689056396,4.175880432128906,6.794222831726074,9.237909317016602,9.462642669677734,-9.462642669677734,-9.292969703674316,0.011668461374938488,0.02083333395421505,0.0416666679084301,1.881845235824585,0.47175320982933044,49.239585876464844,48.0,-8.466264724731445,-8.466264724731445,0.9750413298606873,5.0749311447143555,-5.0749311447143555,-5.089290618896484,0.011151865124702454,0.010416666977107525,0.0625,4.096061706542969,0.08713152259588242,48.47916793823242,46.0,-2.560581922531128,4.64372444152832,2.6572208404541016,0.4735677242279053,0.03125,0.96875,0.00012512164539657533,0.009999999776482582,50.5,0.0008768427651375532,0.9895833730697632,0.0008764151716604829,0.9999992251396179,0.0,0.0,-7.984654903411865,529.4896240234375,5.0749311447143555,-5.0749311447143555,-5.088570594787598,0.011151866056025028,0.010416666977107525,0.0625,4.096061706542969,0.08713152259588242,48.47917175292969,46.5,-2.560581922531128,5.049422264099121,0.010416666977107525,17.091529846191406,1.0,9.999999747378752e-05,9.999999747378752e-06,4.491054534912109,-4.491054534912109,-4.478283882141113,0.016988396644592285,0.0416666679084301,0.15625,4.137687683105469,0.08266691863536835,33.375,24.25,-1.921522855758667,4.491054534912109,-4.491054534912109,-4.478283882141113,0.016988396644592285,0.0416666679084301,0.15625,4.137687683105469,0.08266691863536835,33.375,24.25,-1.921522855758667,0.012196212075650692,9.612675666809082,66.7904281616211,0.2097148597240448,5.0749311447143555,24.0
90,35.912967681884766,8.702278137207031e-06,9.999999747378752e-06,0.7252559065818787,2.9010236263275146,0.00825599953532219,40.576171875,0.005047702696174383,0.0001885282399598509,0.03493055701255798,-5.202049214858562e-05,5.451920509338379,5.451920509338379,-4.821528911590576,-10.273448944091797,0.019750013947486877,0.03201951086521149,9.813456927076913e-06,-4.6929097175598145,23.285017013549805,13.316852569580078,19.254003524780273,0.0,0.058862362056970596,0.5577249526977539,1.8188267946243286,0.9987685084342957,0.05724530294537544,0.05791348218917847,91.0,87.36000061035156,1.7999999499807018e-06,24.0,1.0,334.9827880859375,2.998919725418091,0.058862362056970596,172.50611877441406,10.114596366882324,240.03030395507812,422.6510314941406,2.9989125728607178,4.0213518142700195,-0.6511280536651611,1.6154838800430298,4.227062225341797,6.8664984703063965,9.453828811645508,9.462642669677734,-9.693300247192383,-9.62285327911377,0.011668461374938488,0.02083333395421505,0.0416666679084301,1.8797401189804077,0.47175320982933044,49.239585876464844,48.0,-8.843212127685547,-8.843212127685547,0.9750413298606873,5.074510097503662,-5.0749311447143555,-5.089290618896484,0.011151865124702454,0.010416666977107525,0.0625,4.096061706542969,0.08528314530849457,48.427085876464844,46.0,-2.560581922531128,4.64372444152832,2.644923210144043,0.45789313316345215,0.03125,0.96875,0.00012512164539657533,0.009999999776482582,50.5,0.0008768427651375532,0.9791667461395264,0.0008764151716604829,0.9999988079071045,0.0,0.0,-7.984654903411865,522.6771240234375,5.074510097503662,-5.0749311447143555,-5.088570594787598,0.011151866056025028,0.010416666977107525,0.0625,4.096061706542969,0.08528314530849457,48.427085876464844,46.25,-2.560581922531128,5.121622562408447,0.010416666977107525,17.19408416748047,1.0,9.999999747378752e-05,9.999999747378752e-06,4.472831726074219,-4.491054534912109,-4.478283882141113,0.016988396644592285,0.0416666679084301,0.15625,4.123652935028076,0.076866514980793,32.65625,24.0,-1.921522855758667,4.472831726074219,-4.491054534912109,-4.478283882141113,0.016988396644592285,0.0416666679084301,0.15625,4.123652935028076,0.076866514980793,32.65625,24.0,-1.921522855758667,0.012196212075650692,9.581449508666992,66.59044647216797,0.2097148597240448,5.074510097503662,24.0
100,35.87749099731445,8.714198884263169e-06,9.999999747378752e-06,0.7284576892852783,2.9138307571411133,0.009216000325977802,40.576171875,0.0037411083467304707,0.0001040371716953814,0.028433235362172127,0.0006052405806258321,5.533695220947266,5.533695220947266,-5.275753974914551,-10.809450149536133,0.00877908430993557,0.01831028237938881,1.1067390005337074e-05,-3.9545366764068604,24.735584259033203,14.640823364257812,22.7694034576416,0.0,0.04742776229977608,0.5925137400627136,2.0158679485321045,0.9986578822135925,0.06081605330109596,0.0674842819571495,101.0,96.95999908447266,1.9999999949504854e-06,24.0,1.0,337.7801208496094,2.9988269805908203,0.04831526800990105,170.3680877685547,9.258563041687012,225.1890411376953,404.8157043457031,2.9988179206848145,4.551885604858398,-0.5509147644042969,1.7671676874160767,4.74971866607666,7.636260032653809,11.316550254821777,9.693300247192383,-9.693300247192383,-9.62285327911377,0.014359233900904655,0.02083333395421505,0.0520833358168602,1.8797401189804077,0.4740590453147888,49.239585876464844,48.0,-8.843212127685547,-8.843212127685547,0.9750413298606873,5.0749311447143555,-5.0749311447143555,-5.089290618896484,0.011151865124702454,0.010416666977107525,0.0625,4.096061706542969,0.08713152259588242,48.47916793823242,46.0,-2.560581922531128,4.66278076171875,2.644923210144043,0.45789313316345215,0.03125,0.96875,0.00427939323708415,0.009999999776482582,50.5,0.0009352366905659437,0.9895833730697632,0.0011033834889531136,0.9999988079071045,0.0,0.0,-7.973170280456543,522.6771240234375,5.0749311447143555,-5.0749311447143555,-5.088570594787598,0.011151866056025028,0.010416666977107525,0.0625,4.096061706542969,0.08713152259588242,48.47917175292969,46.5,-2.560581922531128,5.179717063903809,0.010416666977107525,17.19408416748047,1.0,9.999999747378752e-05,9.999999747378752e-06,4.491054534912109,-4.491054534912109,-4.478283882141113,0.016988396644592285,0.0416666679084301,0.15625,4.123652935028076,0.08266691863536835,33.375,24.25,-1.921522855758667,4.491054534912109,-4.491054534912109,-4.478283882141113,0.016988396644592285,0.0416666679084301,0.15625,4.123652935028076,0.08266691863536835,33.375,24.25,-1.921522855758667,0.015153735876083374,9.581449508666992,66.59044647216797,0.21982955932617188,5.0749311447143555,24.0
110,35.994529724121094,8.761882781982422e-06,9.999999747378752e-06,0.7244269251823425,2.89770770072937,0.01017600018531084,40.576171875,0.004914365243166685,6.157239113235846e-05,0.012966864742338657,-0.004596863407641649,5.111406326293945,5.111406326293945,-5.148431777954102,-10.259838104248047,0.009504514746367931,0.009536031633615494,1.1245093446632382e-05,-4.560125827789307,21.21998405456543,11.979778289794922,19.013479232788086,0.0,0.027719959616661072,0.6271135807037354,2.2124152183532715,0.9985431432723999,0.06436740607023239,0.06833373755216599,111.0,106.55999755859375,2.1999999262334313e-06,24.0,1.0,334.23040771484375,2.9987339973449707,0.04185017570853233,167.7165069580078,8.530929565429688,215.4993896484375,391.746826171875,2.998723030090332,5.06865119934082,-0.44863343238830566,2.3097269535064697,5.018754482269287,8.208202362060547,11.933558464050293,9.693300247192383,-9.741090774536133,-9.62285327911377,0.011668461374938488,0.02083333395421505,0.0520833358168602,1.8797401189804077,0.47175320982933044,49.239585876464844,48.0,-8.884265899658203,-8.884265899658203,0.9750413298606873,5.0749311447143555,-5.112075328826904,-5.089290618896484,0.010510776191949844,0.010416666977107525,0.0625,4.096061706542969,0.08528314530849457,48.47916793823242,46.0,-2.560581922531128,4.66278076171875,2.5155763626098633,0.45363789796829224,0.03125,0.9375,0.00012512164539657533,0.009999999776482582,50.5,0.0009352366905659437,0.9895833730697632,0.0011033834889531136,0.9999987483024597,0.0,0.0,-7.973170280456543,518.625,5.0749311447143555,-5.112075328826904,-5.092630386352539,0.010510776191949844,0.010416666977107525,0.0625,4.096061706542969,0.08528314530849457,48.47917175292969,46.5,-2.560581922531128,5.05253791809082,0.0,15.949929237365723,1.0,9.999999747378752e-05,9.999999747378752e-06,4.491054534912109,-4.531079292297363,-4.5084428787231445,0.016988396644592285,0.0416666679084301,0.15625,4.123652935028076,0.08076132088899612,33.375,24.25,-1.9334297180175781,4.491054534912109,-4.531079292297363,-4.5084428787231445,0.016988396644592285,0.0416666679084301,0.15625,4.123652935028076,0.08076132088899612,33.375,24.25,-1.9334297180175781,0.015153735876083374,9.550250053405762,66.39098358154297,0.21982955932617188,5.0749311447143555,24.0
120,37.5079460144043,9.572506314725615e-06,9.999999747378752e-06,0.7238537073135376,2.8954148292541504,0.011136000044643879,40.576171875,0.005494847893714905,9.666291589383036e-05,0.018608493730425835,-8.235355198848993e-05,4.6406660079956055,4.6406660079956055,-5.03220796585083,-9.672873497009277,0.010831307619810104,0.01346577238291502,1.1137598448840436e-05,-3.5779030323028564,18.425413131713867,13.09078598022461,17.630373001098633,0.0,0.021931208670139313,0.6610448360443115,2.4083573818206787,0.9984266757965088,0.06785013526678085,0.0649896040558815,121.0,116.16000366210938,2.4000000848900527e-06,24.0,1.0,329.87115478515625,2.998643636703491,0.029609642922878265,162.6399383544922,7.9533891677856445,205.19195556640625,375.7852783203125,2.998634099960327,4.645436763763428,-0.44863343238830566,2.080247163772583,4.450183868408203,7.96768045425415,10.488373756408691,9.693300247192383,-9.693300247192383,-9.30940055847168,0.01346577238291502,0.02083333395421505,0.0520833358168602,1.881845235824585,0.47175320982933044,49.614585876464844,49.0,-8.843212127685547,-8.843212127685547,0.9824670553207397,5.0749311447143555,-5.0749311447143555,-5.084320545196533,0.010831307619810104,0.010416666977107525,0.0625,4.096061706542969,0.08631467819213867,48.47916793823242,47.0,-2.5099644660949707,4.809112548828125,2.5155763626098633,0.45363789796829224,0.0625,0.9375,0.002634463831782341,0.009999999776482582,50.5,0.0010672950884327292,0.9895833730697632,0.0012098706793040037,0.9999987483024597,0.0,0.0,-7.8168721199035645,518.625,5.0749311447143555,-5.0749311447143555,-5.092630386352539,0.010831307619810104,0.010416666977107525,0.0625,4.096061706542969,0.08631467819213867,48.47917175292969,46.5,-2.5099644660949707,5.035310745239258,0.0,17.08946990966797,1.0,9.999999747378752e-05,9.999999747378752e-06,4.491054534912109,-4.491054534912109,-4.5084428787231445,0.01733587123453617,0.0416666679084301,0.15625,4.123652935028076,0.08266691863536835,33.375,24.25,-1.9334297180175781,4.491054534912109,-4.491054534912109,-4.5084428787231445,0.01733587123453617,0.0416666679084301,0.15625,4.123652935028076,0.08266691863536835,33.375,24.25,-1.9334297180175781,0.01810373365879059,9.550250053405762,66.39098358154297,0.24367377161979675,5.0749311447143555,24.0
130,36.02526092529297,8.726119631319307e-06,9.999999747378752e-06,0.7247179746627808,2.898871898651123,0.012095999903976917,40.576171875,0.005034515634179115,8.070197509368882e-05,0.017116058617830276,0.0005578311975114048,3.870783567428589,3.870783567428589,-5.1444244384765625,-9.01520824432373,0.009259789250791073,0.007936792448163033,1.0064037269330584e-05,-4.695704936981201,18.953914642333984,9.177863121032715,18.084238052368164,0.0,0.019087327644228935,0.6960690021514893,2.603668451309204,0.9982979893684387,0.0714450404047966,0.06548142433166504,131.0,125.76000213623047,2.6000000161729986e-06,24.0,1.0,329.2015075683594,2.9985508918762207,0.021931208670139313,156.50299072265625,7.426080226898193,195.06593322753906,358.9949951171875,2.998540163040161,4.07233190536499,-0.2767605781555176,1.3937463760375977,3.929539918899536,7.030880451202393,9.537673950195312,9.672873497009277,-9.693300247192383,-9.30940055847168,0.011668461374938488,0.02083333395421505,0.0520833358168602,1.881845235824585,0.45082888007164,49.239585876464844,48.0,-8.843212127685547,-8.843212127685547,0.9750413298606873,5.0749311447143555,-5.112075328826904,-5.084320545196533,0.010510776191949844,0.010416666977107525,0.0625,4.096061706542969,0.08611434698104858,48.47916793823242,47.0,-2.560581922531128,4.66278076171875,2.3952035903930664,0.4526926875114441,0.0625,0.9270833730697632,0.00012512164539657533,0.009999999776482582,50.5,0.0010672950884327292,0.9895833730697632,0.0012098706793040037,0.9999971389770508,0.0,0.0,-7.8168721199035645,518.5416870117188,5.0749311447143555,-5.112075328826904,-5.092630386352539,0.010510776191949844,0.010416666977107525,0.0625,4.096061706542969,0.08611435443162918,48.47917175292969,46.5,-2.560581922531128,5.032208442687988,0.0,17.158662796020508,1.0,9.999999747378752e-05,9.999999747378752e-06,4.484540939331055,-4.491054534912109,-4.5084428787231445,0.01733587123453617,0.0416666679084301,0.15625,4.123652935028076,0.08266691863536835,33.375,24.0,-1.9334297180175781,4.484540939331055,-4.491054534912109,-4.5084428787231445,0.01733587123453617,0.0416666679084301,0.15625,4.123652935028076,0.08266691863536835,33.375,24.0,-1.9334297180175781,0.01810373365879059,9.518865585327148,66.19218444824219,0.24367377161979675,5.0749311447143555,24.0
140,36.2766227722168,8.1300731835654e-06,9.999999747378752e-06,0.7246103286743164,2.8984413146972656,0.013055999763309956,40.576171875,0.005440492648631334,7.763370376778767e-05,0.014451226219534874,-0.0001889903360279277,4.096113681793213,4.096113681793213,-5.036047458648682,-9.132161140441895,0.009534161537885666,0.023051269352436066,1.1469118362583686e-05,-4.299856662750244,12.72964096069336,10.356499671936035,11.434990882873535,0.0,0.02507447637617588,0.733342170715332,2.798440456390381,0.9981470108032227,0.07527078688144684,0.06441818922758102,141.0,135.36000061035156,2.7999999474559445e-06,24.0,1.0,330.2778625488281,2.998450517654419,0.022081611678004265,151.10195922851562,6.93253231048584,186.09034729003906,344.1248474121094,2.9984397888183594,3.6682639122009277,-0.2767605781555176,1.31697416305542,3.6346664428710938,6.365701675415039,8.559682846069336,9.672873497009277,-9.672873497009277,-9.292969703674316,0.01346577238291502,0.02083333395421505,0.0520833358168602,1.894139051437378,0.45082888007164,49.614585876464844,49.0,-8.716649055480957,-8.716649055480957,0.9824670553207397,5.0749311447143555,-5.0749311447143555,-5.084320545196533,0.010510776191949844,0.010416666977107525,0.0625,4.119534969329834,0.08611434698104858,50.22916793823242,47.0,-2.5099644660949707,4.66278076171875,2.462529182434082,0.4526926875114441,0.0625,0.9375,0.002634463831782341,0.009999999776482582,50.5,0.0011027189902961254,0.9895833730697632,0.0018743191612884402,0.9999971389770508,0.0,0.0,-7.738831520080566,518.5416870117188,5.0749311447143555,-5.0749311447143555,-5.092630386352539,0.010510776191949844,0.010416666977107525,0.0625,4.119534969329834,0.08611435443162918,50.22916793823242,48.5,-2.5099644660949707,5.052225112915039,0.0,17.19241714477539,1.0,9.999999747378752e-05,9.999999747378752e-06,4.484540939331055,-4.484540939331055,-4.487094402313232,0.01733587123453617,0.0416666679084301,0.15625,4.125602722167969,0.08266691863536835,33.708335876464844,24.0,-1.921522855758667,4.484540939331055,-4.484540939331055,-4.487094402313232,0.01733587123453617,0.0416666679084301,0.15625,4.125602722167969,0.08266691863536835,33.708335876464844,24.0,-1.921522855758667,0.021043827757239342,9.518865585327148,66.19218444824219,0.26552096009254456,5.0749311447143555,24.0
150,36.198394775390625,8.416175660386216e-06,9.999999747378752e-06,0.729066789150238,2.916267156600952,0.014015999622642994,40.576171875,0.006715699099004269,7.89175319368951e-05,0.011547086760401726,0.00042685860535129905,4.50971794128418,4.50971794128418,-5.040168762207031,-9.549886703491211,0.00944688729941845,0.007874779403209686,1.3529153875424527e-05,-2.3866758346557617,16.177078247070312,10.466100692749023,13.811716079711914,0.0,0.04551514983177185,0.7672367095947266,2.9926180839538574,0.998020589351654,0.07874974608421326,0.06547679007053375,151.0,144.9600067138672,3.000000106112566e-06,24.0,1.0,331.45623779296875,2.998338222503662,0.02643238566815853,146.48788452148438,6.448371410369873,178.27044677734375,331.2066955566406,2.9983272552490234,3.6682639122009277,-0.27013397216796875,1.3969025611877441,3.800591230392456,6.348710536956787,8.669333457946777,9.549886703491211,-9.672873497009277,-9.30940055847168,0.011668461374938488,0.02083333395421505,0.0520833358168602,1.894139051437378,0.44998884201049805,49.614585876464844,49.0,-8.716649055480957,-8.716649055480957,0.9824670553207397,5.074510097503662,-5.0749311447143555,-5.084320545196533,0.01014256477355957,0.010416666977107525,0.0520833358168602,4.119534969329834,0.08528314530849457,50.22916793823242,47.0,-2.5099644660949707,4.64372444152832,2.4019622802734375,0.45254528522491455,0.0416666679084301,0.9375,0.00012512164539657533,0.009999999776482582,50.5,0.0011027189902961254,0.9895833730697632,0.0018743191612884402,0.9999939799308777,0.0,0.0,-7.738831520080566,518.2395629882812,5.074510097503662,-5.0749311447143555,-5.092630386352539,0.010142563842236996,0.010416666977107525,0.0520833358168602,4.119534969329834,0.08528314530849457,50.22916793823242,46.5,-2.5099644660949707,5.0247955322265625,0.0,15.373933792114258,1.0,9.999999747378752e-05,9.999999747378752e-06,4.484540939331055,-4.491054534912109,-4.5084428787231445,0.017113203182816505,0.0416666679084301,0.1458333432674408,4.125602722167969,0.08076132088899612,33.708335876464844,24.0,-1.921522855758667,4.484540939331055,-4.491054534912109,-4.5084428787231445,0.017113203182816505,0.0416666679084301,0.1458333432674408,4.125602722167969,0.08076132088899612,33.708335876464844,24.0,-1.921522855758667,0.021043827757239342,9.486117362976074,65.99385070800781,0.26552096009254456,5.074510097503662,24.0
160,35.4350471496582,8.33272952149855e-06,9.999999747378752e-06,0.7245305776596069,2.8981223106384277,0.014976000413298607,40.576171875,0.00451289676129818,9.311076428275555e-05,0.020478475838899612,-0.0007829289534129202,4.830419540405273,4.830419540405273,-4.9709391593933105,-9.801359176635742,0.010603582486510277,0.014969602227210999,1.545734266983345e-05,-4.0142974853515625,27.864089965820312,13.569308280944824,24.034364700317383,0.0,0.023773984983563423,0.8010949492454529,3.1860876083374023,0.9978939294815063,0.08222497999668121,0.06582209467887878,161.0,154.55999755859375,3.2000000373955118e-06,24.0,1.0,331.8030700683594,2.9982187747955322,0.028569770976901054,142.1788330078125,5.989565849304199,171.65528869628906,319.8236999511719,2.9982047080993652,4.158718585968018,-0.42338061332702637,1.673328161239624,3.8254618644714355,6.3932952880859375,8.882413864135742,9.672873497009277,-9.672873497009277,-9.292969703674316,0.01346577238291502,0.02083333395421505,0.0520833358168602,1.940359115600586,0.44998884201049805,50.07291793823242,49.0,-8.619108200073242,-8.619108200073242,0.9915429353713989,5.074510097503662,-5.074510097503662,-5.067401885986328,0.010510776191949844,0.010416666977107525,0.0520833358168602,4.152546405792236,0.08528314530849457,50.3125,47.0,-2.4379725456237793,4.66278076171875,2.4019622802734375,0.45254528522491455,0.0625,0.9375,0.002634463831782341,0.009999999776482582,50.5,0.0013687508180737495,0.9895833730697632,0.002866629511117935,0.9999939799308777,0.0,0.0,-7.73287296295166,518.5416870117188,5.074510097503662,-5.074510097503662,-5.088570594787598,0.010510776191949844,0.010416666977107525,0.0520833358168602,4.152546405792236,0.08528314530849457,50.3125,48.5,-2.4379725456237793,4.970938682556152,0.010416666977107525,15.150171279907227,1.0,9.999999747378752e-05,9.999999747378752e-06,4.491054534912109,-4.491054534912109,-4.5084428787231445,0.017113203182816505,0.0416666679084301,0.1458333432674408,4.137687683105469,0.08076132088899612,34.35416793823242,24.25,-1.917672872543335,4.491054534912109,-4.491054534912109,-4.5084428787231445,0.017113203182816505,0.0416666679084301,0.1458333432674408,4.137687683105469,0.08076132088899612,34.35416793823242,24.25,-1.917672872543335,0.02397705800831318,9.486117362976074,65.99385070800781,0.29701822996139526,5.074510097503662,24.0
170,35.57545852661133,8.034706297621597e-06,9.999999747378752e-06,0.7239832878112793,2.895933151245117,0.015936000272631645,40.576171875,0.004173306282609701,0.00010892628051806241,0.027132082730531693,0.0008262204937636852,5.531472206115723,5.531472206115723,-5.102239608764648,-10.633711814880371,0.008651467971503735,0.0031595814507454634,1.8807006199494936e-05,-1.8331654071807861,24.43075942993164,16.90939712524414,23.33091163635254,0.0,0.030598416924476624,0.8344266414642334,3.3791747093200684,0.9977638721466064,0.08564617484807968,0.06225327029824257,171.0,164.16000366210938,3.3999999686784577e-06,24.0,1.0,331.7125549316406,2.9980969429016113,0.030598416924476624,138.349609375,5.5789079666137695,167.429931640625,311.35845947265625,2.9980788230895996,5.548811912536621,-0.5224363803863525,1.27043879032135,3.9508485794067383,6.814144134521484,10.591052055358887,9.672873497009277,-9.693300247192383,-9.30940055847168,0.011668461374938488,0.02083333395421505,0.0416666679084301,1.894139051437378,0.44998884201049805,50.07291793823242,49.0,-8.716649055480957,-8.716649055480957,0.9915429353713989,5.074510097503662,-5.0749311447143555,-5.084320545196533,0.01014256477355957,0.010416666977107525,0.0520833358168602,4.152546405792236,0.08440372347831726,50.3125,47.0,-2.4379725456237793,4.66278076171875,2.4019622802734375,0.45008885860443115,0.0625,0.9375,0.00012512164539657533,0.009999999776482582,50.5,0.0013687508180737495,0.9895833730697632,0.002866629511117935,0.9999874830245972,0.0,0.0,-7.73287296295166,518.2395629882812,5.074510097503662,-5.0749311447143555,-5.092630386352539,0.010142563842236996,0.010416666977107525,0.0520833358168602,4.152546405792236,0.08440373092889786,50.3125,48.5,-2.4379725456237793,4.980846881866455,0.010416666977107525,14.412882804870605,1.0,9.999999747378752e-05,9.999999747378752e-06,4.491054534912109,-4.5203142166137695,-4.518745422363281,0.016988396644592285,0.0416666679084301,0.1458333432674408,4.137687683105469,0.076866514980793,34.35416793823242,24.25,-1.917672872543335,4.491054534912109,-4.5203142166137695,-4.518745422363281,0.016988396644592285,0.0416666679084301,0.1458333432674408,4.137687683105469,0.076866514980793,34.35416793823242,24.25,-1.917672872543335,0.02397705800831318,9.452506065368652,65.79623413085938,0.29701822996139526,5.074510097503662,24.0
180,35.80564498901367,8.237361726060044e-06,9.999999747378752e-06,0.7251927256584167,2.900770902633667,0.016896000131964684,40.576171875,0.004495174158364534,0.00012746843276545405,0.03493856266140938,-0.0004936290206387639,5.747363567352295,5.747363567352295,-4.898980617523193,-10.646345138549805,0.010158384218811989,0.015832386910915375,2.0690509700216353e-05,-4.181527137756348,31.53820037841797,15.355650901794434,27.50149154663086,0.0,0.03697750344872475,0.8707401752471924,3.571648359298706,0.9975988268852234,0.08937341719865799,0.06271583586931229,181.0,173.75999450683594,3.5999998999614036e-06,24.0,1.0,332.8033447265625,2.9979660511016846,0.03134604170918465,135.0209197998047,5.2115397453308105,163.94615173339844,304.1786193847656,2.9979498386383057,5.87877893447876,0.0032486915588378906,1.6825886964797974,4.071715354919434,7.310302734375,11.849222183227539,9.693300247192383,-9.693300247192383,-9.292969703674316,0.01346577238291502,0.02083333395421505,0.0520833358168602,1.894139051437378,0.45082888007164,50.07291793823242,51.0,-8.716649055480957,-8.716649055480957,0.9915429353713989,5.074510097503662,-5.074510097503662,-5.067401885986328,0.010158384218811989,0.010416666977107525,0.0520833358168602,4.174346446990967,0.08440372347831726,50.3125,47.0,-2.417567253112793,4.763067245483398,2.462529182434082,0.45254528522491455,0.0625,0.9375,0.002634463831782341,0.009999999776482582,50.5,0.001877355040051043,0.9895833730697632,0.004199516959488392,0.9999874830245972,0.0,0.0,-7.707502365112305,518.5416870117188,5.074510097503662,-5.074510097503662,-5.088570594787598,0.010158384218811989,0.010416666977107525,0.0520833358168602,4.174346923828125,0.08440373092889786,50.3125,48.5,-2.417567253112793,4.963943004608154,0.010416666977107525,13.734655380249023,1.0,9.999999747378752e-05,9.999999747378752e-06,4.491054534912109,-4.491054534912109,-4.5084428787231445,0.016988396644592285,0.0416666679084301,0.1458333432674408,4.155329704284668,0.076866514980793,34.35416793823242,24.75,-1.8131035566329956,4.491054534912109,-4.491054534912109,-4.5084428787231445,0.016988396644592285,0.0416666679084301,0.1458333432674408,4.155329704284668,0.076866514980793,34.35416793823242,24.75,-1.8131035566329956,0.026899732649326324,9.452506065368652,65.79623413085938,0.34143444895744324,5.074510097503662,24.0
190,36.572608947753906,8.96453821042087e-06,9.999999747378752e-06,0.7287021279335022,2.914808511734009,0.017855999991297722,40.576171875,0.0025646761059761047,0.0007328856154344976,0.29014497995376587,-0.0003801682323683053,11.462699890136719,11.462699890136719,-4.957685470581055,-16.420385360717773,0.009131954051554203,0.0009522695909254253,4.355825876700692e-05,-1.3699126243591309,24.893863677978516,23.710302352905273,24.61528778076172,0.0,0.019966647028923035,0.9000160098075867,3.7635586261749268,0.9974976778030396,0.09237831085920334,0.04771702364087105,191.0,183.36000061035156,3.800000058618025e-06,24.0,1.0,335.4385681152344,2.99784517288208,0.02869582362473011,132.19052124023438,4.8994574546813965,159.2230224609375,296.31298828125,2.9978246688842773,6.018581867218018,0.27353739738464355,2.058048725128174,4.850935459136963,9.76448917388916,13.692983627319336,9.693300247192383,-9.741090774536133,-9.30940055847168,0.011668461374938488,0.010416666977107525,0.0416666679084301,1.881845235824585,0.45082888007164,49.614585876464844,49.0,-8.843212127685547,-8.843212127685547,0.9824670553207397,5.040168762207031,-5.074510097503662,-5.067401885986328,0.01014256477355957,0.010416666977107525,0.0520833358168602,4.174346446990967,0.07274685800075531,50.3125,47.0,-2.417567253112793,4.763067245483398,2.462529182434082,0.45254528522491455,0.0625,0.9375,0.00012512164539657533,0.009999999776482582,50.5,0.001877355040051043,0.9895833730697632,0.004199516959488392,0.9999849796295166,0.0,0.0,-7.707502365112305,518.5416870117188,5.0401692390441895,-5.074510097503662,-5.088570594787598,0.010142563842236996,0.010416666977107525,0.0520833358168602,4.174346923828125,0.07274685800075531,50.3125,48.5,-2.417567253112793,4.911278247833252,0.010416666977107525,14.467926025390625,1.0,9.999999747378752e-05,9.999999747378752e-06,4.491054534912109,-4.5203142166137695,-4.5084428787231445,0.01692783087491989,0.0416666679084301,0.1458333432674408,4.155329704284668,0.07551071047782898,34.35416793823242,24.75,-1.8131035566329956,4.491054534912109,-4.5203142166137695,-4.5084428787231445,0.01692783087491989,0.0416666679084301,0.1458333432674408,4.155329704284668,0.07551071047782898,34.35416793823242,24.75,-1.8131035566329956,0.026899732649326324,9.419044494628906,65.59918975830078,0.34143444895744324,5.0401692390441895,24.0
200,35.367393493652344,8.058547791733872e-06,9.999999747378752e-06,0.7253910899162292,2.901564359664917,0.01881599985063076,40.576171875,0.004560467321425676,0.00043328123865649104,0.1025964766740799,0.0005585093167610466,7.590808868408203,7.590808868408203,-4.896531581878662,-12.48734188079834,0.009318239986896515,0.007316195406019688,3.036323505511973e-05,-3.071288585662842,25.270666122436523,19.199016571044922,23.40422248840332,0.0,0.019846955314278603,0.9300724864006042,3.9548301696777344,0.997387170791626,0.0954633355140686,0.060606759041547775,201.0,192.9600067138672,3.999999989900971e-06,24.0,1.0,332.8330078125,2.997748613357544,0.024188397452235222,129.71661376953125,4.634670257568359,152.52406311035156,286.8753356933594,2.997704267501831,6.615148067474365,1.3550128936767578,4.121023654937744,8.591714859008789,14.11746597290039,18.172142028808594,9.741090774536133,-9.801359176635742,-9.30940055847168,0.011276988312602043,0.010416666977107525,0.0520833358168602,1.881845235824585,0.45082888007164,50.07291793823242,50.0,-8.843212127685547,-8.843212127685547,0.9915429353713989,5.036047458648682,-5.040168762207031,-5.0537824630737305,0.010079840198159218,0.010416666977107525,0.0520833358168602,4.194013595581055,0.07274685800075531,50.458335876464844,48.0,-2.3367257118225098,4.809112548828125,2.506453514099121,0.4526926875114441,0.0416666679084301,0.9375,0.00012512164539657533,0.009999999776482582,50.5,0.002085922285914421,0.9895833730697632,0.004462224431335926,0.9999809861183167,0.0,0.0,-7.707502365112305,518.5416870117188,5.036047458648682,-5.0401692390441895,-5.081530570983887,0.010079840198159218,0.010416666977107525,0.0520833358168602,4.194013595581055,0.07274685800075531,50.458335876464844,49.5,-2.3367257118225098,4.896531105041504,0.010416666977107525,14.30115032196045,1.0,9.999999747378752e-05,9.999999747378752e-06,4.484540939331055,-4.491054534912109,-4.487094402313232,0.01692783087491989,0.0416666679084301,0.1458333432674408,4.19399356842041,0.06914927065372467,34.35416793823242,24.75,-1.6795765161514282,4.484540939331055,-4.491054534912109,-4.487094402313232,0.01692783087491989,0.0416666679084301,0.1458333432674408,4.19399356842041,0.06914927065372467,34.35416793823242,24.75,-1.6795765161514282,0.029813893139362335,9.3865966796875,65.40264129638672,0.38251227140426636,5.036047458648682,24.0
210,34.980281829833984,8.33272952149855e-06,9.999999747378752e-06,0.7253609895706177,2.9014439582824707,0.0197759997099638,40.576171875,0.008175015449523926,0.00014016970817465335,0.01968844048678875,5.088941543363035e-05,3.8527464866638184,3.8527464866638184,-4.849303245544434,-8.702049255371094,0.01052566897124052,0.009146894328296185,1.618153510207776e-05,-3.4766063690185547,15.6182861328125,11.293663024902344,14.779011726379395,0.0,0.03796040266752243,0.9565770030021667,4.145559310913086,0.9973113536834717,0.098183773458004,0.05685725808143616,211.0,202.55999755859375,4.200000148557592e-06,24.0,1.0,330.8044738769531,2.9976112842559814,0.022267619147896767,127.35972595214844,4.402270793914795,147.482666015625,279.2446594238281,2.997587203979492,5.021630764007568,0.3496408462524414,2.785817861557007,5.860701560974121,9.12668228149414,13.316926956176758,9.741090774536133,-9.801359176635742,-9.30940055847168,0.011276988312602043,0.010416666977107525,0.0520833358168602,1.881845235824585,0.45082888007164,50.708335876464844,51.0,-8.843212127685547,-8.843212127685547,1.0041254758834839,5.03220796585083,-5.036047458648682,-5.0537824630737305,0.010079840198159218,0.010416666977107525,0.0520833358168602,4.205068111419678,0.07134828716516495,50.458335876464844,48.0,-2.315952777862549,4.809112548828125,2.506453514099121,0.4526926875114441,0.0625,0.9375,0.00012512164539657533,0.009999999776482582,50.5,0.002278749831020832,0.9895833730697632,0.005238218232989311,0.9999771118164062,0.0,0.0,-7.678229331970215,518.5416870117188,5.03220796585083,-5.036047458648682,-5.081530570983887,0.010079840198159218,0.010416666977107525,0.0520833358168602,4.205068111419678,0.07134828716516495,50.458335876464844,49.5,-2.315952777862549,4.887131690979004,0.0,13.401822090148926,1.0,9.999999747378752e-05,9.999999747378752e-06,4.474011421203613,-4.484540939331055,-4.5084428787231445,0.016732875257730484,0.0416666679084301,0.1458333432674408,4.221828460693359,0.06825695186853409,33.708335876464844,24.75,-1.6670129299163818,4.474011421203613,-4.484540939331055,-4.5084428787231445,0.016732875257730484,0.0416666679084301,0.1458333432674408,4.221828460693359,0.06825695186853409,33.708335876464844,24.75,-1.6670129299163818,0.03272075206041336,9.35517406463623,65.20669555664062,0.413847953081131,5.03220796585083,24.0
220,35.0153923034668,8.416175660386216e-06,9.999999747378752e-06,0.7247735261917114,2.8990941047668457,0.020735999569296837,40.576171875,0.009057419374585152,0.0002008040901273489,0.025106454268097878,-0.00020189474162179977,3.4937686920166016,3.4937686920166016,-4.901909351348877,-8.395678520202637,0.009520381689071655,0.0038985474966466427,1.537258140160702e-05,-2.717240571975708,11.953264236450195,8.441253662109375,11.351553916931152,0.0,0.02669408544898033,0.9829280376434326,4.3357462882995605,0.9972375631332397,0.10088846832513809,0.05052759125828743,221.0,212.16000366210938,4.399999852466863e-06,24.0,1.0,329.8416442871094,2.9974842071533203,0.02669408544898033,124.39193725585938,4.186975955963135,144.14002990722656,272.71893310546875,2.997467517852783,3.551116466522217,-0.2631354331970215,1.5495268106460571,3.6467857360839844,5.952851295471191,8.367925643920898,9.672873497009277,-9.741090774536133,-9.292969703674316,0.009536031633615494,0.010416666977107525,0.0416666679084301,1.894139051437378,0.45082888007164,50.07291793823242,50.0,-8.716649055480957,-8.716649055480957,0.9915429353713989,5.020925045013428,-5.03220796585083,-5.013178825378418,0.010079840198159218,0.010416666977107525,0.0520833358168602,4.213721752166748,0.07131575047969818,50.458335876464844,48.0,-2.2764430046081543,4.763067245483398,2.506453514099121,0.45254528522491455,0.0625,0.9375,3.151688724756241e-05,0.009999999776482582,50.5,0.002471870044246316,0.9895833730697632,0.005382209084928036,0.9999765753746033,0.0,0.0,-7.65565299987793,518.5416870117188,5.020925045013428,-5.03220796585083,-5.006437301635742,0.010079840198159218,0.010416666977107525,0.0520833358168602,4.21372127532959,0.07131575047969818,50.458335876464844,49.25,-2.2764430046081543,4.852534294128418,0.010416666977107525,13.164907455444336,1.0,9.999999747378752e-05,9.999999747378752e-06,4.484540939331055,-4.491054534912109,-4.518745422363281,0.016732875257730484,0.0416666679084301,0.1458333432674408,4.221828460693359,0.06825695186853409,34.44791793823242,24.75,-1.6670129299163818,4.484540939331055,-4.491054534912109,-4.518745422363281,0.016732875257730484,0.0416666679084301,0.1458333432674408,4.221828460693359,0.06825695186853409,34.44791793823242,24.75,-1.6670129299163818,0.03561865910887718,9.324041366577148,65.01139068603516,0.43409600853919983,5.020925045013428,24.0
230,35.02210235595703,8.189677828340791e-06,9.999999747378752e-06,0.7246949672698975,2.89877986907959,0.021695999428629875,40.576171875,0.011469176039099693,0.00018069249927066267,0.021633153781294823,-4.112532042199746e-05,4.06168270111084,4.06168270111084,-4.802226543426514,-8.863908767700195,0.0098829735070467,0.009349102154374123,1.8683740563574247e-05,-3.00439453125,12.204487800598145,9.994266510009766,12.067965507507324,0.0,0.0470709353685379,1.0129691362380981,4.525414943695068,0.9971199631690979,0.10397190600633621,0.05830349400639534,231.0,221.75999450683594,4.600000011123484e-06,24.0,1.0,330.13531494140625,2.9973673820495605,0.034110646694898605,121.39210510253906,3.9960122108459473,141.72328186035156,267.11138916015625,2.9973506927490234,3.2146201133728027,-0.19587492942810059,1.6644744873046875,3.7178866863250732,5.936023712158203,8.135814666748047,9.672873497009277,-9.741090774536133,-9.222651481628418,0.009349102154374123,0.010416666977107525,0.0416666679084301,1.894139051437378,0.45082888007164,50.07291793823242,50.0,-8.716649055480957,-8.716649055480957,0.9915429353713989,4.9709391593933105,-5.020925045013428,-4.939624786376953,0.0098829735070467,0.010416666977107525,0.0520833358168602,4.220578193664551,0.07065689563751221,50.3125,47.0,-2.268566608428955,4.66278076171875,2.506453514099121,0.45254528522491455,0.0625,0.9375,-0.0005338708288036287,0.009999999776482582,50.5,0.003066005650907755,0.9895833730697632,0.005693333223462105,0.9999763369560242,0.0,0.0,-7.628406524658203,511.2812805175781,4.9709391593933105,-5.020925045013428,-4.992684364318848,0.009882972575724125,0.010416666977107525,0.0520833358168602,4.220578193664551,0.07065689563751221,50.3125,48.5,-2.268566608428955,4.854806900024414,0.010416666977107525,13.085556030273438,1.0,9.999999747378752e-05,9.999999747378752e-06,4.474011421203613,-4.484540939331055,-4.5084428787231445,0.016732875257730484,0.03125,0.1458333432674408,4.221828460693359,0.06825695186853409,33.708335876464844,24.75,-1.6670129299163818,4.474011421203613,-4.484540939331055,-4.5084428787231445,0.016732875257730484,0.03125,0.1458333432674408,4.221828460693359,0.06825695186853409,33.708335876464844,24.75,-1.6670129299163818,0.03850723057985306,9.292983055114746,64.81661987304688,0.45198482275009155,4.9709391593933105,24.0
240,35.08512496948242,8.916855222196318e-06,9.999999747378752e-06,0.7256417274475098,2.902566909790039,0.022655999287962914,40.576171875,0.005262197460979223,0.0034555832389742136,0.635401725769043,-0.00028896177536807954,5.35299825668335,5.35299825668335,-4.947707176208496,-10.300704956054688,0.009438647888600826,0.008902765810489655,2.56943931162823e-05,-5.084512233734131,22.82244873046875,12.525035858154297,17.311279296875,0.0,0.03969968482851982,1.0384447574615479,4.714388370513916,0.9970567226409912,0.1065867468714714,0.0578533411026001,241.0,231.36000061035156,4.800000169780105e-06,24.0,1.0,331.7524108886719,2.9972658157348633,0.03660374507308006,118.35997009277344,3.836325168609619,139.10337829589844,261.2996826171875,2.997243881225586,3.351321220397949,0.33980417251586914,2.14016056060791,4.2356343269348145,6.510833263397217,8.826201438903809,9.672873497009277,-9.801359176635742,-9.222651481628418,0.009349102154374123,0.010416666977107525,0.0416666679084301,1.8797401189804077,0.45367807149887085,49.47916793823242,49.0,-8.716649055480957,-8.716649055480957,0.9797855019569397,4.9709391593933105,-5.020925045013428,-5.013178825378418,0.009534161537885666,0.010416666977107525,0.0520833358168602,4.220578193664551,0.07065689563751221,50.458335876464844,48.0,-2.268566608428955,4.763067245483398,2.506453514099121,0.45254528522491455,0.0625,0.9375,-0.0005338708288036287,0.009999999776482582,50.5,0.0030876975506544113,1.0,0.005888734478503466,0.9999755024909973,0.0,0.0,-7.594307899475098,509.4895935058594,4.9709391593933105,-5.020925045013428,-5.006437301635742,0.009534163400530815,0.010416666977107525,0.0520833358168602,4.220578193664551,0.07065689563751221,50.458335876464844,49.25,-2.268566608428955,4.840633869171143,0.010416666977107525,12.596732139587402,1.0,9.999999747378752e-05,9.999999747378752e-06,4.474011421203613,-4.484540939331055,-4.5084428787231445,0.016162343323230743,0.03125,0.1458333432674408,4.222455978393555,0.06403491646051407,34.44791793823242,25.25,-1.6394762992858887,4.474011421203613,-4.484540939331055,-4.5084428787231445,0.016162343323230743,0.03125,0.1458333432674408,4.222455978393555,0.06403491646051407,34.44791793823242,25.25,-1.6394762992858887,0.041387833654880524,9.261646270751953,64.62244415283203,0.472172349691391,4.9709391593933105,24.0
250,34.884033203125,8.368491762666963e-06,9.999999747378752e-06,0.7270953059196472,2.908381223678589,0.023615999147295952,40.576171875,0.005592627450823784,0.00019297440303489566,0.03460118919610977,-0.0002758882474154234,4.8357038497924805,4.8357038497924805,-4.838109493255615,-9.673812866210938,0.009618076495826244,0.01649436727166176,2.417851828795392e-05,-4.262442588806152,16.49231719970703,10.4026517868042,15.17602825164795,0.0,0.03739412873983383,1.0655604600906372,4.902905464172363,0.9969707727432251,0.1093699187040329,0.05832266807556152,251.0,240.9600067138672,4.999999873689376e-06,24.0,1.0,331.5238952636719,2.9971649646759033,0.034183070063591,116.1034927368164,3.6863276958465576,136.08628845214844,255.87611389160156,2.9971351623535156,4.022084712982178,0.49246835708618164,2.597644090652466,5.07649040222168,7.673149585723877,9.966852188110352,9.673812866210938,-9.801359176635742,-9.30940055847168,0.009349102154374123,0.010416666977107525,0.0520833358168602,1.859877347946167,0.4740590453147888,49.75,50.0,-8.986757278442383,-8.986757278442383,0.9851484894752502,4.9709391593933105,-5.020925045013428,-5.013178825378418,0.009534161537885666,0.010416666977107525,0.0520833358168602,4.234121799468994,0.06510362774133682,50.78125,48.0,-2.253927707672119,4.809112548828125,2.506453514099121,0.45254528522491455,0.0625,0.9375,-0.0005338708288036287,0.009999999776482582,50.5,0.0032859768252819777,0.9895833730697632,0.005989159923046827,0.9999750852584839,0.0,0.0,-7.590729236602783,509.4895935058594,4.9709391593933105,-5.020925045013428,-5.006437301635742,0.009534163400530815,0.010416666977107525,0.0520833358168602,4.234121799468994,0.06510362029075623,50.78125,49.25,-2.253927707672119,4.826958656311035,0.010416666977107525,12.05905818939209,1.0,9.999999747378752e-05,9.999999747378752e-06,4.474011421203613,-4.484540939331055,-4.5084428787231445,0.01574588008224964,0.0416666679084301,0.1458333432674408,4.222455978393555,0.06403491646051407,34.44791793823242,25.25,-1.6394762992858887,4.474011421203613,-4.484540939331055,-4.5084428787231445,0.01574588008224964,0.0416666679084301,0.1458333432674408,4.222455978393555,0.06403491646051407,34.44791793823242,25.25,-1.6394762992858887,0.04425964504480362,9.2299165725708,64.42897033691406,0.500312089920044,4.9709391593933105,24.0
260,35.176570892333984,8.881092071533203e-06,9.999999747378752e-06,0.7278385758399963,2.9113543033599854,0.02457600086927414,40.576171875,0.0059519559144973755,0.00022089466801844537,0.0354764424264431,0.0001790806563803926,4.778750419616699,4.778750419616699,-4.866738319396973,-9.645488739013672,0.010153125040233135,0.005556133575737476,2.4849501642165706e-05,-3.530653953552246,19.127893447875977,10.61938762664795,18.863786697387695,0.0,0.029187379404902458,1.091385006904602,5.090816974639893,0.9969014525413513,0.1120205670595169,0.05140764266252518,261.0,250.55999755859375,5.200000032345997e-06,24.0,1.0,331.5253601074219,2.997063159942627,0.030187392607331276,114.73966979980469,3.5621025562286377,133.82940673828125,252.1311798095703,2.9970388412475586,4.022084712982178,0.3029435873031616,2.6972482204437256,5.17344856262207,7.5750956535339355,9.966852188110352,9.673812866210938,-9.801359176635742,-9.338971138000488,0.009146894328296185,0.010416666977107525,0.0520833358168602,1.8416273593902588,0.4740590453147888,49.75,50.0,-8.986757278442383,-8.986757278442383,0.9851484894752502,4.957685470581055,-4.9709391593933105,-4.968605995178223,0.009534161537885666,0.010416666977107525,0.0520833358168602,4.238129615783691,0.06502171605825424,50.78125,48.0,-2.1956653594970703,4.809112548828125,2.506453514099121,0.45254528522491455,0.0625,0.9375,-0.0005358820781111717,0.009999999776482582,50.5,0.003487811889499426,0.9895833730697632,0.0060809277929365635,0.9999699592590332,0.0,0.0,-7.587930679321289,509.1458435058594,4.957685470581055,-4.9709391593933105,-4.995461463928223,0.009534163400530815,0.010416666977107525,0.0520833358168602,4.238129615783691,0.06502170860767365,50.78125,49.25,-2.1956653594970703,4.823073387145996,0.010416666977107525,12.18651294708252,1.0,9.999999747378752e-05,9.999999747378752e-06,4.484540939331055,-4.518913745880127,-4.523565769195557,0.014837000519037247,0.03125,0.1458333432674408,4.270108222961426,0.061814457178115845,34.520835876464844,25.75,-1.5800496339797974,4.484540939331055,-4.518913745880127,-4.523565769195557,0.014837000519037247,0.03125,0.1458333432674408,4.270108222961426,0.061814457178115845,34.520835876464844,25.75,-1.5800496339797974,0.04712098091840744,9.19916820526123,64.23588562011719,0.5212236642837524,4.957685470581055,24.0
270,34.906150817871094,8.511543455824722e-06,9.999999747378752e-06,0.7251746654510498,2.900698661804199,0.025536000728607178,40.576171875,0.005366354715079069,0.00020933753694407642,0.04088761657476425,0.0004373100819066167,5.358235836029053,5.358235836029053,-4.79155969619751,-10.149795532226562,0.009751642122864723,0.015664363279938698,2.893447526730597e-05,-4.017856121063232,20.8089599609375,11.241893768310547,14.122281074523926,0.0,0.03814975917339325,1.1200898885726929,5.27803897857666,0.9967990517616272,0.11496686190366745,0.0585324764251709,271.0,260.1600036621094,5.4000001910026185e-06,24.0,1.0,331.592041015625,2.996981382369995,0.035028863698244095,112.95556640625,3.4616036415100098,132.27023315429688,248.68740844726562,2.996955394744873,4.013927936553955,0.06661224365234375,2.5122528076171875,5.05722188949585,7.418952941894531,9.81505298614502,9.673812866210938,-9.801359176635742,-9.338971138000488,0.009349102154374123,0.010416666977107525,0.0520833358168602,1.8215597867965698,0.4740590453147888,49.75,50.0,-8.986757278442383,-8.986757278442383,0.9851484894752502,4.947707176208496,-4.957685470581055,-4.939624786376953,0.009534161537885666,0.010416666977107525,0.0520833358168602,4.266875743865967,0.05969152972102165,50.78125,48.0,-2.1376805305480957,4.860040187835693,2.506453514099121,0.4526926875114441,0.0625,0.9375,-0.0005338708288036287,0.009999999776482582,50.5,0.003526455955579877,0.9895833730697632,0.006610906682908535,0.9999697208404541,0.0,0.0,-7.586682319641113,509.04168701171875,4.947707176208496,-4.957685470581055,-4.992684364318848,0.009534163400530815,0.010416666977107525,0.0520833358168602,4.266875267028809,0.05969153344631195,50.78125,49.25,-2.1376805305480957,4.804237365722656,0.010416666977107525,11.490788459777832,1.0,9.999999747378752e-05,9.999999747378752e-06,4.474555015563965,-4.484540939331055,-4.487094402313232,0.014674108475446701,0.03125,0.1458333432674408,4.276679515838623,0.06112458556890488,34.520835876464844,25.25,-1.568164348602295,4.474555015563965,-4.484540939331055,-4.487094402313232,0.014674108475446701,0.03125,0.1458333432674408,4.276679515838623,0.06112458556890488,34.520835876464844,25.25,-1.568164348602295,0.049976665526628494,9.168962478637695,64.04341125488281,0.5462561249732971,4.947707176208496,24.0
280,34.921112060546875,8.14199484011624e-06,9.999999747378752e-06,0.7244774103164673,2.897909641265869,0.026496000587940216,40.576171875,0.0063357180915772915,0.00013565058179665357,0.023696331307291985,0.0010278623085469007,4.005901336669922,4.005901336669922,-4.840949058532715,-8.846850395202637,0.009270250797271729,0.007416337728500366,2.2433046979131177e-05,-3.147977352142334,11.456153869628906,9.380614280700684,11.425559043884277,0.0,0.046292297542095184,1.1440492868423462,5.464866638183594,0.996752142906189,0.1174260675907135,0.056998781859874725,281.0,269.760009765625,5.599999894911889e-06,24.0,1.0,331.28375244140625,2.9968996047973633,0.04134303331375122,110.36012268066406,3.365481376647949,130.92514038085938,244.65074157714844,2.996870517730713,3.768918514251709,-0.2003035545349121,2.455693244934082,4.9651007652282715,7.408565998077393,9.81505298614502,9.673812866210938,-9.801359176635742,-9.338971138000488,0.009146894328296185,0.010416666977107525,0.0520833358168602,1.7908096313476562,0.48043951392173767,49.75,50.0,-8.986757278442383,-8.986757278442383,0.9851484894752502,4.901909351348877,-4.947707176208496,-4.936473369598389,0.009520381689071655,0.010416666977107525,0.0520833358168602,4.267761707305908,0.05806149169802666,51.63541793823242,50.0,-2.0967607498168945,4.860040187835693,2.506453514099121,0.4526926875114441,0.0625,0.9375,-0.0005358820781111717,0.009999999776482582,50.5,0.0037489132955670357,0.9895833730697632,0.006709061563014984,0.9999693632125854,0.0,0.010416666977107525,-7.576158046722412,502.9270935058594,4.901909828186035,-4.947707176208496,-4.989262580871582,0.009520381689071655,0.010416666977107525,0.0520833358168602,4.267761707305908,0.05806149169802666,51.63541793823242,49.25,-2.0967607498168945,4.781284332275391,0.010416666977107525,11.11485767364502,1.0,9.999999747378752e-05,9.999999747378752e-06,4.474011421203613,-4.474555015563965,-4.520378112792969,0.014519143849611282,0.03125,0.1458333432674408,4.295745849609375,0.05177614837884903,34.54166793823242,25.75,-1.558412790298462,4.474011421203613,-4.474555015563965,-4.520378112792969,0.014519143849611282,0.03125,0.1458333432674408,4.295745849609375,0.05177614837884903,34.54166793823242,25.75,-1.558412790298462,0.052823275327682495,9.139042854309082,63.85150146484375,0.5670347809791565,4.901909828186035,24.0
290,34.93032455444336,8.33272952149855e-06,9.999999747378752e-06,0.7241706252098083,2.8966825008392334,0.027456000447273254,40.576171875,0.006259342655539513,0.00010721659054979682,0.02038910612463951,0.0007564333500340581,3.7273004055023193,3.7273004055023193,-4.7000837326049805,-8.427383422851562,0.010510949417948723,0.007795093115419149,2.161834345315583e-05,-2.330198287963867,15.807062149047852,8.726970672607422,13.159637451171875,0.0,0.04072684049606323,1.1685500144958496,5.6510396003723145,0.9967056512832642,0.119940847158432,0.06286342442035675,291.0,279.3599853515625,5.80000005356851e-06,24.0,1.0,331.39599609375,2.996811866760254,0.04147860407829285,109.13797760009766,3.276224374771118,129.4610137939453,241.87521362304688,2.996788263320923,3.5827393531799316,-0.1807544231414795,2.009089946746826,4.599210739135742,7.174932479858398,8.830682754516602,9.672873497009277,-9.673812866210938,-9.30940055847168,0.008902765810489655,0.010416666977107525,0.0520833358168602,1.7908096313476562,0.48043951392173767,49.47916793823242,49.0,-8.968605041503906,-8.968605041503906,0.9797855019569397,4.901909351348877,-4.947707176208496,-4.936473369598389,0.009520381689071655,0.010416666977107525,0.0520833358168602,4.277419090270996,0.057021137326955795,51.63541793823242,50.0,-2.002546787261963,4.809112548828125,2.462529182434082,0.45008885860443115,0.0625,0.9375,-0.001322997733950615,0.009999999776482582,50.5,0.0037759027909487486,0.9895833730697632,0.006759039591997862,0.9999673366546631,0.0,0.010416666977107525,-7.527035713195801,502.9270935058594,4.901909828186035,-4.947707176208496,-4.989262580871582,0.009520381689071655,0.010416666977107525,0.0520833358168602,4.277419090270996,0.057021137326955795,51.63541793823242,49.25,-2.002546787261963,4.789970397949219,0.010416666977107525,11.305227279663086,1.0,9.999999747378752e-05,9.999999747378752e-06,4.474011421203613,-4.474555015563965,-4.520378112792969,0.014519143849611282,0.03125,0.1458333432674408,4.316944599151611,0.05053813382983208,34.54166793823242,25.75,-1.5280981063842773,4.474011421203613,-4.474555015563965,-4.520378112792969,0.014519143849611282,0.03125,0.1458333432674408,4.316944599151611,0.05053813382983208,34.54166793823242,25.75,-1.5280981063842773,0.05566155165433884,9.10926628112793,63.66022872924805,0.5879678726196289,4.901909828186035,24.0
300,34.97650146484375,8.58306884765625e-06,9.999999747378752e-06,0.7277513146400452,2.9110052585601807,0.028416000306606293,40.576171875,0.008389612659811974,0.00037811079528182745,0.051759131252765656,-0.0007469409611076117,3.427812099456787,3.427812099456787,-4.92572021484375,-8.353532791137695,0.009022560901939869,0.0072088646702468395,2.056687299045734e-05,-3.029930353164673,18.526979446411133,8.505966186523438,14.239083290100098,0.0,0.04104962944984436,1.19536554813385,5.83660888671875,0.9966362118721008,0.12269321084022522,0.054186832159757614,301.0,288.9599914550781,6.000000212225132e-06,24.0,1.0,329.3642578125,2.9967243671417236,0.04458501562476158,108.57426452636719,3.1840715408325195,128.04827880859375,239.80661010742188,2.996699094772339,3.4590535163879395,-0.4527931213378906,1.6477513313293457,3.9642491340637207,5.8550615310668945,8.075870513916016,9.645488739013672,-9.672873497009277,-9.222651481628418,0.007936792448163033,0.010416666977107525,0.0520833358168602,1.8215597867965698,0.45367807149887085,49.75,49.0,-8.716649055480957,-8.716649055480957,0.9851484894752502,4.901909351348877,-4.92572021484375,-4.923694610595703,0.009520381689071655,0.010416666977107525,0.0416666679084301,4.290060997009277,0.05683022737503052,51.94791793823242,50.0,-1.9738874435424805,4.763067245483398,2.462529182434082,0.4479737877845764,0.0625,0.9375,-0.0013787745265290141,0.009999999776482582,50.5,0.003952117636799812,0.9895833730697632,0.006759039591997862,0.9999673366546631,0.0,0.010416666977107525,-7.5198588371276855,509.04168701171875,4.901909828186035,-4.92572021484375,-4.953768253326416,0.009520381689071655,0.010416666977107525,0.0416666679084301,4.290060997009277,0.056830234825611115,51.94791793823242,50.75,-1.9738874435424805,4.803404808044434,0.010416666977107525,11.360954284667969,1.0,9.999999747378752e-05,9.999999747378752e-06,4.474011421203613,-4.474555015563965,-4.487094402313232,0.014519143849611282,0.03125,0.1458333432674408,4.335445404052734,0.04730033874511719,34.54166793823242,25.75,-1.433083176612854,4.474011421203613,-4.474555015563965,-4.487094402313232,0.014519143849611282,0.03125,0.1458333432674408,4.335445404052734,0.04730033874511719,34.54166793823242,25.75,-1.433083176612854,0.05849038064479828,9.079890251159668,63.46950149536133,0.6050702333450317,4.901909828186035,24.0
310,34.981746673583984,8.64267349243164e-06,9.999999747378752e-06,0.7237825393676758,2.895130157470703,0.02937600016593933,40.576171875,0.011099293828010559,0.00023435745970346034,0.02245841734111309,-0.00031546465470455587,3.7901949882507324,3.7901949882507324,-4.839518070220947,-8.62971305847168,0.010154240764677525,0.005210724659264088,2.3499209419242106e-05,-2.746720790863037,10.928956985473633,8.861576080322266,10.322368621826172,0.0,0.04027589410543442,1.2242677211761475,6.021716117858887,0.9965291619300842,0.1256597489118576,0.060379333794116974,311.0,298.55999755859375,6.199999916134402e-06,24.0,1.0,329.3948974609375,2.9966232776641846,0.04486989602446556,106.86914825439453,3.0905463695526123,125.95849609375,235.91819763183594,2.9966018199920654,3.073371648788452,-0.20703530311584473,1.4301108121871948,3.3316650390625,5.493850231170654,7.153993606567383,9.549886703491211,-9.645488739013672,-9.15445613861084,0.007874779403209686,0.010416666977107525,0.0416666679084301,1.8215597867965698,0.4665483832359314,49.75,49.0,-8.619108200073242,-8.619108200073242,0.9851484894752502,4.898980617523193,-4.901909351348877,-4.910772323608398,0.009534161537885666,0.010416666977107525,0.0416666679084301,4.350741863250732,0.04719088599085808,51.94791793823242,51.0,-1.905930995941162,4.601285457611084,2.462529182434082,0.4444660544395447,0.0625,0.9375,-0.001572109293192625,0.009999999776482582,50.5,0.003965660929679871,0.9895833730697632,0.006946781650185585,0.9999666213989258,0.0,0.010416666977107525,-7.513182640075684,509.04168701171875,4.898981094360352,-4.901909828186035,-4.953225135803223,0.009534163400530815,0.010416666977107525,0.0416666679084301,4.350742340087891,0.047190889716148376,51.94791793823242,50.75,-1.905930995941162,4.803404808044434,0.010416666977107525,11.116495132446289,1.0,9.999999747378752e-05,9.999999747378752e-06,4.473542213439941,-4.474011421203613,-4.477745056152344,0.014519143849611282,0.03125,0.1458333432674408,4.346429347991943,0.04730033874511719,34.520835876464844,25.75,-1.433083176612854,4.473542213439941,-4.474011421203613,-4.477745056152344,0.014519143849611282,0.03125,0.1458333432674408,4.346429347991943,0.04730033874511719,34.520835876464844,25.75,-1.433083176612854,0.06131118908524513,9.05063247680664,63.27931213378906,0.6175851225852966,4.898981094360352,24.0
320,35.10224533081055,8.368491762666963e-06,9.999999747378752e-06,0.7247948050498962,2.899179220199585,0.03033600002527237,40.576171875,0.008647398091852665,0.0002260519831907004,0.029843498021364212,-0.0001833614514907822,4.703948020935059,4.703948020935059,-4.828709602355957,-9.532657623291016,0.009840230457484722,0.011888827197253704,3.010526779689826e-05,-3.7103025913238525,15.441913604736328,11.604223251342773,13.591133117675781,0.0,0.04739043489098549,1.2484104633331299,6.206311225891113,0.9964920282363892,0.12813778221607208,0.05978597328066826,321.0,308.1600036621094,6.4000000747910235e-06,24.0,1.0,330.0858154296875,2.9965269565582275,0.04276144877076149,103.8000717163086,3.0030269622802734,123.37348175048828,230.17657470703125,2.9965038299560547,3.2330100536346436,-0.20128107070922852,1.5050631761550903,3.57726788520813,5.495129108428955,7.536293983459473,9.532657623291016,-9.549886703491211,-9.222651481628418,0.007874779403209686,0.010416666977107525,0.0416666679084301,1.7908096313476562,0.48043951392173767,49.75,48.0,-8.619108200073242,-8.619108200073242,0.9851484894752502,4.896531581878662,-4.898980617523193,-4.904941558837891,0.009534161537885666,0.010416666977107525,0.0416666679084301,4.354014873504639,0.04687583073973656,52.09375,51.0,-1.8300111293792725,4.2038092613220215,2.462529182434082,0.44110769033432007,0.0625,0.9375,-0.001572109293192625,0.009999999776482582,50.5,0.0042449701577425,1.0,0.006946781650185585,0.9999666213989258,0.0,0.010416666977107525,-7.513182640075684,509.04168701171875,4.896531105041504,-4.898981094360352,-4.945125102996826,0.009534163400530815,0.010416666977107525,0.0416666679084301,4.354015350341797,0.046875834465026855,52.093753814697266,51.0,-1.830011010169983,4.81878662109375,0.010416666977107525,11.416001319885254,1.0,9.999999747378752e-05,9.999999747378752e-06,4.466477394104004,-4.474011421203613,-4.473438739776611,0.01450834795832634,0.03125,0.1354166716337204,4.362898826599121,0.04667637497186661,34.520835876464844,25.75,-1.4191627502441406,4.466477394104004,-4.474011421203613,-4.473438739776611,0.01450834795832634,0.03125,0.1354166716337204,4.362898826599121,0.04667637497186661,34.520835876464844,25.75,-1.4191627502441406,0.0641239807009697,9.021730422973633,63.08964538574219,0.6354675889015198,4.896531105041504,24.0
330,35.188697814941406,8.368491762666963e-06,9.999999747378752e-06,0.7244561910629272,2.897824764251709,0.03129599988460541,40.576171875,0.008697887882590294,0.0005858507938683033,0.07226984202861786,5.77838254685048e-05,5.061592102050781,5.061592102050781,-4.779953956604004,-9.841545104980469,0.011047067120671272,0.01076476275920868,3.340650800964795e-05,-4.047147274017334,14.921751022338867,11.905155181884766,14.680027961730957,0.0,0.04357169196009636,1.2780617475509644,6.390249729156494,0.9963700771331787,0.13118121027946472,0.058105725795030594,331.0,317.760009765625,6.599999778700294e-06,24.0,1.0,330.92919921875,2.9964396953582764,0.04563385620713234,100.72018432617188,2.9223432540893555,120.82974243164062,224.47227478027344,2.9964077472686768,3.81731915473938,0.008285999298095703,1.9238320589065552,4.236664772033691,6.770671844482422,9.754721641540527,9.549886703491211,-9.645488739013672,-9.222651481628418,0.007874779403209686,0.010416666977107525,0.0416666679084301,1.7796934843063354,0.49968934059143066,49.75,48.0,-8.788414001464844,-8.788414001464844,0.9851484894752502,4.866738319396973,-4.896531581878662,-4.902365684509277,0.009618076495826244,0.010416666977107525,0.0520833358168602,4.3598833084106445,0.04673726111650467,51.94791793823242,51.0,-1.8008530139923096,4.601285457611084,2.506453514099121,0.4444660544395447,0.0520833358168602,0.9375,-0.001572109293192625,0.009999999776482582,50.5,0.004403599537909031,1.0,0.006946781650185585,0.9999666213989258,0.0,0.010416666977107525,-7.513182640075684,509.04168701171875,4.866738319396973,-4.896531105041504,-4.936939239501953,0.009618076495826244,0.010416666977107525,0.0520833358168602,4.3598833084106445,0.04673726111650467,51.94791793823242,50.75,-1.8008530139923096,4.827335357666016,0.010416666977107525,11.580941200256348,1.0,9.999999747378752e-05,9.999999747378752e-06,4.466253280639648,-4.466477394104004,-4.457326412200928,0.01450834795832634,0.03125,0.1458333432674408,4.378879547119141,0.04589385166764259,34.44791793823242,25.75,-1.3464312553405762,4.466253280639648,-4.466477394104004,-4.457326412200928,0.01450834795832634,0.03125,0.1458333432674408,4.378879547119141,0.04589385166764259,34.44791793823242,25.75,-1.3464312553405762,0.06692910939455032,8.992631912231445,62.90066909790039,0.6500189900398254,4.866738319396973,24.0
340,34.9604606628418,8.702278137207031e-06,9.999999747378752e-06,0.7290165424346924,2.9160661697387695,0.032255999743938446,40.576171875,0.0069778235629200935,0.00032405342790298164,0.04728177189826965,-0.0003505030181258917,5.243722438812256,5.243722438812256,-4.813483238220215,-10.057205200195312,0.009445255622267723,0.0034604943357408047,3.5657310945680365e-05,-2.0772852897644043,20.790271759033203,13.190977096557617,19.07621955871582,0.0,0.039413776248693466,1.3063921928405762,6.573734283447266,0.996262788772583,0.13408906757831573,0.059403177350759506,341.0,327.3599853515625,6.799999937356915e-06,24.0,1.0,331.1515197753906,2.9963412284851074,0.0422324538230896,98.26741027832031,2.843061923980713,118.07960510253906,219.19007873535156,2.9963085651397705,4.140568256378174,0.3971889019012451,2.3533291816711426,4.483190536499023,7.510637283325195,10.56147575378418,9.645488739013672,-9.673812866210938,-9.31333065032959,0.007795093115419149,0.010416666977107525,0.0416666679084301,1.7539581060409546,0.5035282373428345,49.75,48.0,-8.968605041503906,-8.968605041503906,0.9851484894752502,4.849303245544434,-4.866738319396973,-4.882085800170898,0.009618076495826244,0.010416666977107525,0.0520833358168602,4.377579689025879,0.046569667756557465,52.09375,51.0,-1.7703914642333984,4.708019733428955,2.5121896266937256,0.4652806222438812,0.0625,0.9375,-0.0018136961152777076,0.009999999776482582,50.5,0.0044700391590595245,1.0,0.007093778345733881,0.9999665021896362,0.0,0.010416666977107525,-7.513182640075684,509.04168701171875,4.849303245544434,-4.866738319396973,-4.936227798461914,0.009618076495826244,0.010416666977107525,0.0520833358168602,4.377579689025879,0.046569667756557465,52.093753814697266,50.75,-1.770391583442688,4.813483238220215,0.0,11.08210277557373,1.0,9.999999747378752e-05,9.999999747378752e-06,4.466253280639648,-4.466477394104004,-4.457326412200928,0.014257512055337429,0.03125,0.1354166716337204,4.397341728210449,0.04470105096697807,34.44791793823242,25.75,-1.309222936630249,4.466253280639648,-4.466477394104004,-4.457326412200928,0.014257512055337429,0.03125,0.1354166716337204,4.397341728210449,0.04470105096697807,34.44791793823242,25.75,-1.309222936630249,0.0697239488363266,8.96405029296875,62.71215057373047,0.6644687652587891,4.849303245544434,24.0
350,36.625221252441406,9.453297025174834e-06,9.999999747378752e-06,0.7224041819572449,2.8896167278289795,0.033215999603271484,40.576171875,0.0051814718171954155,0.0003276308998465538,0.06736601144075394,-0.0004115547926630825,4.503719329833984,4.503719329833984,-4.74104642868042,-9.244766235351562,0.010777048766613007,0.010540558956563473,3.1526036764262244e-05,-3.34694242477417,17.412912368774414,12.2071533203125,14.471806526184082,0.0,0.031940754503011703,1.3307132720947266,6.756632328033447,0.9962180256843567,0.13658539950847626,0.056281160563230515,351.0,336.9599914550781,7.000000096013537e-06,24.0,1.0,331.5172424316406,2.9962456226348877,0.039413776248693466,96.98316192626953,2.769087076187134,115.59539031982422,215.34764099121094,2.9962120056152344,4.326442718505859,-0.13475775718688965,2.199094772338867,4.508169174194336,7.31381893157959,10.454082489013672,9.645488739013672,-9.673812866210938,-9.13888931274414,0.007795093115419149,0.010416666977107525,0.0416666679084301,1.7405222654342651,0.5061607360839844,49.47916793823242,48.0,-8.968605041503906,-8.968605041503906,0.9797855019569397,4.840949058532715,-4.849303245544434,-4.882085800170898,0.009751642122864723,0.010416666977107525,0.0416666679084301,4.388920783996582,0.04655639827251434,52.09375,51.0,-1.7543754577636719,4.722762584686279,2.6090188026428223,0.4688208997249603,0.0625,0.9375,-0.0018136961152777076,0.009999999776482582,50.5,0.004678848199546337,1.0,0.007173460908234119,0.9999665021896362,0.0,0.0,-7.513182640075684,509.4895935058594,4.840949058532715,-4.849303245544434,-4.928079128265381,0.009751642122864723,0.010416666977107525,0.0416666679084301,4.388920307159424,0.04655639827251434,52.093753814697266,50.75,-1.7543754577636719,4.783878326416016,0.010416666977107525,11.02980899810791,1.0,9.999999747378752e-05,9.999999747378752e-06,4.433947563171387,-4.466253280639648,-4.449554920196533,0.014257512055337429,0.03125,0.1354166716337204,4.404535293579102,0.044155556708574295,34.427085876464844,25.25,-1.3064169883728027,4.433947563171387,-4.466253280639648,-4.449554920196533,0.014257512055337429,0.03125,0.1354166716337204,4.404535293579102,0.044155556708574295,34.427085876464844,25.25,-1.3064169883728027,0.07251204550266266,8.935478210449219,62.52424240112305,0.6755924224853516,4.840949058532715,24.0
360,36.314178466796875,9.047985258803237e-06,9.999999747378752e-06,0.7260158061981201,2.9040632247924805,0.03417599946260452,40.576171875,0.005763846915215254,0.0002943816944025457,0.05298634618520737,-0.00035333813866600394,5.372851848602295,5.372851848602295,-4.801880359649658,-10.174732208251953,0.009925148449838161,0.010673071257770061,3.86845349567011e-05,-3.3112385272979736,19.794483184814453,13.347789764404297,17.79142189025879,0.0,0.03149191662669182,1.3558681011199951,6.938951015472412,0.9961601495742798,0.13916730880737305,0.05826050788164139,361.0,346.55999755859375,7.199999799922807e-06,24.0,1.0,331.61480712890625,2.996166706085205,0.04323093593120575,96.91259765625,2.7098898887634277,113.93302917480469,213.54397583007812,2.9961323738098145,4.371482849121094,-0.15480947494506836,2.112570285797119,4.508169174194336,7.31381893157959,10.300518035888672,9.645488739013672,-9.673812866210938,-9.31333065032959,0.007795093115419149,0.0,0.0416666679084301,1.7133020162582397,0.5061863660812378,48.520835876464844,47.0,-8.986757278442383,-8.986757278442383,0.9608086347579956,4.839518070220947,-4.840949058532715,-4.853849411010742,0.009751642122864723,0.010416666977107525,0.0416666679084301,4.388920783996582,0.04655639827251434,51.63541793823242,51.0,-1.7543754577636719,4.722762584686279,2.633617639541626,0.4751264750957489,0.0520833358168602,0.9375,-0.0018136961152777076,0.009999999776482582,50.5,0.0048349774442613125,0.9895833730697632,0.007244305685162544,0.9999651908874512,0.0,0.0,-7.5198588371276855,498.4583435058594,4.8395185470581055,-4.840949058532715,-4.89890193939209,0.009751642122864723,0.010416666977107525,0.0416666679084301,4.388920307159424,0.04655639827251434,51.63541793823242,49.25,-1.7543754577636719,4.778878688812256,0.010416666977107525,10.84256649017334,1.0,9.999999747378752e-05,9.999999747378752e-06,4.426018714904785,-4.433947563171387,-4.448681831359863,0.014257512055337429,0.03125,0.1354166716337204,4.405157089233398,0.044155556708574295,34.083335876464844,25.25,-1.3064169883728027,4.426018714904785,-4.433947563171387,-4.448681831359863,0.014257512055337429,0.03125,0.1354166716337204,4.405157089233398,0.044155556708574295,34.083335876464844,25.25,-1.3064169883728027,0.07529117912054062,8.906608581542969,62.33701705932617,0.6843703985214233,4.8395185470581055,24.0
370,35.70332336425781,9.274483090848662e-06,9.999999747378752e-06,0.7243107557296753,2.897243022918701,0.03513599932193756,40.576171875,0.006296948529779911,0.0004071348812431097,0.06888945400714874,-0.0005352504085749388,5.1632280349731445,5.1632280349731445,-4.732254981994629,-9.895482063293457,0.009918424300849438,0.004958534147590399,3.8207886973395944e-05,-2.8526551723480225,17.56222152709961,12.145841598510742,15.91341781616211,0.0,0.047160014510154724,1.3818010091781616,7.120750427246094,0.9960896968841553,0.14182908833026886,0.05558265000581741,371.0,356.1600036621094,7.3999999585794285e-06,24.0,1.0,332.4078369140625,2.9961185455322266,0.04376281425356865,96.77806091308594,2.6703853607177734,112.73924255371094,212.18768310546875,2.996077060699463,4.41236686706543,0.3511824607849121,2.4926187992095947,4.87974739074707,7.603555679321289,10.831120491027832,9.645488739013672,-9.673812866210938,-9.31333065032959,0.007795093115419149,0.0,0.0416666679084301,1.7130353450775146,0.5061863660812378,48.19791793823242,47.0,-8.986757278442383,-8.986757278442383,0.9544141888618469,4.838109493255615,-4.839518070220947,-4.84871768951416,0.009840230457484722,0.010416666977107525,0.0520833358168602,4.397952556610107,0.044721007347106934,50.78125,50.0,-1.7196300029754639,4.722762584686279,2.636732816696167,0.4769406318664551,0.0520833358168602,0.9375,-0.0018136961152777076,0.009999999776482582,50.5,0.004863217938691378,0.9895833730697632,0.007379794027656317,0.9999599456787109,0.0,0.0,-7.5211896896362305,497.2083435058594,4.838109493255615,-4.8395185470581055,-4.875725746154785,0.009840230457484722,0.010416666977107525,0.0520833358168602,4.397953033447266,0.04472101107239723,50.78125,49.25,-1.7196298837661743,4.780364990234375,0.0,10.575407981872559,1.0,9.999999747378752e-05,9.999999747378752e-06,4.410111427307129,-4.426018714904785,-4.441398620605469,0.014257512055337429,0.03125,0.1458333283662796,4.40763521194458,0.04407957196235657,33.0625,25.25,-1.2955931425094604,4.410111427307129,-4.426018714904785,-4.441398620605469,0.014257512055337429,0.03125,0.1458333283662796,4.40763521194458,0.04407957196235657,33.0625,25.25,-1.2955931425094604,0.07806012034416199,8.878437042236328,62.15019226074219,0.6979678273200989,4.838109493255615,24.0
380,35.69071960449219,9.059906005859375e-06,9.999999747378752e-06,0.7256972789764404,2.9027891159057617,0.0360959991812706,40.576171875,0.00641056802123785,0.000468178594019264,0.08548028022050858,-8.137374243233353e-05,5.699283123016357,5.699283123016357,-4.840175628662109,-10.539459228515625,0.009293738752603531,0.0063577983528375626,4.331455420469865e-05,-2.5784401893615723,25.282272338867188,13.29745864868164,23.491777420043945,0.0,0.06069004163146019,1.4044502973556519,7.302005290985107,0.9960733652114868,0.14415381848812103,0.056454192847013474,381.0,365.760009765625,7.60000011723605e-06,24.0,1.0,332.2127990722656,2.9960827827453613,0.041718967258930206,96.18030548095703,2.6417222023010254,111.58383178710938,210.40585327148438,2.996035099029541,4.589441299438477,0.5315825939178467,2.8349618911743164,5.30570125579834,8.531269073486328,11.474589347839355,9.645488739013672,-9.673812866210938,-9.340797424316406,0.007416337728500366,0.0,0.0416666679084301,1.7130353450775146,0.5061863660812378,48.19791793823242,47.0,-8.986757278442383,-8.986757278442383,0.9544141888618469,4.838109493255615,-4.839518070220947,-4.835453987121582,0.009751642122864723,0.010416666977107525,0.0416666679084301,4.3999457359313965,0.04369206354022026,51.63541793823242,51.0,-1.7074460983276367,4.722762584686279,2.6620726585388184,0.4782252013683319,0.0520833358168602,0.9375,-0.0018539134180173278,0.009999999776482582,50.5,0.005004432983696461,0.9895833730697632,0.007832018658518791,0.9999582171440125,0.0,0.0,-7.527035713195801,492.35418701171875,4.838109493255615,-4.8395185470581055,-4.871738910675049,0.009751642122864723,0.010416666977107525,0.0416666679084301,4.3999457359313965,0.04369206354022026,51.63541793823242,51.0,-1.7074460983276367,4.768835544586182,0.010416666977107525,10.518706321716309,1.0,9.999999747378752e-05,9.999999747378752e-06,4.410111427307129,-4.433947563171387,-4.448681831359863,0.01404295489192009,0.03125,0.1354166716337204,4.408294200897217,0.04268590360879898,34.083335876464844,25.5,-1.2702603340148926,4.410111427307129,-4.433947563171387,-4.448681831359863,0.01404295489192009,0.03125,0.1354166716337204,4.408294200897217,0.04268590360879898,34.083335876464844,25.5,-1.2702603340148926,0.08082322776317596,8.84972095489502,61.964019775390625,0.7035573124885559,4.838109493255615,24.0
390,35.043487548828125,9.2864038379048e-06,9.999999747378752e-06,0.7224143743515015,2.889657497406006,0.03705599904060364,40.576171875,0.0067363642156124115,0.00037958886241540313,0.0597757026553154,-0.00017631225637160242,6.059503078460693,6.059503078460693,-4.949028968811035,-11.008532524108887,0.008227420970797539,0.0033020302653312683,4.726412589661777e-05,-2.6224780082702637,19.242938995361328,18.196876525878906,18.466880798339844,0.0,0.034641869366168976,1.4311786890029907,7.482793807983398,0.9959858655929565,0.14689724147319794,0.05380150303244591,391.0,375.3599853515625,7.800000275892671e-06,24.0,1.0,332.97528076171875,2.9960365295410156,0.03928716853260994,95.92166900634766,2.6114208698272705,110.51889038085938,209.0148162841797,2.995990514755249,4.822485446929932,0.6896240711212158,2.8970487117767334,5.361354827880859,8.762638092041016,12.511646270751953,9.645488739013672,-9.673812866210938,-9.340797424316406,0.007416337728500366,0.0,0.0416666679084301,1.7130353450775146,0.5061863660812378,48.19791793823242,47.0,-8.986757278442383,-8.986757278442383,0.9544141888618469,4.838109493255615,-4.839518070220947,-4.835453987121582,0.009751642122864723,0.010416666977107525,0.0416666679084301,4.3999457359313965,0.044721007347106934,51.63541793823242,51.0,-1.7074460983276367,4.722762584686279,2.6399729251861572,0.4782252013683319,0.0625,0.9375,-0.0018539134180173278,0.009999999776482582,50.5,0.005004432983696461,0.9895833730697632,0.007924755103886127,0.9999576807022095,0.0,0.0,-7.527035713195801,492.35418701171875,4.838109493255615,-4.8395185470581055,-4.871738910675049,0.009751642122864723,0.010416666977107525,0.0416666679084301,4.3999457359313965,0.04472101107239723,51.63541793823242,51.0,-1.7074460983276367,4.761303901672363,0.010416666977107525,10.615467071533203,1.0,9.999999747378752e-05,9.999999747378752e-06,4.410111427307129,-4.433947563171387,-4.449554920196533,0.01404295489192009,0.03125,0.1354166716337204,4.408294200897217,0.04268590360879898,34.083335876464844,25.5,-1.2702603340148926,4.410111427307129,-4.433947563171387,-4.449554920196533,0.01404295489192009,0.03125,0.1354166716337204,4.408294200897217,0.04268590360879898,34.083335876464844,25.5,-1.2702603340148926,0.08357664942741394,8.820345878601074,61.77845001220703,0.7140132784843445,4.838109493255615,24.0
400,35.15544509887695,9.381770723848604e-06,9.999999747378752e-06,0.7243501543998718,2.8974006175994873,0.038015998899936676,40.576171875,0.009983470663428307,0.0010327583877369761,0.10778895765542984,6.022598972776905e-05,5.754698753356934,5.754698753356934,-4.7512006759643555,-10.505899429321289,0.00997985526919365,0.018591811880469322,4.603758861776441e-05,-3.475675344467163,24.63823699951172,15.073274612426758,23.64689826965332,0.0,0.04281539469957352,1.4573149681091309,7.662966251373291,0.9959121346473694,0.14957989752292633,0.05307678133249283,401.0,384.9599914550781,7.999999979801942e-06,24.0,1.0,333.1242980957031,2.9959921836853027,0.037116773426532745,95.92025756835938,2.57743239402771,109.84556579589844,208.37181091308594,2.9959397315979004,4.831345081329346,0.7373735904693604,2.786195993423462,5.024774074554443,8.209890365600586,12.511646270751953,9.645488739013672,-9.673812866210938,-9.31333065032959,0.007795093115419149,0.0,0.0416666679084301,1.7130353450775146,0.5061863660812378,48.19791793823242,47.0,-8.986757278442383,-8.986757278442383,0.9544141888618469,4.828709602355957,-4.838109493255615,-4.834935188293457,0.009840230457484722,0.010416666977107525,0.0416666679084301,4.40304708480835,0.04369206354022026,51.63541793823242,51.0,-1.6998498439788818,4.722762584686279,2.6399729251861572,0.4782252013683319,0.0625,0.9375,-0.0018136961152777076,0.009999999776482582,50.5,0.005004432983696461,0.9895833730697632,0.008044379763305187,0.9999576807022095,0.0,0.0,-7.527035713195801,492.35418701171875,4.828709602355957,-4.838109493255615,-4.835541725158691,0.009840230457484722,0.010416666977107525,0.0416666679084301,4.40304708480835,0.04369206354022026,51.63541793823242,49.25,-1.6998498439788818,4.764823913574219,0.010416666977107525,10.3548002243042,1.0,9.999999747378752e-05,9.999999747378752e-06,4.410111427307129,-4.433947563171387,-4.457326412200928,0.013961447402834892,0.03125,0.1354166716337204,4.4132304191589355,0.04257550835609436,34.083335876464844,26.25,-1.2374460697174072,4.410111427307129,-4.433947563171387,-4.457326412200928,0.013961447402834892,0.03125,0.1354166716337204,4.4132304191589355,0.04257550835609436,34.083335876464844,26.25,-1.2374460697174072,0.0863211452960968,8.79179859161377,61.59334182739258,0.7317276000976562,4.828709602355957,24.0
410,35.264591217041016,8.487701052217744e-06,9.999999747378752e-06,0.7264633774757385,2.905853509902954,0.038975998759269714,40.576171875,0.005949562415480614,0.0004952670424245298,0.09252279996871948,-0.00021973659750074148,4.815434455871582,4.815434455871582,-4.773029804229736,-9.588464736938477,0.010285498574376106,0.013032129034399986,3.948656012653373e-05,-4.3433661460876465,20.742603302001953,12.813533782958984,20.343229293823242,0.0,0.03515524044632912,1.4857614040374756,7.842517375946045,0.9957980513572693,0.15249966084957123,0.057365402579307556,411.0,394.55999755859375,8.199999683711212e-06,24.0,1.0,332.4255065917969,2.995936870574951,0.03986773639917374,95.9250259399414,2.5454695224761963,109.48017120361328,207.95066833496094,2.9958913326263428,4.486438274383545,0.5183320045471191,2.5313940048217773,4.976929664611816,7.746462821960449,11.757238388061523,9.645488739013672,-9.673812866210938,-9.31333065032959,0.007795093115419149,0.010416666977107525,0.0520833358168602,1.6518383026123047,0.5304476618766785,48.19791793823242,47.0,-8.986757278442383,-8.986757278442383,0.9544141888618469,4.813483238220215,-4.828709602355957,-4.834935188293457,0.009840230457484722,0.010416666977107525,0.0520833358168602,4.413318634033203,0.04200106859207153,51.63541793823242,51.0,-1.647812843322754,4.949502468109131,2.6620726585388184,0.48059791326522827,0.0625,0.9375,-0.0018136961152777076,0.009999999776482582,50.5,0.005004432983696461,0.9895833730697632,0.008070241659879684,0.9999576807022095,0.0,0.0,-7.527035713195801,492.35418701171875,4.813483238220215,-4.828709602355957,-4.835541725158691,0.009840230457484722,0.010416666977107525,0.0520833358168602,4.413318634033203,0.04200107231736183,51.63541793823242,49.25,-1.647812843322754,4.7728352546691895,0.010416666977107525,10.181964874267578,1.0,9.999999747378752e-05,9.999999747378752e-06,4.433947563171387,-4.439228534698486,-4.457326412200928,0.013907619751989841,0.03125,0.1354166716337204,4.413856029510498,0.04156477004289627,34.22916793823242,25.5,-1.214737057685852,4.433947563171387,-4.439228534698486,-4.457326412200928,0.013907619751989841,0.03125,0.1354166716337204,4.413856029510498,0.04156477004289627,34.22916793823242,25.5,-1.214737057685852,0.08905880898237228,8.763166427612305,61.408748626708984,0.748412013053894,4.813483238220215,24.0
420,36.1209716796875,8.869171324477065e-06,9.999999747378752e-06,0.7258745431900024,2.9034981727600098,0.03993599861860275,40.576171875,0.006190265994518995,0.0018779151141643524,0.32744550704956055,9.761526598595083e-05,5.1194281578063965,5.1194281578063965,-4.751827716827393,-9.871255874633789,0.010223586112260818,0.007928497157990932,4.300319778849371e-05,-3.5040485858917236,26.591983795166016,12.21207332611084,20.362606048583984,0.0,0.033092398196458817,1.5142009258270264,8.021656036376953,0.9956735968589783,0.15541870892047882,0.05588078871369362,421.0,404.1600036621094,8.400000297115184e-06,24.0,1.0,331.52667236328125,2.9958748817443848,0.039884116500616074,95.77613067626953,2.5114314556121826,108.9820327758789,207.26959228515625,2.995837688446045,4.254139423370361,0.38965582847595215,2.323136329650879,4.663474082946777,7.061769485473633,10.539306640625,9.673812866210938,-9.841545104980469,-9.31333065032959,0.007928497157990932,0.010416666977107525,0.0520833358168602,1.58285653591156,0.5348087549209595,48.489585876464844,48.0,-9.165946960449219,-9.165946960449219,0.9601898193359375,4.802226543426514,-4.813483238220215,-4.834935188293457,0.0098829735070467,0.0,0.0416666679084301,4.413318634033203,0.04200106859207153,50.69791793823242,51.0,-1.647812843322754,4.974207878112793,2.7128658294677734,0.48374348878860474,0.0520833358168602,0.9375,-0.0018136961152777076,0.009999999776482582,50.5,0.005250804126262665,0.9895833730697632,0.008248372003436089,0.9999563694000244,0.0,0.0,-7.527035713195801,497.2083435058594,4.802226543426514,-4.813483238220215,-4.835541725158691,0.009882972575724125,0.0,0.0416666679084301,4.413318634033203,0.04200107231736183,50.69791793823242,49.0,-1.647812843322754,4.751827239990234,0.010416666977107525,10.326868057250977,1.0,9.999999747378752e-05,9.999999747378752e-06,4.418527603149414,-4.433947563171387,-4.449554920196533,0.013907619751989841,0.03125,0.125,4.415067672729492,0.041206859052181244,34.083335876464844,25.5,-1.1793583631515503,4.418527603149414,-4.433947563171387,-4.449554920196533,0.013907619751989841,0.03125,0.125,4.415067672729492,0.041206859052181244,34.083335876464844,25.5,-1.1793583631515503,0.09178890287876129,8.734936714172363,61.22480773925781,0.7649182081222534,4.802226543426514,24.0
430,35.56951141357422,8.344650268554688e-06,9.999999747378752e-06,0.7223281264305115,2.889312505722046,0.04089599847793579,40.576171875,0.008335625752806664,0.0005418151267804205,0.06609450280666351,0.0003653281310107559,4.876119136810303,4.876119136810303,-4.815936088562012,-9.69205379486084,0.009633646346628666,0.014693643897771835,4.193462518742308e-05,-3.1169838905334473,25.782913208007812,9.575185775756836,17.508567810058594,0.0,0.04451785609126091,1.537925362586975,8.200186729431152,0.9956475496292114,0.15785379707813263,0.059694159775972366,431.0,413.760009765625,8.600000001024455e-06,24.0,1.0,330.6307373046875,2.9958181381225586,0.04637536406517029,95.11807250976562,2.4772820472717285,108.6834716796875,206.27882385253906,2.9957823753356934,3.953792095184326,0.18256402015686035,2.0155396461486816,4.367123126983643,6.715366363525391,9.474869728088379,9.69205379486084,-9.841545104980469,-9.340797424316406,0.007928497157990932,0.010416666977107525,0.0416666679084301,1.58285653591156,0.5348087549209595,48.864585876464844,48.0,-9.165946960449219,-9.165946960449219,0.96761554479599,4.813483238220215,-4.815936088562012,-4.834935188293457,0.009840230457484722,0.0,0.0520833358168602,4.421050071716309,0.041793882846832275,52.09375,51.0,-1.5783637762069702,4.974207878112793,2.7128658294677734,0.48374348878860474,0.0625,0.9375,-0.0018136961152777076,0.009999999776482582,50.5,0.005308237858116627,0.9895833730697632,0.008281609043478966,0.9999563694000244,0.0,0.010416666977107525,-7.527035713195801,497.2083435058594,4.813483238220215,-4.815936088562012,-4.851247787475586,0.009840230457484722,0.0,0.0520833358168602,4.421050071716309,0.041793886572122574,52.093753814697266,51.0,-1.5783636569976807,4.745741367340088,0.010416666977107525,10.747065544128418,1.0,9.999999747378752e-05,9.999999747378752e-06,4.433947563171387,-4.439228534698486,-4.457326412200928,0.013803252018988132,0.03125,0.1354166716337204,4.418177604675293,0.040462929755449295,34.22916793823242,26.25,-1.1793583631515503,4.433947563171387,-4.439228534698486,-4.457326412200928,0.013803252018988132,0.03125,0.1354166716337204,4.418177604675293,0.040462929755449295,34.22916793823242,26.25,-1.1793583631515503,0.09450928121805191,8.707046508789062,61.041324615478516,0.779639720916748,4.813483238220215,24.0
440,25.7026309967041,9.679793947725557e-06,9.999999747378752e-06,1.1331592798233032,4.532637119293213,0.04214400053024292,40.48046875,0.006181469187140465,0.0004107016429770738,0.07117532193660736,0.001230809953995049,5.50019645690918,5.50019645690918,-4.7646894454956055,-10.264886856079102,0.00991715770214796,0.008856872096657753,4.8401725507574156e-05,-4.612629413604736,26.71694564819336,12.381538391113281,14.84913158416748,0.0,0.044383469969034195,1.5665467977523804,8.378162384033203,0.9955265522003174,0.1607915312051773,0.06393557041883469,441.0,423.3599853515625,8.799999704933725e-06,24.0,1.0,330.81268310546875,2.9957540035247803,0.04895090311765671,93.21041870117188,2.432671546936035,108.52237701416016,204.16546630859375,2.995706558227539,4.06848669052124,1.058153510093689,2.559497833251953,4.129706382751465,6.938410758972168,9.879314422607422,10.264886856079102,-10.264886856079102,-10.081496238708496,0.008856872096657753,0.010416666977107525,0.02083333395421505,1.366342306137085,0.6281887888908386,51.13541793823242,52.0,-9.696257591247559,-9.696257591247559,1.012582540512085,4.7646894454956055,-4.7646894454956055,-4.83627986907959,0.00991715770214796,0.010416666977107525,0.03125,4.4527130126953125,0.034770417958498,51.21875,52.0,-1.3707447052001953,5.37574577331543,3.180302143096924,0.5226202011108398,0.0625,0.9375,-0.0010602856054902077,0.009999999776482582,50.5,0.006710922345519066,1.0,0.010424487292766571,0.9999293088912964,0.0,0.0,-7.590425968170166,529.9896240234375,4.7646894454956055,-4.7646894454956055,-4.837517738342285,0.00991715770214796,0.010416666977107525,0.03125,4.4527130126953125,0.034770417958498,51.218753814697266,53.0,-1.3707448244094849,4.7646894454956055,0.0,10.241049766540527,1.0,9.999999747378752e-05,9.999999747378752e-06,4.473273754119873,-4.473273754119873,-4.5381059646606445,0.013569178059697151,0.0416666679084301,0.1041666641831398,4.426175117492676,0.04956366866827011,35.583335876464844,27.0,-1.4275366067886353,4.473273754119873,-4.473273754119873,-4.5381059646606445,0.013569178059697151,0.0416666679084301,0.1041666641831398,4.426175117492676,0.04956366866827011,35.583335876464844,27.0,-1.4275366067886353,0.12390972673892975,8.431565284729004,59.23689651489258,0.9018978476524353,4.7646894454956055,24.0
450,23.55550193786621,7.104873475327622e-06,9.999999747378752e-06,1.1073532104492188,4.429412841796875,0.04281599819660187,40.966796875,0.00606172438710928,0.0004107016429770738,0.07117532193660736,-7.856763841118664e-05,8.443354606628418,8.443354606628418,-4.760237693786621,-13.203590393066406,0.01012558862566948,0.01203516498208046,7.59902031859383e-05,-3.7919297218322754,28.483108520507812,22.22494125366211,23.859760284423828,0.0,0.07727038860321045,1.5665467977523804,8.378162384033203,0.9953673481941223,0.1607915312051773,0.05965215340256691,441.0,432.9599914550781,9.000000318337698e-06,24.0,1.0,333.1787109375,2.9957544803619385,0.049959536641836166,92.8408203125,2.4315073490142822,108.39653778076172,203.6686553955078,2.995703935623169,5.183616638183594,1.058153510093689,2.559767723083496,4.948159217834473,7.526866436004639,10.770954132080078,10.264886856079102,-13.203590393066406,-11.888649940490723,0.008856872096657753,0.010416666977107525,0.02083333395421505,1.025264859199524,0.6281887888908386,51.13541793823242,52.0,-12.700157165527344,-12.700157165527344,1.012582540512085,4.760237693786621,-4.7646894454956055,-4.83627986907959,0.00991715770214796,0.010416666977107525,0.03125,4.419797420501709,0.034770417958498,48.645835876464844,47.0,-1.469346046447754,5.37574577331543,3.065394878387451,0.5226202011108398,0.0520833358168602,0.9375,-0.0010602856054902077,0.009999999776482582,50.5,0.006529743317514658,0.9895833730697632,0.010424487292766571,0.999918520450592,0.0,0.0,-7.590425968170166,453.28125,4.760237693786621,-4.7646894454956055,-4.837517738342285,0.00991715770214796,0.010416666977107525,0.03125,4.419797420501709,0.034770417958498,48.645835876464844,46.75,-1.469346046447754,4.760237216949463,0.010416666977107525,10.124034881591797,1.0,9.999999747378752e-05,9.999999747378752e-06,4.402531623840332,-4.473273754119873,-4.5381059646606445,0.013569178059697151,0.010416666977107525,0.0729166716337204,4.426175117492676,0.037280645221471786,30.864585876464844,23.0,-1.4275366067886353,4.402531623840332,-4.473273754119873,-4.5381059646606445,0.013569178059697151,0.010416666977107525,0.0729166716337204,4.426175117492676,0.037280645221471786,30.864585876464844,23.0,-1.4275366067886353,0.12390972673892975,8.40509033203125,59.05925750732422,0.9018978476524353,4.760237693786621,24.0
460,22.465118408203125,5.412101927504409e-06,9.999999747378752e-06,1.1133503913879395,4.453401565551758,0.043776001781225204,40.966796875,0.00606172438710928,0.0004897504695691168,0.10695579648017883,5.868609150638804e-05,10.079633712768555,10.079633712768555,-4.685352325439453,-14.764984130859375,0.010416926816105843,0.001470817718654871,9.273263276554644e-05,-2.2874035835266113,24.21170425415039,22.404069900512695,24.14900016784668,0.0,0.04218440502882004,1.5962316989898682,8.555800437927246,0.9953673481941223,0.16383841633796692,0.05965215340256691,451.0,442.55999755859375,9.200000022246968e-06,24.0,1.0,335.12982177734375,2.995771646499634,0.05076390132308006,92.0762939453125,2.427311658859253,107.51686096191406,202.0204620361328,2.9956955909729004,6.5431694984436035,1.2800493240356445,3.596935272216797,6.610687255859375,12.082805633544922,18.4693603515625,13.203590393066406,-13.203590393066406,-11.888649940490723,0.008856872096657753,0.010416666977107525,0.03125,1.025264859199524,0.7178589701652527,51.13541793823242,52.0,-12.700157165527344,-12.700157165527344,1.012582540512085,4.760237693786621,-4.760237693786621,-4.763833999633789,0.01012558862566948,0.010416666977107525,0.0520833358168602,4.4527130126953125,0.038056910037994385,48.645835876464844,47.0,-1.3707447052001953,7.527271270751953,3.180302143096924,0.5339359641075134,0.0520833358168602,0.9479166865348816,-0.0010602856054902077,0.009999999776482582,50.5,0.006529743317514658,1.0,0.010424487292766571,0.9999293088912964,0.0,0.0,-7.421273231506348,507.07293701171875,4.760237693786621,-4.760237693786621,-4.762922763824463,0.01012558862566948,0.010416666977107525,0.0520833358168602,4.4527130126953125,0.038056910037994385,48.645835876464844,46.75,-1.3707448244094849,4.750665664672852,0.010416666977107525,10.095902442932129,1.0,9.999999747378752e-05,9.999999747378752e-06,4.402531623840332,-4.402531623840332,-4.437707901000977,0.013785149902105331,0.03125,0.1041666641831398,4.427033424377441,0.037280645221471786,31.17708396911621,23.0,-1.0851234197616577,4.402531623840332,-4.402531623840332,-4.437707901000977,0.013785149902105331,0.03125,0.1041666641831398,4.427033424377441,0.037280645221471786,31.17708396911621,23.0,-1.0851234197616577,0.12653692066669464,8.40509033203125,59.05925750732422,0.9151150584220886,4.760237693786621,24.0
470,22.921337127685547,5.805492492072517e-06,9.999999747378752e-06,1.073930263519287,4.295721054077148,0.04473600164055824,40.966796875,0.00606172438710928,0.0004107016429770738,0.07117532193660736,-7.856763841118664e-05,5.146729469299316,5.146729469299316,-4.756993293762207,-9.903722763061523,0.00973549298942089,0.011797197163105011,4.837925735046156e-05,-3.9048500061035156,15.524678230285645,12.882969856262207,14.779678344726562,0.0,0.04356985539197922,1.5962316989898682,8.555800437927246,0.995176374912262,0.16383841633796692,0.055456239730119705,451.0,452.1600036621094,9.399999726156238e-06,24.0,1.0,332.1202392578125,2.9957666397094727,0.04542756453156471,90.6695785522461,2.418907403945923,105.99903106689453,199.0875244140625,2.995678186416626,6.664973735809326,0.8587026596069336,3.658722400665283,7.39184045791626,13.621872901916504,18.4693603515625,10.264886856079102,-13.203590393066406,-11.888649940490723,0.008856872096657753,0.010416666977107525,0.03125,1.025264859199524,0.6281887888908386,51.13541793823242,52.0,-12.700157165527344,-12.700157165527344,1.012582540512085,4.756993293762207,-4.760237693786621,-4.763833999633789,0.00991715770214796,0.010416666977107525,0.03125,4.4527130126953125,0.034770417958498,48.645835876464844,47.0,-1.3707447052001953,5.37574577331543,3.065394878387451,0.5226202011108398,0.0520833358168602,0.9375,-0.0010602856054902077,0.009999999776482582,50.5,0.005352172534912825,0.9895833730697632,0.00867497082799673,0.9999293088912964,0.0,0.0,-7.590425968170166,470.85418701171875,4.756993293762207,-4.760237693786621,-4.762922763824463,0.00991715770214796,0.010416666977107525,0.03125,4.4527130126953125,0.034770417958498,48.645835876464844,46.25,-1.3707448244094849,4.760976791381836,0.010416666977107525,10.281217575073242,1.0,9.999999747378752e-05,9.999999747378752e-06,4.402531623840332,-4.421110153198242,-4.512442111968994,0.013569178059697151,0.03125,0.1041666641831398,4.427033424377441,0.036080501973629,31.17708396911621,23.0,-1.0851234197616577,4.402531623840332,-4.421110153198242,-4.512442111968994,0.013569178059697151,0.03125,0.1041666641831398,4.427033424377441,0.036080501973629,31.17708396911621,23.0,-1.0851234197616577,0.12653692066669464,8.378567695617676,58.88227462768555,0.9151150584220886,4.756993293762207,24.0
480,22.812480926513672,5.8770178839040454e-06,9.999999747378752e-06,1.1316860914230347,4.526744365692139,0.04569600149989128,40.966796875,0.006181469187140465,0.0004107016429770738,0.07117532193660736,-7.856763841118664e-05,4.269223213195801,4.269223213195801,-4.72538423538208,-8.994607925415039,0.010185218416154385,0.006197506096214056,4.098454519407824e-05,-3.2902414798736572,15.246817588806152,10.320235252380371,14.527046203613281,0.0,0.0504072941839695,1.6282401084899902,8.732782363891602,0.995176374912262,0.16712377965450287,0.055456239730119705,461.0,461.760009765625,9.60000033956021e-06,24.0,1.0,330.3022766113281,2.995715379714966,0.04405103623867035,88.85694885253906,2.415482521057129,105.53851318359375,196.84510803222656,2.9956705570220947,3.808422803878784,0.31775712966918945,2.0448052883148193,4.539333820343018,6.719810485839844,9.83206844329834,10.264886856079102,-10.264886856079102,-10.081496238708496,0.008856872096657753,0.010416666977107525,0.0416666679084301,1.366342306137085,0.6281887888908386,51.65625,52.0,-9.696257591247559,-9.696257591247559,1.0228960514068604,4.756993293762207,-4.756993293762207,-4.743580341339111,0.01012558862566948,0.010416666977107525,0.0520833358168602,4.460997581481934,0.034770417958498,49.895835876464844,48.0,-1.3697564601898193,5.37574577331543,3.065394878387451,0.5226202011108398,0.0520833358168602,0.9479166865348816,-0.0010602856054902077,0.009999999776482582,50.5,0.00537186861038208,0.9895833730697632,0.00867497082799673,0.9999523162841797,0.0,0.0,-7.590425968170166,489.8021240234375,4.756993293762207,-4.756993293762207,-4.762922763824463,0.01012558862566948,0.010416666977107525,0.0520833358168602,4.460997581481934,0.034770417958498,49.895835876464844,46.75,-1.3697564601898193,4.7313313484191895,0.010416666977107525,10.27861499786377,1.0,9.999999747378752e-05,9.999999747378752e-06,4.404439926147461,-4.404439926147461,-4.437707901000977,0.013785149902105331,0.03125,0.1458333432674408,4.448039531707764,0.036080501973629,32.3125,23.25,-1.029420018196106,4.404439926147461,-4.404439926147461,-4.437707901000977,0.013785149902105331,0.03125,0.1458333432674408,4.448039531707764,0.036080501973629,32.3125,23.25,-1.029420018196106,0.12915441393852234,8.378567695617676,58.88227462768555,0.924508273601532,4.756993293762207,24.0
490,23.04928970336914,6.580352874152595e-06,9.999999747378752e-06,1.0979756116867065,4.391902446746826,0.04665600135922432,40.966796875,0.006181469187140465,0.0003397586406208575,0.05399239808320999,-0.0002900899853557348,3.205563545227051,3.205563545227051,-4.760190010070801,-7.965753078460693,0.010023943148553371,0.014118115417659283,3.141452179988846e-05,-3.463751792907715,12.704035758972168,8.838831901550293,11.392436981201172,0.0,0.044124994426965714,1.6282401084899902,8.732782363891602,0.9951595067977905,0.16712377965450287,0.055456239730119705,461.0,471.3599853515625,9.800000043469481e-06,24.0,1.0,329.213134765625,2.995718240737915,0.044124994426965714,87.36534881591797,2.423427104949951,105.27741241455078,195.0724639892578,2.9956812858581543,3.2661795616149902,-0.08559608459472656,1.224068522453308,3.378748655319214,5.5927734375,7.662175178527832,9.903722763061523,-10.264886856079102,-10.081496238708496,0.008856872096657753,0.010416666977107525,0.0416666679084301,1.366342306137085,0.5444920063018799,51.13541793823242,50.0,-9.696257591247559,-9.696257591247559,1.012582540512085,4.756993293762207,-4.760190010070801,-4.763833999633789,0.010023943148553371,0.010416666977107525,0.0520833358168602,4.457491874694824,0.034770417958498,49.895835876464844,48.0,-1.3707447052001953,4.583493709564209,2.697030544281006,0.4733172059059143,0.0416666679084301,0.9479166865348816,-0.0010602856054902077,0.009999999776482582,50.5,0.00537186861038208,0.9895833730697632,0.00867497082799673,0.9999500513076782,0.0,0.0,-7.590425968170166,484.3750305175781,4.756993293762207,-4.760190010070801,-4.764950752258301,0.010023942217230797,0.010416666977107525,0.0520833358168602,4.457491874694824,0.034770417958498,49.895835876464844,46.25,-1.3707448244094849,4.7313313484191895,0.010416666977107525,9.882817268371582,1.0,9.999999747378752e-05,9.999999747378752e-06,4.404439926147461,-4.421110153198242,-4.437707901000977,0.013785149902105331,0.03125,0.1458333432674408,4.448039531707764,0.035149358212947845,32.3125,23.25,-1.029420018196106,4.404439926147461,-4.421110153198242,-4.437707901000977,0.013785149902105331,0.03125,0.1458333432674408,4.448039531707764,0.035149358212947845,32.3125,23.25,-1.029420018196106,0.12915441393852234,8.351602554321289,58.70595932006836,0.924508273601532,4.756993293762207,24.0
500,23.035493850708008,6.449222382798325e-06,9.999999747378752e-06,1.132354497909546,4.529417991638184,0.04761600121855736,40.966796875,0.0064087179489433765,0.0004107016429770738,0.07117532193660736,-7.856763841118664e-05,4.181650161743164,4.181650161743164,-4.637659072875977,-8.81930923461914,0.011082403361797333,0.0064590866677463055,4.181650001555681e-05,-1.7089769840240479,13.259956359863281,9.325008392333984,12.098352432250977,0.0,0.04198482260107994,1.6492924690246582,8.909098625183105,0.9951595067977905,0.1692846119403839,0.055456239730119705,471.0,480.9599914550781,9.999999747378752e-06,24.0,1.0,330.8682861328125,2.995725631713867,0.048168156296014786,86.56978607177734,2.433436393737793,104.39439392089844,193.4003448486328,2.9956955909729004,3.015867233276367,-0.6842465400695801,0.9386333227157593,3.115206241607666,5.289311408996582,7.1329345703125,9.903722763061523,-9.903722763061523,-9.775331497192383,0.008856872096657753,0.010416666977107525,0.0416666679084301,1.6220784187316895,0.5444920063018799,51.65625,52.0,-9.11677360534668,-9.11677360534668,1.0228960514068604,4.756993293762207,-4.756993293762207,-4.743580341339111,0.01012558862566948,0.010416666977107525,0.0625,4.460997581481934,0.034770417958498,49.895835876464844,48.0,-1.3697564601898193,4.583493709564209,2.697030544281006,0.4733172059059143,0.0520833358168602,0.9479166865348816,-0.0010602856054902077,0.009999999776482582,50.5,0.00537186861038208,0.9895833730697632,0.008743246085941792,0.9999510645866394,0.0,0.0,-7.579885482788086,489.8021240234375,4.756993293762207,-4.756993293762207,-4.762922763824463,0.01012558862566948,0.010416666977107525,0.0625,4.460997581481934,0.034770417958498,49.895835876464844,46.25,-1.3697564601898193,4.729891300201416,0.010416666977107525,9.54917049407959,1.0,9.999999747378752e-05,9.999999747378752e-06,4.404439926147461,-4.404439926147461,-4.406224250793457,0.01395697332918644,0.03125,0.1666666716337204,4.454434871673584,0.035149358212947845,32.3125,23.25,-1.0293729305267334,4.404439926147461,-4.404439926147461,-4.406224250793457,0.01395697332918644,0.03125,0.1666666716337204,4.454434871673584,0.035149358212947845,32.3125,23.25,-1.0293729305267334,0.1317620575428009,8.351602554321289,58.70595932006836,0.9316871762275696,4.756993293762207,24.0
510,22.209871292114258,5.578994660027092e-06,9.999999747378752e-06,1.1225663423538208,4.490265369415283,0.048576001077890396,40.966796875,0.0064087179489433765,0.0004107016429770738,0.057950783520936966,-0.00026707525830715895,3.763751745223999,3.763751745223999,-4.763897895812988,-8.52764892578125,0.009789777919650078,0.01074165664613247,3.763751738006249e-05,-2.6858577728271484,14.529101371765137,11.102975845336914,14.432332038879395,0.0,0.04634108394384384,1.6492924690246582,8.909098625183105,0.995072603225708,0.1692846119403839,0.05455208197236061,471.0,490.55999755859375,9.999999747378752e-06,24.0,1.0,332.6627502441406,2.99570631980896,0.04969611391425133,85.86702728271484,2.4180068969726562,103.3431625366211,191.62820434570312,2.9956681728363037,3.3247759342193604,-0.4873194694519043,1.3129836320877075,3.382066011428833,5.670283317565918,7.5728254318237305,8.994607925415039,-9.903722763061523,-9.775331497192383,0.008856872096657753,0.010416666977107525,0.0416666679084301,1.6220784187316895,0.4651501178741455,51.13541793823242,50.0,-9.11677360534668,-9.11677360534668,1.012582540512085,4.756993293762207,-4.760190010070801,-4.763833999633789,0.010023943148553371,0.010416666977107525,0.0625,4.460997581481934,0.03457885980606079,49.895835876464844,48.0,-1.3697564601898193,4.011350154876709,2.542611837387085,0.45146235823631287,0.0520833358168602,0.9375,-0.0010602856054902077,0.009999999776482582,50.5,0.005352172534912825,0.9895833730697632,0.008743246085941792,0.9999500513076782,0.0,0.0,-7.579885482788086,489.8021240234375,4.756993293762207,-4.760190010070801,-4.764950752258301,0.010023942217230797,0.010416666977107525,0.0625,4.460997581481934,0.03457885980606079,49.895835876464844,46.25,-1.3697564601898193,4.734112739562988,0.010416666977107525,9.54917049407959,1.0,9.999999747378752e-05,9.999999747378752e-06,4.404439926147461,-4.421110153198242,-4.437707901000977,0.013785149902105331,0.03125,0.1458333432674408,4.454434871673584,0.0346512496471405,32.3125,23.25,-1.0293729305267334,4.404439926147461,-4.421110153198242,-4.437707901000977,0.013785149902105331,0.03125,0.1458333432674408,4.454434871673584,0.0346512496471405,32.3125,23.25,-1.0293729305267334,0.1317620575428009,8.3258695602417,58.5300178527832,0.9316871762275696,4.756993293762207,24.0
520,22.440311431884766,6.580352874152595e-06,9.999999747378752e-06,1.1303163766860962,4.521265506744385,0.049536000937223434,40.966796875,0.006575392559170723,0.0004897504695691168,0.07117532193660736,-0.00026707525830715895,5.055276393890381,5.055276393890381,-4.700998306274414,-9.756275177001953,0.01038395892828703,0.004707289859652519,5.055276051280089e-05,-2.9872970581054688,18.161449432373047,12.669265747070312,16.028226852416992,0.0,0.03772255405783653,1.6753644943237305,9.085038185119629,0.995072603225708,0.17196065187454224,0.05455208197236061,481.0,500.1600036621094,9.999999747378752e-06,24.0,1.0,331.852294921875,2.995678424835205,0.047920435667037964,85.27027130126953,2.397519588470459,102.89877319335938,190.56655883789062,2.995631694793701,3.7371110916137695,-0.09542679786682129,1.6343213319778442,3.853850841522217,5.978072643280029,8.665985107421875,9.756275177001953,-9.756275177001953,-9.10452651977539,0.008856872096657753,0.010416666977107525,0.0416666679084301,1.8363630771636963,0.48271721601486206,51.65625,52.0,-8.905010223388672,-8.905010223388672,1.0228960514068604,4.756993293762207,-4.756993293762207,-4.743580341339111,0.01012558862566948,0.02083333395421505,0.0625,4.463840484619141,0.034770417958498,50.177085876464844,48.0,-1.3582919836044312,4.583493709564209,2.542611837387085,0.45942267775535583,0.0625,0.9375,-0.0010602856054902077,0.009999999776482582,50.5,0.005352172534912825,0.9895833730697632,0.008794616907835007,0.9999510645866394,0.0,0.0,-7.579885482788086,498.03125,4.756993293762207,-4.756993293762207,-4.762922763824463,0.01012558862566948,0.02083333395421505,0.0625,4.463840484619141,0.034770417958498,50.177085876464844,46.25,-1.3582919836044312,4.74782657623291,0.010416666977107525,9.522384643554688,1.0,9.999999747378752e-05,9.999999747378752e-06,4.408949851989746,-4.408949851989746,-4.406224250793457,0.01395697332918644,0.03125,0.1458333432674408,4.454434871673584,0.035149358212947845,33.0625,23.25,-1.0293729305267334,4.408949851989746,-4.408949851989746,-4.406224250793457,0.01395697332918644,0.03125,0.1458333432674408,4.454434871673584,0.035149358212947845,33.0625,23.25,-1.0293729305267334,0.13436414301395416,8.3258695602417,58.5300178527832,0.9376782774925232,4.756993293762207,24.0
530,22.464859008789062,5.626678557746345e-06,9.999999747378752e-06,1.1231434345245361,4.4925737380981445,0.05049600079655647,40.966796875,0.006575392559170723,0.0004559977096505463,0.057950783520936966,-0.0002895811339840293,4.507955551147461,4.507955551147461,-4.80770206451416,-9.315657615661621,0.009439898654818535,0.00812559388577938,4.507955600274727e-05,-3.841087818145752,17.619979858398438,12.072713851928711,15.403233528137207,0.0,0.07372922450304031,1.6753644943237305,9.085038185119629,0.995017409324646,0.17196065187454224,0.05455208197236061,481.0,509.760009765625,9.999999747378752e-06,24.0,1.0,331.213134765625,2.9956700801849365,0.044935375452041626,84.81246185302734,2.3930344581604004,102.58871459960938,189.79420471191406,2.9956231117248535,3.946831226348877,-0.08461761474609375,1.9292665719985962,4.0426130294799805,6.711458683013916,9.86823844909668,9.315657615661621,-9.756275177001953,-9.10452651977539,0.00812559388577938,0.010416666977107525,0.0416666679084301,1.8363630771636963,0.4651501178741455,51.13541793823242,50.0,-8.905010223388672,-8.905010223388672,1.012582540512085,4.756993293762207,-4.760190010070801,-4.763833999633789,0.010023943148553371,0.010416666977107525,0.0625,4.460997581481934,0.034770417958498,50.177085876464844,48.0,-1.3697564601898193,4.139902591705322,2.532423734664917,0.45146235823631287,0.0520833358168602,0.9375,-0.0013143045362085104,0.009999999776482582,50.5,0.005178614053875208,0.9895833730697632,0.008794616907835007,0.9999500513076782,0.0,0.0,-7.590425968170166,498.03125,4.756993293762207,-4.760190010070801,-4.764950752258301,0.010023942217230797,0.010416666977107525,0.0625,4.460997581481934,0.034770417958498,50.177085876464844,46.25,-1.3697564601898193,4.731344223022461,0.010416666977107525,9.325896263122559,1.0,9.999999747378752e-05,9.999999747378752e-06,4.408949851989746,-4.421110153198242,-4.437707901000977,0.013785149902105331,0.02083333395421505,0.1458333283662796,4.454434871673584,0.0346512496471405,33.0625,23.25,-1.0293729305267334,4.408949851989746,-4.421110153198242,-4.437707901000977,0.013785149902105331,0.02083333395421505,0.1458333283662796,4.454434871673584,0.0346512496471405,33.0625,23.25,-1.0293729305267334,0.13436414301395416,8.300308227539062,58.35452651977539,0.9376782774925232,4.756993293762207,24.0
540,22.10897445678711,4.827976226806641e-06,9.999999747378752e-06,1.1566497087478638,4.626598834991455,0.05145600065588951,40.966796875,0.007840770296752453,0.0004897504695691168,0.07117532193660736,-0.0002895811339840293,5.3905134201049805,5.3905134201049805,-4.70567512512207,-10.096187591552734,0.01027410663664341,0.004560503177344799,5.390513251768425e-05,-2.115851879119873,18.79720115661621,12.717645645141602,16.73369598388672,0.0,0.05251681059598923,1.6989426612854004,9.260530471801758,0.995017409324646,0.17438073456287384,0.055456239730119705,491.0,519.3599853515625,9.999999747378752e-06,24.0,1.0,332.81365966796875,2.99566388130188,0.04294654726982117,84.22635650634766,2.390749216079712,102.06952667236328,188.68663024902344,2.9956178665161133,4.075459003448486,-0.14796781539916992,1.841567039489746,4.173098087310791,6.711458683013916,9.503288269042969,9.756275177001953,-9.756275177001953,-9.10452651977539,0.00812559388577938,0.010416666977107525,0.0416666679084301,1.8363630771636963,0.48271721601486206,51.13541793823242,50.0,-8.905010223388672,-8.905010223388672,1.012582540512085,4.756993293762207,-4.756993293762207,-4.743580341339111,0.01012558862566948,0.010416666977107525,0.0625,4.463840484619141,0.034770417958498,50.177085876464844,48.0,-1.3582919836044312,4.583493709564209,2.542611837387085,0.45942267775535583,0.0625,0.9375,-0.0013143045362085104,0.009999999776482582,50.5,0.005290550645440817,0.9895833730697632,0.008998819626867771,0.9999500513076782,0.0,0.0,-7.579885482788086,498.03125,4.756993293762207,-4.756993293762207,-4.762922763824463,0.01012558862566948,0.010416666977107525,0.0625,4.463840484619141,0.034770417958498,50.177085876464844,46.25,-1.3582919836044312,4.733959674835205,0.010416666977107525,9.624683380126953,1.0,9.999999747378752e-05,9.999999747378752e-06,4.421110153198242,-4.421110153198242,-4.437707901000977,0.01395697332918644,0.03125,0.1458333283662796,4.454434871673584,0.035149358212947845,33.0625,23.25,-1.0293729305267334,4.421110153198242,-4.421110153198242,-4.437707901000977,0.01395697332918644,0.03125,0.1458333283662796,4.454434871673584,0.035149358212947845,33.0625,23.25,-1.0293729305267334,0.13695959746837616,8.300308227539062,58.35452651977539,0.9458521604537964,4.756993293762207,24.0
550,22.83327865600586,6.008148375258315e-06,9.999999747378752e-06,1.0761404037475586,4.304561614990234,0.05241600051522255,40.966796875,0.007840770296752453,0.0004897504695691168,0.07117532193660736,-0.0002895811339840293,5.792719841003418,5.792719841003418,-4.711637496948242,-10.50435733795166,0.010382118634879589,0.00391924474388361,5.7927198213292286e-05,-2.5873281955718994,17.999038696289062,12.806034088134766,15.772516250610352,0.0,0.04381275177001953,1.6989426612854004,9.260530471801758,0.9949673414230347,0.17438073456287384,0.055456239730119705,491.0,528.9600219726562,9.999999747378752e-06,24.0,1.0,332.1737060546875,2.995652675628662,0.04604249820113182,83.70185852050781,2.3814852237701416,101.44770050048828,187.5310516357422,2.9956002235412598,4.1922173500061035,0.19722604751586914,2.0754520893096924,4.88083553314209,7.272159576416016,10.343893051147461,9.756275177001953,-9.903722763061523,-9.621767044067383,0.0064590866677463055,0.010416666977107525,0.03125,1.6846868991851807,0.48271721601486206,51.13541793823242,50.0,-9.11677360534668,-9.11677360534668,1.012582540512085,4.72538423538208,-4.756993293762207,-4.743580341339111,0.01012558862566948,0.010416666977107525,0.0520833358168602,4.463840484619141,0.034770417958498,49.895835876464844,48.0,-1.3697564601898193,4.583493709564209,2.542611837387085,0.45942267775535583,0.0520833358168602,0.9375,-0.003987712785601616,0.009999999776482582,50.5,0.005290550645440817,0.9895833730697632,0.008998819626867771,0.999945878982544,0.0,0.0,-7.580779075622559,489.8021240234375,4.72538423538208,-4.756993293762207,-4.762922763824463,0.01012558862566948,0.010416666977107525,0.0520833358168602,4.463840484619141,0.034770417958498,49.895835876464844,46.25,-1.3697564601898193,4.731688499450684,0.0,9.606886863708496,1.0,9.999999747378752e-05,9.999999747378752e-06,4.416823863983154,-4.421110153198242,-4.437707901000977,0.013785149902105331,0.02083333395421505,0.1458333283662796,4.454434871673584,0.0346512496471405,32.97916793823242,23.25,-1.0293729305267334,4.416823863983154,-4.421110153198242,-4.437707901000977,0.013785149902105331,0.02083333395421505,0.1458333283662796,4.454434871673584,0.0346512496471405,32.97916793823242,23.25,-1.0293729305267334,0.13695959746837616,8.273472785949707,58.17974090576172,0.9458521604537964,4.72538423538208,24.0
560,22.698135375976562,5.9723852245952e-06,9.999999747378752e-06,1.1594011783599854,4.637604713439941,0.05337600037455559,40.966796875,0.007840770296752453,0.0004897504695691168,0.07117532193660736,-0.0002895811339840293,5.4516143798828125,5.4516143798828125,-4.689933776855469,-10.141548156738281,0.010240810923278332,0.006241403054445982,5.4516141972271726e-05,-2.4563064575195312,23.369529724121094,14.091399192810059,17.26218605041504,0.0,0.05773068964481354,1.7233694791793823,9.435317039489746,0.9949673414230347,0.17688792943954468,0.055456239730119705,501.0,538.5599975585938,9.999999747378752e-06,24.0,1.0,331.1484680175781,2.995631694793701,0.0463784821331501,83.59078979492188,2.36932110786438,101.11042785644531,187.05006408691406,2.9955785274505615,4.281620025634766,0.32007813453674316,2.2973556518554688,4.960657596588135,7.681276321411133,10.97315502166748,9.903722763061523,-9.903722763061523,-9.503913879394531,0.0064590866677463055,0.010416666977107525,0.03125,1.749822974205017,0.4906056821346283,51.65625,52.0,-9.11677360534668,-9.11677360534668,1.0228960514068604,4.72538423538208,-4.72538423538208,-4.736808776855469,0.010185218416154385,0.010416666977107525,0.0625,4.46444034576416,0.034770417958498,49.895835876464844,48.0,-1.3582919836044312,4.588081359863281,2.542611837387085,0.47225451469421387,0.0625,0.9375,-0.003987712785601616,0.009999999776482582,50.5,0.005352172534912825,0.9895833730697632,0.00902505498379469,0.999945878982544,0.0,0.0,-7.579885482788086,489.8021240234375,4.72538423538208,-4.72538423538208,-4.762887954711914,0.01018521934747696,0.010416666977107525,0.0625,4.46444034576416,0.034770417958498,49.895835876464844,46.75,-1.3582919836044312,4.737015724182129,0.0,9.388341903686523,1.0,9.999999747378752e-05,9.999999747378752e-06,4.416823863983154,-4.416823863983154,-4.437707901000977,0.01395697332918644,0.03125,0.1458333432674408,4.4668097496032715,0.0346512496471405,32.97916793823242,23.25,-0.9989435076713562,4.416823863983154,-4.416823863983154,-4.437707901000977,0.01395697332918644,0.03125,0.1458333432674408,4.4668097496032715,0.0346512496471405,32.97916793823242,23.25,-0.9989435076713562,0.13954462110996246,8.273472785949707,58.17974090576172,0.9552587866783142,4.72538423538208,24.0
570,21.900585174560547,5.102157501823967e-06,9.999999747378752e-06,1.1442142724990845,4.576857089996338,0.054336000233888626,40.966796875,0.007840770296752453,0.0004897504695691168,0.07117532193660736,-0.0002895811339840293,4.850615501403809,4.850615501403809,-4.7950286865234375,-9.645644187927246,0.009564978070557117,0.02253159135580063,4.8506153689231724e-05,-3.6887409687042236,20.929473876953125,13.222554206848145,16.446752548217773,0.0,0.05046414956450462,1.7233694791793823,9.435317039489746,0.9949455857276917,0.17688792943954468,0.055456239730119705,501.0,548.1599731445312,9.999999747378752e-06,24.0,1.0,329.79351806640625,2.995590925216675,0.04643198847770691,83.64849090576172,2.3467719554901123,100.67633056640625,186.67208862304688,2.9955379962921143,4.237565517425537,0.09721660614013672,2.2737841606140137,4.797478199005127,7.581136703491211,10.534005165100098,9.756275177001953,-9.903722763061523,-9.503913879394531,0.0064590866677463055,0.010416666977107525,0.03125,1.749822974205017,0.4906056821346283,51.13541793823242,50.0,-9.11677360534668,-9.11677360534668,1.012582540512085,4.72538423538208,-4.756993293762207,-4.743580341339111,0.01012558862566948,0.010416666977107525,0.0520833358168602,4.46444034576416,0.03457885980606079,49.895835876464844,48.0,-1.3697564601898193,4.583493709564209,2.538789749145508,0.46206891536712646,0.0520833358168602,0.9375,-0.003987712785601616,0.009999999776482582,50.5,0.005352172534912825,0.9895833730697632,0.00902505498379469,0.9999414086341858,0.0,0.0,-7.580779075622559,489.8021240234375,4.72538423538208,-4.756993293762207,-4.762922763824463,0.01012558862566948,0.010416666977107525,0.0520833358168602,4.46444034576416,0.03457885980606079,49.895835876464844,46.75,-1.3697564601898193,4.741031646728516,0.010416666977107525,9.630195617675781,1.0,9.999999747378752e-05,9.999999747378752e-06,4.416823863983154,-4.421110153198242,-4.441189289093018,0.013785149902105331,0.02083333395421505,0.1458333283662796,4.4668097496032715,0.0345306470990181,32.97916793823242,23.25,-1.0083391666412354,4.416823863983154,-4.421110153198242,-4.441189289093018,0.013785149902105331,0.02083333395421505,0.1458333283662796,4.4668097496032715,0.0345306470990181,32.97916793823242,23.25,-1.0083391666412354,0.13954462110996246,8.246400833129883,58.00552749633789,0.9552587866783142,4.72538423538208,24.0
580,22.23843002319336,5.543231964111328e-06,9.999999747378752e-06,1.146405816078186,4.585623264312744,0.055296000093221664,40.966796875,0.007840770296752453,0.0004897504695691168,0.07117532193660736,-0.00026707525830715895,4.9640326499938965,4.9640326499938965,-4.7828450202941895,-9.746877670288086,0.009486058726906776,0.02813045307993889,4.964032632415183e-05,-4.450864791870117,16.69165802001953,10.464591979980469,12.086456298828125,0.0,0.053853590041399,1.7467490434646606,9.609529495239258,0.9949455857276917,0.1792876273393631,0.055601686239242554,511.0,557.760009765625,9.999999747378752e-06,24.0,1.0,328.3135986328125,2.9955410957336426,0.046674616634845734,83.82655334472656,2.31931471824646,100.26969146728516,186.4580078125,2.995487928390503,3.995912551879883,0.42273378372192383,2.2955322265625,4.725754261016846,7.282883644104004,9.762179374694824,9.756275177001953,-9.756275177001953,-9.503913879394531,0.00812559388577938,0.010416666977107525,0.0416666679084301,1.749822974205017,0.4994584023952484,51.65625,51.0,-8.936464309692383,-8.936464309692383,1.0228960514068604,4.756993293762207,-4.756993293762207,-4.743580341339111,0.01012558862566948,0.02083333395421505,0.0520833358168602,4.470405578613281,0.03457885980606079,50.177085876464844,49.0,-1.3582919836044312,4.588081359863281,2.542611837387085,0.47225451469421387,0.0625,0.9375,-0.0013143045362085104,0.009999999776482582,50.5,0.00537186861038208,0.9895833730697632,0.009591163136065006,0.9999414086341858,0.0,0.0,-7.579885482788086,489.8021240234375,4.756993293762207,-4.756993293762207,-4.762922763824463,0.01012558862566948,0.02083333395421505,0.0520833358168602,4.470405578613281,0.03457885980606079,50.177085876464844,47.0,-1.3582919836044312,4.724437713623047,0.010416666977107525,9.596905708312988,1.0,9.999999747378752e-05,9.999999747378752e-06,4.421110153198242,-4.421110153198242,-4.441189289093018,0.013785149902105331,0.03125,0.1458333283662796,4.4679131507873535,0.0345306470990181,33.0625,23.25,-0.9989435076713562,4.421110153198242,-4.421110153198242,-4.441189289093018,0.013785149902105331,0.03125,0.1458333283662796,4.4679131507873535,0.0345306470990181,33.0625,23.25,-0.9989435076713562,0.14212116599082947,8.246400833129883,58.00552749633789,0.9642840027809143,4.756993293762207,24.0
590,22.034564971923828,5.733966645493638e-06,9.999999747378752e-06,1.1575596332550049,4.6302385330200195,0.0562559999525547,40.966796875,0.007840770296752453,0.0004897504695691168,0.07117532193660736,-0.00026707525830715895,5.699340343475342,5.699340343475342,-4.728503227233887,-10.42784309387207,0.009738026186823845,0.015438366681337357,5.699340545106679e-05,-4.0261077880859375,22.11781883239746,13.453306198120117,16.040307998657227,0.0,0.04668738320469856,1.7467490434646606,9.609529495239258,0.9948103427886963,0.1792876273393631,0.055601686239242554,511.0,567.3599853515625,9.999999747378752e-06,24.0,1.0,328.24615478515625,2.9954919815063477,0.04882406070828438,84.01091003417969,2.293833017349243,99.46560668945312,185.80255126953125,2.9954397678375244,3.900113821029663,0.42273378372192383,2.357673406600952,4.804865837097168,7.282883644104004,9.741964340209961,9.756275177001953,-9.903722763061523,-9.621767044067383,0.00812559388577938,0.010416666977107525,0.0416666679084301,1.6846868991851807,0.4994584023952484,51.65625,51.0,-9.11677360534668,-9.11677360534668,1.0228960514068604,4.728503227233887,-4.756993293762207,-4.743580341339111,0.010023943148553371,0.010416666977107525,0.0520833358168602,4.470405578613281,0.0340958833694458,50.177085876464844,49.0,-1.3582919836044312,4.588081359863281,2.542611837387085,0.47225451469421387,0.0625,0.9375,-0.0013143045362085104,0.009999999776482582,50.5,0.00537186861038208,0.9895833730697632,0.009591163136065006,0.999940812587738,0.0,0.0,-7.579885482788086,489.63543701171875,4.7285027503967285,-4.756993293762207,-4.762922763824463,0.010023942217230797,0.010416666977107525,0.0520833358168602,4.470405578613281,0.0340958833694458,50.177085876464844,47.0,-1.3582919836044312,4.724348068237305,0.0,9.16071605682373,1.0,9.999999747378752e-05,9.999999747378752e-06,4.416823863983154,-4.421110153198242,-4.460485458374023,0.013785149902105331,0.02083333395421505,0.1458333283662796,4.4679131507873535,0.0345306470990181,32.97916793823242,23.25,-1.0083391666412354,4.416823863983154,-4.421110153198242,-4.460485458374023,0.013785149902105331,0.02083333395421505,0.1458333283662796,4.4679131507873535,0.0345306470990181,32.97916793823242,23.25,-1.0083391666412354,0.14212116599082947,8.220417022705078,57.831642150878906,0.9642840027809143,4.7285027503967285,24.0
600,22.242841720581055,5.817413239128655e-06,9.999999747378752e-06,1.1558525562286377,4.623410224914551,0.05721599981188774,40.966796875,0.007840770296752453,0.0005117056425660849,0.07185626029968262,-0.00026707525830715895,5.119438171386719,5.119438171386719,-4.7184247970581055,-9.837862968444824,0.009909318760037422,0.008408843539655209,5.119437992107123e-05,-3.4076757431030273,20.329050064086914,11.791603088378906,15.925396919250488,0.0,0.040539029985666275,1.774450659751892,9.783417701721191,0.9948103427886963,0.18213093280792236,0.055601686239242554,521.0,576.9600219726562,9.999999747378752e-06,24.0,1.0,327.64788818359375,2.995438814163208,0.04668738320469856,84.33735656738281,2.2630224227905273,98.7254867553711,185.34706115722656,2.9953806400299072,3.9171104431152344,0.32732534408569336,2.5044732093811035,4.934442520141602,7.352880477905273,10.245899200439453,9.837862968444824,-9.837862968444824,-9.503913879394531,0.008408843539655209,0.010416666977107525,0.0416666679084301,1.6846868991851807,0.5063535571098328,51.65625,51.0,-9.11677360534668,-9.11677360534668,1.0228960514068604,4.728503227233887,-4.728503227233887,-4.743580341339111,0.010023943148553371,0.010416666977107525,0.0520833358168602,4.471301078796387,0.0340958833694458,50.44791793823242,49.0,-1.340816855430603,4.720059394836426,2.5666871070861816,0.4729872941970825,0.0625,0.9375,-0.0013143045362085104,0.009999999776482582,50.5,0.005533615127205849,0.9895833730697632,0.009598677977919579,0.999940812587738,0.0,0.0,-7.579301834106445,489.8021240234375,4.7285027503967285,-4.7285027503967285,-4.762922763824463,0.010023942217230797,0.010416666977107525,0.0520833358168602,4.471301078796387,0.0340958833694458,50.44791793823242,47.25,-1.3408169746398926,4.710475444793701,0.010416666977107525,9.114969253540039,1.0,9.999999747378752e-05,9.999999747378752e-06,4.416823863983154,-4.416823863983154,-4.460485458374023,0.01395697332918644,0.03125,0.1458333432674408,4.4679131507873535,0.0346512496471405,33.0625,24.5,-1.0083391666412354,4.416823863983154,-4.416823863983154,-4.460485458374023,0.01395697332918644,0.03125,0.1458333432674408,4.4679131507873535,0.0346512496471405,33.0625,24.5,-1.0083391666412354,0.14469289779663086,8.220417022705078,57.831642150878906,0.9808204174041748,4.7285027503967285,24.0
610,22.265043258666992,5.424022674560547e-06,9.999999747378752e-06,1.1544361114501953,4.617744445800781,0.05817599967122078,40.966796875,0.007840770296752453,0.0005117056425660849,0.07185626029968262,-0.00026707525830715895,5.480476379394531,5.480476379394531,-4.750756740570068,-10.231233596801758,0.009605932049453259,0.001975428080186248,5.4804761020932347e-05,-2.4291956424713135,17.388622283935547,11.214208602905273,17.059843063354492,0.0,0.06093788519501686,1.774450659751892,9.783417701721191,0.9947352409362793,0.18213093280792236,0.055456239730119705,521.0,586.5599975585938,9.999999747378752e-06,24.0,1.0,328.3209228515625,2.9953324794769287,0.053783781826496124,84.50288391113281,2.2097668647766113,97.85118103027344,184.5696563720703,2.995274543762207,3.9801721572875977,0.5969891548156738,2.5239834785461426,4.934442520141602,7.352880477905273,10.352078437805176,9.837862968444824,-9.903722763061523,-9.621767044067383,0.00812559388577938,0.010416666977107525,0.0416666679084301,1.6224336624145508,0.5063535571098328,51.13541793823242,50.0,-9.213644981384277,-9.213644981384277,1.012582540512085,4.728503227233887,-4.750756740570068,-4.744909286499023,0.00991715770214796,0.010416666977107525,0.0520833358168602,4.471301078796387,0.03386101871728897,50.44791793823242,49.0,-1.340816855430603,4.720059394836426,2.5666871070861816,0.4729872941970825,0.0625,0.9375,-0.0015004751039668918,0.009999999776482582,50.5,0.005533615127205849,0.9895833730697632,0.009598677977919579,0.9999386668205261,0.0,0.0,-7.579301834106445,489.63543701171875,4.7285027503967285,-4.750756740570068,-4.764950752258301,0.00991715770214796,0.010416666977107525,0.0520833358168602,4.471301078796387,0.03386101871728897,50.44791793823242,47.25,-1.3408169746398926,4.710475444793701,0.010416666977107525,9.997387886047363,1.0,9.999999747378752e-05,9.999999747378752e-06,4.416823863983154,-4.421110153198242,-4.466588973999023,0.013785149902105331,0.02083333395421505,0.1458333283662796,4.4679131507873535,0.0345306470990181,33.0625,24.5,-1.0083391666412354,4.416823863983154,-4.421110153198242,-4.466588973999023,0.013785149902105331,0.02083333395421505,0.1458333283662796,4.4679131507873535,0.0345306470990181,33.0625,24.5,-1.0083391666412354,0.14469289779663086,8.193833351135254,57.65842056274414,0.9808204174041748,4.7285027503967285,24.0
620,21.91985511779785,4.851818175666267e-06,9.999999747378752e-06,1.1186195611953735,4.474478244781494,0.05913599953055382,40.966796875,0.007840770296752453,0.0005353112355805933,0.07639726251363754,-0.00026707525830715895,5.960733413696289,5.960733413696289,-4.686493873596191,-10.647228240966797,0.010078062303364277,0.0017593330703675747,5.9607333241729066e-05,-1.435807704925537,17.13446044921875,11.806299209594727,15.878113746643066,0.0,0.04024534299969673,1.7998926639556885,9.956634521484375,0.9947352409362793,0.18474231660366058,0.055601686239242554,531.0,596.1599731445312,9.999999747378752e-06,24.0,1.0,328.177001953125,2.995199680328369,0.04860841855406761,84.52277374267578,2.145456552505493,97.27003479003906,183.9607696533203,2.9951395988464355,3.9578449726104736,0.9953134059906006,2.808262348175049,5.365921974182129,7.795759201049805,10.413492202758789,9.903722763061523,-9.903722763061523,-9.621767044067383,0.00812559388577938,0.010416666977107525,0.0416666679084301,1.6224336624145508,0.5345138311386108,51.13541793823242,50.0,-9.213644981384277,-9.213644981384277,1.012582540512085,4.728503227233887,-4.728503227233887,-4.743765830993652,0.010023943148553371,0.010416666977107525,0.0520833358168602,4.472785472869873,0.03386101871728897,50.44791793823242,51.0,-1.3337358236312866,5.019702911376953,2.5727901458740234,0.4733172059059143,0.0625,0.9375,-0.0015004751039668918,0.009999999776482582,50.5,0.005543800070881844,0.9895833730697632,0.009722026064991951,0.9999386668205261,0.0,0.0,-7.579301834106445,489.8021240234375,4.7285027503967285,-4.7285027503967285,-4.762922763824463,0.010023942217230797,0.010416666977107525,0.0520833358168602,4.472785472869873,0.03386101871728897,50.44791793823242,47.25,-1.3337358236312866,4.696859359741211,0.0,8.977143287658691,1.0,9.999999747378752e-05,9.999999747378752e-06,4.416823863983154,-4.416823863983154,-4.460485458374023,0.013785149902105331,0.03125,0.1458333283662796,4.471816539764404,0.0345306470990181,33.0625,25.0,-0.9989435076713562,4.416823863983154,-4.416823863983154,-4.460485458374023,0.013785149902105331,0.03125,0.1458333283662796,4.471816539764404,0.0345306470990181,33.0625,25.0,-0.9989435076713562,0.14725470542907715,8.193833351135254,57.65842056274414,0.991536021232605,4.7285027503967285,24.0
630,22.35031509399414,5.8293344409321435e-06,9.999999747378752e-06,1.1494290828704834,4.597716331481934,0.060095999389886856,40.966796875,0.007741072215139866,0.0005353112355805933,0.07639726251363754,-0.00026707525830715895,6.809905052185059,6.809905052185059,-4.663625717163086,-11.473531723022461,0.010632767342031002,0.005414839368313551,6.809904880356044e-05,-3.4872727394104004,24.297922134399414,14.798589706420898,23.828060150146484,0.0,0.03794784098863602,1.7998926639556885,9.956634521484375,0.994694173336029,0.18474231660366058,0.055456239730119705,531.0,605.760009765625,9.999999747378752e-06,24.0,1.0,329.0181884765625,2.995089530944824,0.041558995842933655,84.78231048583984,2.093583822250366,96.7629623413086,183.7953338623047,2.995025157928467,4.237443447113037,1.39487886428833,3.347166061401367,5.883621692657471,8.559345245361328,11.35540771484375,9.903722763061523,-10.096187591552734,-9.775331497192383,0.0064590866677463055,0.010416666977107525,0.0416666679084301,1.6220784187316895,0.5345138311386108,51.13541793823242,50.0,-9.294066429138184,-9.294066429138184,1.012582540512085,4.72538423538208,-4.728503227233887,-4.743765830993652,0.010023943148553371,0.010416666977107525,0.0520833358168602,4.472785472869873,0.03372662514448166,50.177085876464844,49.0,-1.3337358236312866,5.019702911376953,2.5727901458740234,0.4733172059059143,0.0625,0.9375,-0.003987712785601616,0.009999999776482582,50.5,0.005543800070881844,0.9895833730697632,0.009722026064991951,0.9999386668205261,0.0,0.0,-7.579885482788086,489.63543701171875,4.72538423538208,-4.7285027503967285,-4.762922763824463,0.010023942217230797,0.010416666977107525,0.0520833358168602,4.472785472869873,0.03372662514448166,50.177085876464844,47.0,-1.3337358236312866,4.693160057067871,0.0,8.494805335998535,1.0,9.999999747378752e-05,9.999999747378752e-06,4.41085147857666,-4.416823863983154,-4.460485458374023,0.013732802122831345,0.03125,0.1458333283662796,4.471816539764404,0.03280981630086899,32.97916793823242,24.5,-0.9989435076713562,4.41085147857666,-4.416823863983154,-4.460485458374023,0.013732802122831345,0.03125,0.1458333283662796,4.471816539764404,0.03280981630086899,32.97916793823242,24.5,-0.9989435076713562,0.14725470542907715,8.167801856994629,57.48565673828125,0.991536021232605,4.72538423538208,24.0
640,22.278467178344727,5.626678557746345e-06,9.999999747378752e-06,1.1527073383331299,4.6108293533325195,0.061055999249219894,40.966796875,0.007741072215139866,0.000575258512981236,0.08070607483386993,-0.0002892496413551271,6.1207075119018555,6.1207075119018555,-4.721071243286133,-10.841779708862305,0.009739353321492672,0.016651391983032227,6.120707257650793e-05,-3.7469730377197266,21.197601318359375,14.486286163330078,19.27120590209961,0.0,0.04126383736729622,1.8234012126922607,10.129403114318848,0.9945575594902039,0.18715526163578033,0.05516492575407028,541.0,615.3599853515625,9.999999747378752e-06,24.0,1.0,329.54864501953125,2.9950382709503174,0.04240771755576134,85.18777465820312,2.0703792572021484,96.66618347167969,183.89700317382812,2.9949724674224854,4.465641498565674,1.5860514640808105,3.458454132080078,6.218964576721191,8.641042709350586,11.82043743133545,9.903722763061523,-10.096187591552734,-9.775331497192383,0.0064590866677463055,0.010416666977107525,0.0416666679084301,1.6220784187316895,0.5345138311386108,50.40625,49.0,-9.294066429138184,-9.294066429138184,0.9981435537338257,4.721071243286133,-4.72538423538208,-4.743765830993652,0.010023943148553371,0.010416666977107525,0.0520833358168602,4.474218845367432,0.03350694105029106,50.177085876464844,49.0,-1.3185017108917236,5.019702911376953,2.5727901458740234,0.4733172059059143,0.0625,0.9375,-0.003987712785601616,0.009999999776482582,50.5,0.005543800070881844,0.9895833730697632,0.009598677977919579,0.999940812587738,0.0,0.0,-7.579885482788086,489.63543701171875,4.721071243286133,-4.72538423538208,-4.762922763824463,0.010023942217230797,0.010416666977107525,0.0520833358168602,4.474218845367432,0.03350694105029106,50.177085876464844,47.0,-1.3185017108917236,4.669152736663818,0.010416666977107525,8.549477577209473,1.0,9.999999747378752e-05,9.999999747378752e-06,4.41085147857666,-4.416823863983154,-4.460485458374023,0.013732802122831345,0.03125,0.1458333283662796,4.473587512969971,0.03280981630086899,32.97916793823242,24.5,-0.9989435076713562,4.41085147857666,-4.416823863983154,-4.460485458374023,0.013732802122831345,0.03125,0.1458333283662796,4.473587512969971,0.03280981630086899,32.97916793823242,24.5,-0.9989435076713562,0.14980988204479218,8.14171028137207,57.3134651184082,1.0016618967056274,4.721071243286133,24.0
650,21.964426040649414,4.76837158203125e-06,9.999999747378752e-06,1.1496695280075073,4.598678112030029,0.06201599910855293,40.966796875,0.007840770296752453,0.0005353112355805933,0.07639726251363754,-0.0002895811339840293,6.451128005981445,6.451128005981445,-4.661794662475586,-11.112922668457031,0.010652284137904644,0.0006625679088756442,6.45112813799642e-05,0.11380958557128906,15.074609756469727,12.433465003967285,14.863673210144043,0.0,0.04705885425209999,1.8511205911636353,10.301590919494629,0.9944972991943359,0.19000039994716644,0.05479615181684494,551.0,624.9600219726562,9.999999747378752e-06,24.0,1.0,329.1535339355469,2.9950363636016846,0.04126383736729622,85.83482360839844,2.0703635215759277,96.69656372070312,184.60101318359375,2.9949724674224854,4.2568583488464355,1.2328641414642334,3.307650089263916,5.817617416381836,8.314603805541992,11.148829460144043,9.903722763061523,-10.096187591552734,-9.775331497192383,0.006241403054445982,0.010416666977107525,0.0416666679084301,1.6220784187316895,0.5345138311386108,50.40625,49.0,-9.294066429138184,-9.294066429138184,0.9981435537338257,4.7184247970581055,-4.721071243286133,-4.743580341339111,0.010023943148553371,0.010416666977107525,0.0520833358168602,4.474976539611816,0.03336986526846886,50.177085876464844,49.0,-1.3097445964813232,5.019702911376953,2.5727901458740234,0.4733172059059143,0.0625,0.9270833730697632,-0.00399940786883235,0.009999999776482582,50.5,0.005543800070881844,0.9895833730697632,0.009591163136065006,0.9999414086341858,0.0,0.0,-7.580779075622559,489.8021240234375,4.7184247970581055,-4.721071243286133,-4.762887954711914,0.010023942217230797,0.010416666977107525,0.0520833358168602,4.474976062774658,0.03336986154317856,50.177085876464844,47.0,-1.3097445964813232,4.6762847900390625,0.010416666977107525,8.881357192993164,1.0,9.999999747378752e-05,9.999999747378752e-06,4.41085147857666,-4.416823863983154,-4.460485458374023,0.01368042454123497,0.03125,0.1458333283662796,4.474464416503906,0.03280981630086899,32.97916793823242,24.5,-0.9989435076713562,4.41085147857666,-4.416823863983154,-4.460485458374023,0.01368042454123497,0.03125,0.1458333283662796,4.474464416503906,0.03280981630086899,32.97916793823242,24.5,-0.9989435076713562,0.15235647559165955,8.11635971069336,57.14157485961914,1.0107721090316772,4.7184247970581055,24.0
660,22.34967803955078,5.6982039495778736e-06,9.999999747378752e-06,1.128256916999817,4.513027667999268,0.06297600269317627,40.966796875,0.007840770296752453,0.0005353112355805933,0.07185626029968262,-0.0002895811339840293,5.16373348236084,5.16373348236084,-4.655277252197266,-9.819009780883789,0.010440725833177567,0.004381103441119194,5.1637332944665104e-05,-2.630661964416504,18.219669342041016,12.397378921508789,15.751843452453613,0.0,0.044125303626060486,1.8749085664749146,10.473483085632324,0.9944251179695129,0.19244201481342316,0.05516492575407028,561.0,634.5599975585938,9.999999747378752e-06,24.0,1.0,329.0069580078125,2.9950363636016846,0.04176436364650726,86.28284454345703,2.0735368728637695,96.95957946777344,185.31736755371094,2.9949817657470703,4.114406585693359,0.7858340740203857,2.7324399948120117,5.0650482177734375,7.577540874481201,10.614328384399414,9.837862968444824,-9.903722763061523,-9.621767044067383,0.006241403054445982,0.010416666977107525,0.0416666679084301,1.6220784187316895,0.5345138311386108,50.40625,49.0,-9.213644981384277,-9.213644981384277,0.9981435537338257,4.7184247970581055,-4.721071243286133,-4.736808776855469,0.010023943148553371,0.010416666977107525,0.0520833358168602,4.475249290466309,0.0329168438911438,50.177085876464844,49.0,-1.2786121368408203,5.019702911376953,2.5727901458740234,0.4733172059059143,0.0625,0.9270833730697632,-0.00399940786883235,0.009999999776482582,50.5,0.00595315545797348,0.9895833730697632,0.009598677977919579,0.999940812587738,0.0,0.0,-7.594311237335205,489.8021240234375,4.7184247970581055,-4.721071243286133,-4.762887954711914,0.010023942217230797,0.010416666977107525,0.0520833358168602,4.475249290466309,0.0329168438911438,50.177085876464844,47.0,-1.2786122560501099,4.713719367980957,0.010416666977107525,8.555030822753906,1.0,9.999999747378752e-05,9.999999747378752e-06,4.414446830749512,-4.416823863983154,-4.460485458374023,0.01354044210165739,0.03125,0.1458333283662796,4.474632263183594,0.03260625898838043,33.0625,24.5,-0.9843543171882629,4.414446830749512,-4.416823863983154,-4.460485458374023,0.01354044210165739,0.03125,0.1458333283662796,4.474632263183594,0.03260625898838043,33.0625,24.5,-0.9843543171882629,0.15489868819713593,8.090364456176758,56.97039794921875,1.0265156030654907,4.7184247970581055,24.0
670,22.263004302978516,5.781650543212891e-06,9.999999747378752e-06,1.1541739702224731,4.616695880889893,0.06393600255250931,40.966796875,0.007741072215139866,0.0005353112355805933,0.07185626029968262,-0.0002892496413551271,3.680363655090332,3.680363655090332,-4.556025981903076,-8.23638916015625,0.012045321986079216,0.023182809352874756,3.680363442981616e-05,-3.7122721672058105,17.55425262451172,9.429777145385742,12.550479888916016,0.0,0.06507567316293716,1.899766445159912,10.644659996032715,0.9943485260009766,0.19499343633651733,0.05516492575407028,571.0,644.1599731445312,9.999999747378752e-06,24.0,1.0,328.7677001953125,2.995023488998413,0.04480878263711929,86.72725677490234,2.0708441734313965,97.63795471191406,186.4369354248047,2.99497652053833,3.6461517810821533,0.2929871082305908,2.191756248474121,4.171114921569824,6.484274387359619,9.68692398071289,9.819009780883789,-9.837862968444824,-9.503913879394531,0.006241403054445982,0.010416666977107525,0.0416666679084301,1.6224336624145508,0.5063535571098328,50.26041793823242,49.0,-9.213644981384277,-9.213644981384277,0.9952558279037476,4.711637496948242,-4.7184247970581055,-4.730666637420654,0.010078062303364277,0.010416666977107525,0.0520833358168602,4.480704307556152,0.03247157484292984,50.04166793823242,49.0,-1.235038161277771,5.019702911376953,2.5666871070861816,0.4729872941970825,0.0625,0.9270833730697632,-0.00399940786883235,0.009999999776482582,50.5,0.006162750069051981,0.9895833730697632,0.009722026064991951,0.9999386668205261,0.0,0.0,-7.580779075622559,496.1458740234375,4.711637496948242,-4.7184247970581055,-4.762887954711914,0.010078062303364277,0.010416666977107525,0.0520833358168602,4.480703830718994,0.03247157484292984,50.04166793823242,47.0,-1.2350380420684814,4.713719367980957,0.0,8.224745750427246,1.0,9.999999747378752e-05,9.999999747378752e-06,4.41085147857666,-4.414446830749512,-4.4566192626953125,0.01368042454123497,0.03125,0.1458333283662796,4.486216068267822,0.03280981630086899,32.97916793823242,24.25,-0.9843543171882629,4.41085147857666,-4.414446830749512,-4.4566192626953125,0.01368042454123497,0.03125,0.1458333283662796,4.486216068267822,0.03280981630086899,32.97916793823242,24.25,-0.9843543171882629,0.15743033587932587,8.064390182495117,56.799713134765625,1.0390342473983765,4.711637496948242,24.0
680,21.847736358642578,4.863738922722405e-06,9.999999747378752e-06,1.1545207500457764,4.6180830001831055,0.06489600241184235,40.966796875,0.007840770296752453,0.000575258512981236,0.07639726251363754,-0.00026707525830715895,3.4079437255859375,3.4079437255859375,-4.615001678466797,-8.022945404052734,0.010907692834734917,0.023277487605810165,3.4079435863532126e-05,-4.347056865692139,15.859201431274414,10.245942115783691,13.053555488586426,0.0,0.05541035532951355,1.9248006343841553,10.815342903137207,0.9942364692687988,0.19756297767162323,0.05516492575407028,581.0,653.760009765625,9.999999747378752e-06,24.0,1.0,329.73321533203125,2.9949827194213867,0.055146474391222,86.7364273071289,2.056802749633789,98.3531723022461,187.17630004882812,2.9949448108673096,3.5033185482025146,-0.3004944324493408,1.3166892528533936,3.536609411239624,5.59934139251709,8.497220039367676,9.819009780883789,-9.837862968444824,-9.503913879394531,0.0064590866677463055,0.010416666977107525,0.0416666679084301,1.6224336624145508,0.5063535571098328,50.0,48.0,-9.213644981384277,-9.213644981384277,0.9900990128517151,4.70567512512207,-4.711637496948242,-4.730666637420654,0.010078062303364277,0.010416666977107525,0.0520833358168602,4.49654483795166,0.03066394291818142,50.04166793823242,49.0,-1.2070146799087524,5.019702911376953,2.5666871070861816,0.4729872941970825,0.0625,0.9270833730697632,-0.00399940786883235,0.009999999776482582,50.5,0.006495801731944084,0.9895833730697632,0.00979024451225996,0.9999370574951172,0.0,0.010416666977107525,-7.579885482788086,496.1458740234375,4.70567512512207,-4.711637496948242,-4.7570319175720215,0.010078062303364277,0.010416666977107525,0.0520833358168602,4.49654483795166,0.03066394291818142,50.04166793823242,45.75,-1.2070146799087524,4.7002177238464355,0.010416666977107525,8.261324882507324,1.0,9.999999747378752e-05,9.999999747378752e-06,4.41085147857666,-4.414446830749512,-4.4566192626953125,0.01368042454123497,0.03125,0.1458333283662796,4.4869065284729,0.03280981630086899,32.97916793823242,24.25,-0.9843543171882629,4.41085147857666,-4.414446830749512,-4.4566192626953125,0.01368042454123497,0.03125,0.1458333283662796,4.4869065284729,0.03280981630086899,32.97916793823242,24.25,-0.9843543171882629,0.15995466709136963,8.039523124694824,56.629390716552734,1.0502150058746338,4.70567512512207,24.0
690,22.241838455200195,5.733966645493638e-06,9.999999747378752e-06,1.1514767408370972,4.605906963348389,0.06585600227117538,40.966796875,0.008242491632699966,0.000575258512981236,0.07639726251363754,-0.00013616945943795145,3.3437676429748535,3.3437676429748535,-4.684706687927246,-8.028474807739258,0.010112723335623741,0.009658388793468475,3.3437674574088305e-05,-3.6136558055877686,13.852537155151367,9.338593482971191,12.504148483276367,0.0,0.04467440024018288,1.9503153562545776,10.98567008972168,0.9941172003746033,0.20018182694911957,0.05479615181684494,591.0,663.3599853515625,9.999999747378752e-06,24.0,1.0,329.5201416015625,2.994941473007202,0.05541035532951355,86.14789581298828,2.0400400161743164,98.69854736328125,186.87901306152344,2.9949045181274414,3.3033792972564697,-0.34957218170166016,1.2051459550857544,3.246283531188965,5.362656116485596,7.925048828125,9.819009780883789,-9.837862968444824,-9.503913879394531,0.0064590866677463055,0.010416666977107525,0.0416666679084301,1.6224336624145508,0.5063535571098328,49.97916793823242,48.0,-9.213644981384277,-9.213644981384277,0.9896864891052246,4.700998306274414,-4.70567512512207,-4.719826698303223,0.010112723335623741,0.010416666977107525,0.0520833358168602,4.500273704528809,0.029881514608860016,50.04166793823242,49.0,-1.2025474309921265,5.019702911376953,2.5666871070861816,0.4729872941970825,0.0729166716337204,0.9166666865348816,-0.00399940786883235,0.009999999776482582,50.5,0.006608748808503151,0.9895833730697632,0.00979024451225996,0.9999370574951172,0.0,0.010416666977107525,-7.579885482788086,496.1458740234375,4.700998306274414,-4.70567512512207,-4.743862628936768,0.010112723335623741,0.010416666977107525,0.0520833358168602,4.500273704528809,0.029881512746214867,50.04166793823242,47.0,-1.2025474309921265,4.701682090759277,0.010416666977107525,8.264402389526367,1.0,9.999999747378752e-05,9.999999747378752e-06,4.41085147857666,-4.414446830749512,-4.4566192626953125,0.01354044210165739,0.03125,0.1458333283662796,4.487154483795166,0.03230177238583565,32.94791793823242,24.5,-0.9763141870498657,4.41085147857666,-4.414446830749512,-4.4566192626953125,0.01354044210165739,0.03125,0.1458333283662796,4.487154483795166,0.03230177238583565,32.94791793823242,24.5,-0.9763141870498657,0.16247373819351196,8.014426231384277,56.45967483520508,1.0648138523101807,4.700998306274414,24.0
700,22.317459106445312,5.900859832763672e-06,9.999999747378752e-06,1.147383213043213,4.589532852172852,0.06681600213050842,40.966796875,0.008242491632699966,0.0005353112355805933,0.07185626029968262,-0.00026707525830715895,4.568159103393555,4.568159103393555,-4.7212724685668945,-9.28943157196045,0.009689772501587868,0.0030866048764437437,4.568159056361765e-05,-2.492964506149292,14.12379264831543,10.54804515838623,13.741098403930664,0.0,0.053120892494916916,1.976277470588684,11.155384063720703,0.9940580725669861,0.20284658670425415,0.05516492575407028,601.0,672.9600219726562,9.999999747378752e-06,24.0,1.0,330.93939208984375,2.9949162006378174,0.053120892494916916,84.7348403930664,2.0306396484375,98.6356430053711,185.4010772705078,2.994879961013794,3.229123115539551,-0.043982505798339844,1.4223484992980957,3.3600618839263916,5.498378753662109,7.7769455909729,9.819009780883789,-9.837862968444824,-9.503913879394531,0.006241403054445982,0.010416666977107525,0.0416666679084301,1.6224336624145508,0.5063535571098328,49.97916793823242,48.0,-9.213644981384277,-9.213644981384277,0.9896864891052246,4.70567512512207,-4.711637496948242,-4.719826698303223,0.010078062303364277,0.010416666977107525,0.0520833358168602,4.500273704528809,0.029881514608860016,50.19791793823242,49.0,-1.2025474309921265,5.019702911376953,2.5727901458740234,0.4729872941970825,0.0625,0.9270833730697632,-0.00399940786883235,0.009999999776482582,50.5,0.006608748808503151,0.9895833730697632,0.00979024451225996,0.9999370574951172,0.0,0.0,-7.580779075622559,496.1458740234375,4.70567512512207,-4.711637496948242,-4.755349636077881,0.010078062303364277,0.010416666977107525,0.0520833358168602,4.500273704528809,0.029881512746214867,50.19792175292969,47.0,-1.2025474309921265,4.703923225402832,0.010416666977107525,8.294435501098633,1.0,9.999999747378752e-05,9.999999747378752e-06,4.414446830749512,-4.416823863983154,-4.460485458374023,0.013486879877746105,0.03125,0.1354166716337204,4.488039016723633,0.03193953260779381,32.97916793823242,24.5,-0.9763141870498657,4.414446830749512,-4.416823863983154,-4.460485458374023,0.013486879877746105,0.03125,0.1354166716337204,4.488039016723633,0.03193953260779381,32.97916793823242,24.5,-0.9763141870498657,0.16498373448848724,7.988409042358398,56.29064178466797,1.0744493007659912,4.70567512512207,24.0
710,22.326704025268555,5.793571290269028e-06,9.999999747378752e-06,1.150902271270752,4.603609085083008,0.06777600198984146,40.966796875,0.008242491632699966,0.0005117056425660849,0.07185626029968262,-0.0002892496413551271,4.621070861816406,4.621070861816406,-4.679262638092041,-9.300333976745605,0.010013634338974953,0.003950905054807663,4.621070911525749e-05,-2.4411721229553223,14.287755966186523,10.522930145263672,12.911887168884277,0.0,0.07195588201284409,2.0006260871887207,11.32441520690918,0.9939193725585938,0.2053457498550415,0.05516492575407028,611.0,682.5599975585938,9.999999747378752e-06,24.0,1.0,331.4239807128906,2.994915723800659,0.04959359019994736,83.12981414794922,2.0290958881378174,98.33177947998047,183.3857879638672,2.994875431060791,3.4061717987060547,0.21944332122802734,1.8428038358688354,3.9202942848205566,6.262767791748047,8.56434440612793,9.819009780883789,-9.837862968444824,-9.555740356445312,0.005414839368313551,0.010416666977107525,0.0416666679084301,1.6224336624145508,0.5063535571098328,49.97916793823242,48.0,-9.213644981384277,-9.213644981384277,0.9896864891052246,4.700998306274414,-4.70567512512207,-4.711569786071777,0.010078062303364277,0.010416666977107525,0.0520833358168602,4.5008344650268555,0.02945014461874962,50.04166793823242,47.0,-1.1964941024780273,5.019702911376953,2.608090400695801,0.47598379850387573,0.0625,0.9375,-0.005217928439378738,0.009999999776482582,50.5,0.006608748808503151,0.9895833730697632,0.009722026064991951,0.9999386668205261,0.0,0.0,-7.580779075622559,495.97918701171875,4.700998306274414,-4.70567512512207,-4.743862628936768,0.010078062303364277,0.010416666977107525,0.0520833358168602,4.500833988189697,0.02945014275610447,50.04166793823242,45.5,-1.1964941024780273,4.707111358642578,0.0,8.331979751586914,1.0,9.999999747378752e-05,9.999999747378752e-06,4.414446830749512,-4.416823863983154,-4.460485458374023,0.013486879877746105,0.03125,0.1354166716337204,4.48828649520874,0.031126799061894417,32.97916793823242,24.5,-0.9603017568588257,4.414446830749512,-4.416823863983154,-4.460485458374023,0.013486879877746105,0.03125,0.1354166716337204,4.48828649520874,0.031126799061894417,32.97916793823242,24.5,-0.9603017568588257,0.1674836426973343,7.963064670562744,56.12199401855469,1.0818655490875244,4.700998306274414,24.0
720,22.46293067932129,5.4836273193359375e-06,9.999999747378752e-06,1.1357096433639526,4.5428385734558105,0.0687360018491745,40.966796875,0.008386923931539059,0.0005117056425660849,0.07639726251363754,-0.00013616945943795145,3.8548502922058105,3.8548502922058105,-4.57258939743042,-8.42743968963623,0.010977813974022865,0.005567954387515783,3.8548503653146327e-05,-2.527592897415161,17.252674102783203,9.394662857055664,11.29482650756836,0.0,0.04563574120402336,2.027474880218506,11.493062019348145,0.9937843084335327,0.2081015259027481,0.055177755653858185,621.0,692.1599731445312,9.999999747378752e-06,24.0,1.0,330.39501953125,2.9949235916137695,0.04969990998506546,81.97073364257812,2.0319557189941406,98.2587890625,182.30728149414062,2.994879961013794,3.4785358905792236,0.21631717681884766,1.8260481357574463,4.240484237670898,6.351042747497559,8.929737091064453,9.819009780883789,-9.837862968444824,-9.555740356445312,0.005567954387515783,0.010416666977107525,0.0416666679084301,1.6224336624145508,0.5063535571098328,49.208335876464844,48.0,-9.213644981384277,-9.213644981384277,0.9744225144386292,4.689933776855469,-4.70567512512207,-4.709264755249023,0.010078062303364277,0.010416666977107525,0.0520833358168602,4.503154754638672,0.02932840585708618,49.520835876464844,47.0,-1.1827008724212646,5.019702911376953,2.608090400695801,0.47598379850387573,0.0625,0.9375,-0.005217928439378738,0.009999999776482582,50.5,0.006608748808503151,0.9895833730697632,0.009722026064991951,0.9999386668205261,0.0,0.0,-7.580779075622559,495.97918701171875,4.689933776855469,-4.70567512512207,-4.732071399688721,0.010078062303364277,0.010416666977107525,0.0520833358168602,4.503154754638672,0.02932840771973133,49.520835876464844,45.5,-1.1827008724212646,4.710501194000244,0.010416666977107525,8.294048309326172,1.0,9.999999747378752e-05,9.999999747378752e-06,4.414446830749512,-4.416823863983154,-4.460485458374023,0.013486879877746105,0.03125,0.1354166716337204,4.48828649520874,0.031126799061894417,32.94791793823242,24.5,-0.9603017568588257,4.414446830749512,-4.416823863983154,-4.460485458374023,0.013486879877746105,0.03125,0.1354166716337204,4.48828649520874,0.031126799061894417,32.94791793823242,24.5,-0.9603017568588257,0.16997785866260529,7.938962459564209,55.953697204589844,1.0954262018203735,4.689933776855469,24.0
730,22.24832534790039,4.732608886115486e-06,9.999999747378752e-06,1.1172964572906494,4.469185829162598,0.06969600170850754,40.966796875,0.008386923931539059,0.000659350655041635,0.07639726251363754,-0.00013616945943795145,4.3872857093811035,4.3872857093811035,-4.697295188903809,-9.08458137512207,0.009969928301870823,0.0065322984009981155,4.387285662232898e-05,-3.759634494781494,16.8389892578125,12.063203811645508,16.48222541809082,0.0,0.08080519735813141,2.053062915802002,11.661360740661621,0.9936883449554443,0.21072790026664734,0.055177755653858185,631.0,701.760009765625,9.999999747378752e-06,24.0,1.0,329.8224182128906,2.9948675632476807,0.049830928444862366,80.90833282470703,2.013808250427246,98.24211120605469,181.16424560546875,2.994833469390869,3.6831071376800537,-0.1352536678314209,1.5665555000305176,3.9616174697875977,6.195359230041504,9.250778198242188,9.819009780883789,-9.837862968444824,-9.555740356445312,0.005567954387515783,0.010416666977107525,0.0416666679084301,1.6224336624145508,0.5063535571098328,49.208335876464844,48.0,-9.213644981384277,-9.213644981384277,0.9744225144386292,4.689933776855469,-4.697295188903809,-4.7065935134887695,0.010078062303364277,0.010416666977107525,0.0520833358168602,4.5054497718811035,0.02930465340614319,49.520835876464844,47.0,-1.1685049533843994,5.019702911376953,2.608090400695801,0.47598379850387573,0.0625,0.9375,-0.005217928439378738,0.009999999776482582,50.5,0.006608748808503151,0.9895833730697632,0.009722026064991951,0.9999386668205261,0.0,0.0,-7.579301834106445,495.97918701171875,4.689933776855469,-4.697295665740967,-4.725222587585449,0.010078062303364277,0.010416666977107525,0.0520833358168602,4.5054497718811035,0.02930465340614319,49.520835876464844,45.5,-1.1685049533843994,4.711951732635498,0.010416666977107525,8.301777839660645,1.0,9.999999747378752e-05,9.999999747378752e-06,4.414446830749512,-4.416823863983154,-4.460485458374023,0.013486879877746105,0.03125,0.1354166716337204,4.488527297973633,0.03193953260779381,32.94791793823242,24.5,-0.9603017568588257,4.414446830749512,-4.416823863983154,-4.460485458374023,0.013486879877746105,0.03125,0.1354166716337204,4.488527297973633,0.03193953260779381,32.94791793823242,24.5,-0.9603017568588257,0.1724669337272644,7.914516448974609,55.7860221862793,1.1015164852142334,4.689933776855469,24.0
740,22.372953414916992,5.793571290269028e-06,9.999999747378752e-06,1.1478878259658813,4.591551303863525,0.07065600156784058,40.966796875,0.008386923931539059,0.0005117056425660849,0.06915938854217529,-0.0001020117342704907,4.817775726318359,4.817775726318359,-4.6505889892578125,-9.468364715576172,0.01073380745947361,0.018790461122989655,4.817775698029436e-05,-3.683751106262207,18.66802978515625,12.295095443725586,16.748416900634766,0.0,0.06280022859573364,2.077425718307495,11.829038619995117,0.9936015605926514,0.2132285237312317,0.05516492575407028,641.0,711.3599853515625,9.999999747378752e-06,24.0,1.0,329.9423828125,2.994716167449951,0.057468704879283905,79.89469146728516,1.9512137174606323,98.15088653564453,180.01100158691406,2.9946742057800293,3.6570537090301514,0.08849978446960449,1.5665555000305176,3.852847099304199,6.195359230041504,9.13037109375,9.746877670288086,-9.819009780883789,-9.503913879394531,0.006241403054445982,0.010416666977107525,0.0520833358168602,1.6846868991851807,0.4994584023952484,49.26041793823242,48.0,-9.124078750610352,-9.124078750610352,0.975453794002533,4.686493873596191,-4.689933776855469,-4.7065935134887695,0.010078062303364277,0.010416666977107525,0.0520833358168602,4.5054497718811035,0.02930465340614319,49.520835876464844,47.0,-1.1685049533843994,4.720059394836426,2.608090400695801,0.4729872941970825,0.0625,0.9270833730697632,-0.00399940786883235,0.009999999776482582,50.5,0.006608748808503151,0.9895833730697632,0.009598677977919579,0.9999405145645142,0.0,0.0,-7.579301834106445,495.97918701171875,4.686493873596191,-4.689933776855469,-4.725222587585449,0.010078062303364277,0.010416666977107525,0.0520833358168602,4.5054497718811035,0.02930465340614319,49.520835876464844,45.5,-1.1685049533843994,4.688259601593018,0.010416666977107525,7.997074604034424,1.0,9.999999747378752e-05,9.999999747378752e-06,4.414446830749512,-4.416823863983154,-4.460485458374023,0.01344142947345972,0.03125,0.1354166716337204,4.488527297973633,0.031126799061894417,32.94791793823242,24.75,-0.9262073040008545,4.414446830749512,-4.416823863983154,-4.460485458374023,0.01344142947345972,0.03125,0.1354166716337204,4.488527297973633,0.031126799061894417,32.94791793823242,24.75,-0.9262073040008545,0.1749468296766281,7.889441967010498,55.61892318725586,1.106628179550171,4.686493873596191,24.0
750,22.16946029663086,5.6147573559428565e-06,9.999999747378752e-06,1.1557034254074097,4.622813701629639,0.07161600142717361,40.966796875,0.008386923931539059,0.0005117056425660849,0.06915938854217529,-0.00013616945943795145,6.561351776123047,6.561351776123047,-4.659404754638672,-11.220756530761719,0.01056833565235138,0.01417945884168148,6.561352347489446e-05,-3.5392627716064453,20.434696197509766,14.751115798950195,19.025794982910156,0.0,0.07263080030679703,2.1019654273986816,11.996133804321289,0.9934432506561279,0.21574729681015015,0.05479615181684494,651.0,720.9600219726562,9.999999747378752e-06,24.0,1.0,330.9428405761719,2.994521379470825,0.07019612193107605,78.75537109375,1.8801792860031128,97.48707580566406,178.12261962890625,2.9944798946380615,3.9948296546936035,0.11688530445098877,1.9577586650848389,4.291712760925293,7.143402576446533,10.328960418701172,9.746877670288086,-9.819009780883789,-9.503913879394531,0.0065322984009981155,0.010416666977107525,0.0520833358168602,1.6224336624145508,0.4994584023952484,49.26041793823242,48.0,-9.124078750610352,-9.124078750610352,0.975453794002533,4.684706687927246,-4.686493873596191,-4.7065935134887695,0.010078062303364277,0.010416666977107525,0.0520833358168602,4.5054497718811035,0.02930465340614319,49.520835876464844,47.0,-1.1685049533843994,4.720059394836426,2.6642799377441406,0.4767226576805115,0.0729166716337204,0.9166666865348816,-0.0034376289695501328,0.009999999776482582,50.5,0.006608748808503151,0.9895833730697632,0.009598677977919579,0.9999405145645142,0.0,0.0,-7.575112342834473,496.1458740234375,4.684706211090088,-4.686493873596191,-4.7182698249816895,0.010078062303364277,0.010416666977107525,0.0520833358168602,4.5054497718811035,0.02930465340614319,49.520835876464844,45.25,-1.1685049533843994,4.688259601593018,0.010416666977107525,7.997074604034424,1.0,9.999999747378752e-05,9.999999747378752e-06,4.41085147857666,-4.414446830749512,-4.460485458374023,0.013440079987049103,0.03125,0.1354166716337204,4.488527297973633,0.03193953260779381,32.88541793823242,25.0,-0.9603017568588257,4.41085147857666,-4.414446830749512,-4.460485458374023,0.013440079987049103,0.03125,0.1354166716337204,4.488527297973633,0.03193953260779381,32.88541793823242,25.0,-0.9603017568588257,0.17741809785366058,7.864542007446289,55.452266693115234,1.1172806024551392,4.684706211090088,24.0
760,22.113651275634766,4.839896973862778e-06,9.999999747378752e-06,1.1021068096160889,4.4084272384643555,0.07257600128650665,40.966796875,0.008386923931539059,0.0005117056425660849,0.07840533554553986,-0.0001020117342704907,11.033187866210938,11.033187866210938,-4.806878566741943,-15.840065002441406,0.009064684621989727,0.00114819360896945,0.00011033187911380082,-0.6271650791168213,29.77728843688965,23.527637481689453,28.392568588256836,0.0,0.04962259903550148,2.1289265155792236,12.162789344787598,0.9934095144271851,0.2185146063566208,0.05479615181684494,661.0,730.5599975585938,9.999999747378752e-06,24.0,1.0,333.3597717285156,2.994325637817383,0.07241730391979218,75.56207275390625,1.8055026531219482,95.69464111328125,173.0622100830078,2.9942550659179688,4.876351356506348,0.4486672878265381,3.3131637573242188,6.308233737945557,9.397920608520508,12.859676361083984,9.746877670288086,-9.819009780883789,-9.555740356445312,0.0065322984009981155,0.010416666977107525,0.0520833358168602,1.5403811931610107,0.5409721732139587,49.26041793823242,48.0,-9.124078750610352,-9.124078750610352,0.975453794002533,4.684706687927246,-4.686493873596191,-4.709264755249023,0.010013634338974953,0.010416666977107525,0.0520833358168602,4.5054497718811035,0.02930465340614319,50.04166793823242,47.0,-1.1827008724212646,4.720059394836426,2.6703381538391113,0.4777735471725464,0.0729166716337204,0.9166666865348816,-0.0034376289695501328,0.009999999776482582,50.5,0.006706676911562681,0.9895833730697632,0.009598677977919579,0.9999405145645142,0.0,0.0,-7.575112342834473,497.60418701171875,4.684706211090088,-4.686493873596191,-4.7182698249816895,0.010013634338974953,0.010416666977107525,0.0520833358168602,4.5054497718811035,0.02930465340614319,50.04166793823242,45.25,-1.1827008724212646,4.68826961517334,0.010416666977107525,8.240978240966797,1.0,9.999999747378752e-05,9.999999747378752e-06,4.414446830749512,-4.4170732498168945,-4.470037937164307,0.013394038192927837,0.03125,0.1354166716337204,4.489286422729492,0.031126799061894417,33.5625,25.25,-0.9262073040008545,4.414446830749512,-4.4170732498168945,-4.470037937164307,0.013394038192927837,0.03125,0.1354166716337204,4.489286422729492,0.031126799061894417,33.5625,25.25,-0.9262073040008545,0.17988286912441254,7.840440273284912,55.286048889160156,1.1242458820343018,4.684706211090088,24.0
770,22.72100257873535,5.8770178839040454e-06,9.999999747378752e-06,1.1483896970748901,4.5935587882995605,0.07353600114583969,40.966796875,0.008242491632699966,0.0005117056425660849,0.07840533554553986,-0.0001020117342704907,11.006930351257324,11.006930351257324,-4.748765468597412,-15.755695343017578,0.009821802377700806,0.01508483849465847,0.00011006930435542017,-4.3480634689331055,39.05646514892578,23.417057037353516,26.27104949951172,0.0,0.07095440477132797,2.1507010459899902,12.329007148742676,0.9933229684829712,0.22074955701828003,0.05479615181684494,671.0,740.1599731445312,9.999999747378752e-06,24.0,1.0,334.2538757324219,2.9942407608032227,0.052409060299396515,72.02794647216797,1.7721284627914429,93.3329086303711,167.1223602294922,2.994143486022949,6.057081699371338,1.5476973056793213,4.716113567352295,9.52098274230957,13.814081192016602,16.457481384277344,9.819009780883789,-9.837862968444824,-9.778331756591797,0.0065322984009981155,0.010416666977107525,0.0520833358168602,1.5035724639892578,0.5586575269699097,50.0,49.0,-9.213644981384277,-9.213644981384277,0.9900990128517151,4.684706687927246,-4.686493873596191,-4.709264755249023,0.010013634338974953,0.010416666977107525,0.0520833358168602,4.5054497718811035,0.02930465340614319,50.04166793823242,47.0,-1.1827008724212646,5.020647048950195,2.801877975463867,0.4930671155452728,0.0729166716337204,0.9166666865348816,-0.0034376289695501328,0.009999999776482582,50.5,0.006727883592247963,0.9895833730697632,0.009326767176389694,0.9999405145645142,0.0,0.0,-7.573207378387451,497.60418701171875,4.684706211090088,-4.686493873596191,-4.7182698249816895,0.010013634338974953,0.010416666977107525,0.0520833358168602,4.5054497718811035,0.02930465340614319,50.04166793823242,45.25,-1.1827008724212646,4.68826961517334,0.02083333395421505,8.119790077209473,1.0,9.999999747378752e-05,9.999999747378752e-06,4.414446830749512,-4.4170732498168945,-4.470037937164307,0.013394038192927837,0.03125,0.1354166716337204,4.488527297973633,0.031126799061894417,33.5625,25.25,-0.9262073040008545,4.414446830749512,-4.4170732498168945,-4.470037937164307,0.013394038192927837,0.03125,0.1354166716337204,4.488527297973633,0.031126799061894417,33.5625,25.25,-0.9262073040008545,0.18234115839004517,7.815933704376221,55.12030792236328,1.131295919418335,4.684706211090088,24.0
780,22.414772033691406,5.865097136847908e-06,9.999999747378752e-06,1.151291847229004,4.605167388916016,0.07449600100517273,40.966796875,0.008242491632699966,0.000659350655041635,0.08209724724292755,-0.00013616945943795145,9.2879056930542,9.2879056930542,-4.699802398681641,-13.98770809173584,0.010125918313860893,0.014120343141257763,9.287905413657427e-05,-4.672915935516357,36.98752975463867,19.704978942871094,28.486106872558594,0.0,0.06502749025821686,2.1747140884399414,12.494749069213867,0.9931924343109131,0.2232142686843872,0.05368039011955261,681.0,749.760009765625,9.999999747378752e-06,24.0,1.0,333.42413330078125,2.9942901134490967,0.050978049635887146,71.6905288696289,1.784698724746704,92.36600494384766,165.87704467773438,2.9941799640655518,6.5022430419921875,2.253706216812134,6.157932758331299,10.211284637451172,14.508883476257324,18.819503784179688,9.837862968444824,-10.231233596801758,-9.96722412109375,0.0065322984009981155,0.010416666977107525,0.0520833358168602,1.4710392951965332,0.5666458606719971,49.26041793823242,48.0,-9.575213432312012,-9.575213432312012,0.975453794002533,4.684706687927246,-4.686493873596191,-4.709264755249023,0.010078062303364277,0.010416666977107525,0.0520833358168602,4.5054497718811035,0.02930465340614319,50.04166793823242,47.0,-1.1827008724212646,5.160801887512207,2.8068912029266357,0.4954002797603607,0.0729166716337204,0.9166666865348816,-0.0034376289695501328,0.009999999776482582,50.5,0.006727883592247963,0.9895833730697632,0.0093192458152771,0.9999405145645142,0.0,0.0,-7.573207378387451,498.3020935058594,4.684706211090088,-4.686493873596191,-4.7182698249816895,0.010078062303364277,0.010416666977107525,0.0520833358168602,4.5054497718811035,0.02930465340614319,50.04166793823242,45.25,-1.1827008724212646,4.689898490905762,0.010416666977107525,8.361675262451172,1.0,9.999999747378752e-05,9.999999747378752e-06,4.414446830749512,-4.4170732498168945,-4.468120574951172,0.013394038192927837,0.03125,0.1354166716337204,4.495264530181885,0.031126799061894417,33.5625,25.25,-0.9134125709533691,4.414446830749512,-4.4170732498168945,-4.468120574951172,0.013394038192927837,0.03125,0.1354166716337204,4.495264530181885,0.031126799061894417,33.5625,25.25,-0.9134125709533691,0.1847924143075943,7.791343688964844,54.95515441894531,1.1401163339614868,4.684706211090088,24.0
790,21.92361068725586,5.066394805908203e-06,9.999999747378752e-06,1.1510980129241943,4.604392051696777,0.07545600086450577,40.966796875,0.007584791164845228,0.0005117056425660849,0.07840533554553986,-0.00022823235485702753,6.630043029785156,6.630043029785156,-4.656576156616211,-11.286619186401367,0.01040540263056755,0.015647847205400467,6.630043208133429e-05,-4.0035080909729,34.145652770996094,15.563430786132812,23.70205307006836,0.0,0.0782090350985527,2.2003118991851807,12.659907341003418,0.9931113719940186,0.22584165632724762,0.053561411798000336,691.0,759.3599853515625,9.999999747378752e-06,24.0,1.0,332.08343505859375,2.9944186210632324,0.05819426849484444,72.35848236083984,1.8326046466827393,91.7600326538086,165.9610137939453,2.994325637817383,5.7625298500061035,1.5258376598358154,4.805947303771973,8.669563293457031,12.794795036315918,16.52867889404297,9.837862968444824,-10.231233596801758,-10.416892051696777,0.0065322984009981155,0.010416666977107525,0.0520833358168602,1.453243613243103,0.5666458606719971,49.208335876464844,48.0,-9.575213432312012,-9.575213432312012,0.9744225144386292,4.679262638092041,-4.684706687927246,-4.7065935134887695,0.010112723335623741,0.010416666977107525,0.0520833358168602,4.505943775177002,0.028087247163057327,48.927085876464844,46.0,-1.1685049533843994,5.326854705810547,2.968867778778076,0.5033867955207825,0.0729166716337204,0.9270833730697632,-0.0034376289695501328,0.009999999776482582,50.5,0.006815203465521336,0.9895833730697632,0.009191448800265789,0.9999421834945679,0.0,0.0,-7.564208984375,500.6875,4.679262638092041,-4.684706211090088,-4.704910755157471,0.010112723335623741,0.010416666977107525,0.0520833358168602,4.505943775177002,0.028087245300412178,48.927085876464844,45.0,-1.1685049533843994,4.699802398681641,0.0,7.972103118896484,1.0,9.999999747378752e-05,9.999999747378752e-06,4.414446830749512,-4.4170732498168945,-4.468120574951172,0.013245813548564911,0.03125,0.1354166716337204,4.5016350746154785,0.02986404299736023,33.5625,25.0,-0.8907210230827332,4.414446830749512,-4.4170732498168945,-4.468120574951172,0.013245813548564911,0.03125,0.1354166716337204,4.5016350746154785,0.02986404299736023,33.5625,25.0,-0.8907210230827332,0.1872350424528122,7.766252517700195,54.79052734375,1.1472456455230713,4.679262638092041,24.0
800,22.146060943603516,5.6147573559428565e-06,9.999999747378752e-06,1.1511811017990112,4.604724407196045,0.0764160007238388,40.966796875,0.007584791164845228,0.000659350655041635,0.07840533554553986,-0.00013616945943795145,5.681149959564209,5.681149959564209,-4.663959980010986,-10.345109939575195,0.009995643049478531,0.009704524651169777,5.681149923475459e-05,-3.350478410720825,21.252605438232422,12.540760040283203,18.594032287597656,0.0,0.06961838155984879,2.224602460861206,12.824531555175781,0.9929722547531128,0.22833485901355743,0.053561411798000336,701.0,768.9600219726562,9.999999747378752e-06,24.0,1.0,332.80682373046875,2.9944872856140137,0.06233207881450653,72.5168685913086,1.865445852279663,91.50738525390625,165.84593200683594,2.9944207668304443,4.817713260650635,0.7907235622406006,3.534335136413574,5.955835342407227,8.926568031311035,12.970457077026367,10.231233596801758,-10.345109939575195,-10.416892051696777,0.0065322984009981155,0.010416666977107525,0.0625,1.4554646015167236,0.5666458606719971,49.26041793823242,48.0,-9.69666862487793,-9.69666862487793,0.975453794002533,4.663959980010986,-4.679262638092041,-4.689777851104736,0.010112723335623741,0.010416666977107525,0.0520833358168602,4.506608009338379,0.027813520282506943,48.677085876464844,46.0,-1.098829984664917,5.383513450622559,2.9166693687438965,0.5095665454864502,0.0729166716337204,0.9270833730697632,-0.0034376289695501328,0.009999999776482582,50.5,0.007017404306679964,0.9895833730697632,0.009191448800265789,0.9999421834945679,0.0,0.0,-7.5396318435668945,500.6875,4.663959980010986,-4.679262638092041,-4.703982830047607,0.010112723335623741,0.010416666977107525,0.0520833358168602,4.506608009338379,0.027813518419861794,48.677085876464844,44.0,-1.0988298654556274,4.703640937805176,0.0,8.112381935119629,1.0,9.999999747378752e-05,9.999999747378752e-06,4.414446830749512,-4.4170732498168945,-4.4566192626953125,0.013245813548564911,0.03125,0.1354166567325592,4.5024285316467285,0.028680015355348587,32.88541793823242,24.75,-0.8802015781402588,4.414446830749512,-4.4170732498168945,-4.4566192626953125,0.013245813548564911,0.03125,0.1354166567325592,4.5024285316467285,0.028680015355348587,32.88541793823242,24.75,-0.8802015781402588,0.18966977298259735,7.741565704345703,54.62641525268555,1.157765507698059,4.663959980010986,24.0
810,22.183521270751953,5.197524842515122e-06,9.999999747378752e-06,1.1445313692092896,4.578125476837158,0.07737600058317184,40.966796875,0.007533021736890078,0.0006390481721609831,0.07840533554553986,-0.00013616945943795145,4.408655166625977,4.408655166625977,-4.654985427856445,-9.063640594482422,0.010675735771656036,0.008215708658099174,4.408655149745755e-05,-2.6304306983947754,22.515146255493164,12.107303619384766,18.705739974975586,0.0,0.07271122187376022,2.250497341156006,12.988639831542969,0.9928903579711914,0.23099271953105927,0.053561411798000336,711.0,778.5599975585938,9.999999747378752e-06,24.0,1.0,331.9111328125,2.9945569038391113,0.06496775150299072,72.34020233154297,1.8939645290374756,91.569091796875,165.82232666015625,2.994500160217285,4.322000503540039,0.578223705291748,2.714944839477539,5.066356182098389,7.845229148864746,10.902044296264648,9.819009780883789,-10.345109939575195,-10.031883239746094,0.008215708658099174,0.010416666977107525,0.0625,1.5035724639892578,0.5586575269699097,49.208335876464844,48.0,-9.69666862487793,-9.69666862487793,0.9744225144386292,4.663625717163086,-4.663959980010986,-4.683526992797852,0.010125918313860893,0.010416666977107525,0.0520833358168602,4.505943775177002,0.027813520282506943,47.6875,46.0,-1.098829984664917,5.383513450622559,2.801877975463867,0.4930671155452728,0.0729166716337204,0.9270833730697632,-0.002460027113556862,0.009999999776482582,50.5,0.007017404306679964,0.9895833730697632,0.009191448800265789,0.9999421834945679,0.0,0.0,-7.5396318435668945,503.43756103515625,4.663625717163086,-4.663959980010986,-4.700118541717529,0.010125918313860893,0.010416666977107525,0.0520833358168602,4.505943775177002,0.027813518419861794,47.687503814697266,44.0,-1.0988298654556274,4.680563926696777,0.0,8.112381935119629,1.0,9.999999747378752e-05,9.999999747378752e-06,4.414446830749512,-4.4170732498168945,-4.4566192626953125,0.013284888118505478,0.03125,0.1354166567325592,4.5016350746154785,0.02986404299736023,32.88541793823242,24.75,-0.8907210230827332,4.414446830749512,-4.4170732498168945,-4.4566192626953125,0.013284888118505478,0.03125,0.1354166567325592,4.5016350746154785,0.02986404299736023,32.88541793823242,24.75,-0.8907210230827332,0.19209687411785126,7.717343330383301,54.4626579284668,1.1690020561218262,4.663625717163086,24.0
820,22.604034423828125,5.853175935044419e-06,9.999999747378752e-06,1.0874855518341064,4.349942207336426,0.07833600044250488,40.966796875,0.007533021736890078,0.0004945041728205979,0.06915938854217529,-0.0001020117342704907,4.838686943054199,4.838686943054199,-4.672806739807129,-9.511493682861328,0.010203596204519272,0.00954496581107378,4.838686800212599e-05,-3.5844502449035645,17.408916473388672,11.15014362335205,15.223926544189453,0.0,0.060733161866664886,2.274040699005127,13.1524019241333,0.9928261041641235,0.23340922594070435,0.053561411798000336,721.0,788.1599731445312,9.999999747378752e-06,24.0,1.0,331.398193359375,2.994565010070801,0.06273818761110306,72.38931274414062,1.8980907201766968,91.9026870727539,166.1911163330078,2.9945123195648193,4.006056308746338,0.4529142379760742,2.377002000808716,4.509236812591553,7.22135066986084,10.090136528015137,9.511493682861328,-9.819009780883789,-9.555740356445312,0.00954496581107378,0.010416666977107525,0.0625,1.5403811931610107,0.5291167497634888,49.208335876464844,48.0,-9.124078750610352,-9.124078750610352,0.9744225144386292,4.663625717163086,-4.663959980010986,-4.683526992797852,0.010203596204519272,0.010416666977107525,0.0520833358168602,4.505943775177002,0.027813520282506943,47.6875,46.0,-1.098829984664917,4.635006904602051,2.6642799377441406,0.4777735471725464,0.0729166716337204,0.9270833730697632,-0.0006586307426914573,0.009999999776482582,50.5,0.007017404306679964,0.9895833730697632,0.009191448800265789,0.9999421834945679,0.0,0.0,-7.538267135620117,500.6875,4.663625717163086,-4.663959980010986,-4.703982830047607,0.010203596204519272,0.010416666977107525,0.0520833358168602,4.505943775177002,0.027813518419861794,47.687503814697266,44.0,-1.0988298654556274,4.680563926696777,0.010416666977107525,8.019880294799805,1.0,9.999999747378752e-05,9.999999747378752e-06,4.4170732498168945,-4.4310994148254395,-4.463405132293701,0.013245813548564911,0.03125,0.1354166567325592,4.5024285316467285,0.028680015355348587,33.5625,24.75,-0.8907210230827332,4.4170732498168945,-4.4310994148254395,-4.463405132293701,0.013245813548564911,0.03125,0.1354166567325592,4.5024285316467285,0.028680015355348587,33.5625,24.75,-0.8907210230827332,0.19451884925365448,7.693187713623047,54.2994499206543,1.180587887763977,4.663625717163086,24.0
830,22.735607147216797,5.91278057981981e-06,9.999999747378752e-06,1.1356381177902222,4.542552471160889,0.07929600030183792,40.966796875,0.007533021736890078,0.000481980387121439,0.0635225772857666,-0.0001020117342704907,4.499216079711914,4.499216079711914,-4.681243419647217,-9.180459976196289,0.009959058836102486,0.01105277519673109,4.49921608378645e-05,-2.862213134765625,12.31064224243164,9.68623161315918,11.346114158630371,0.0,0.06518808752298355,2.296950340270996,13.3156099319458,0.9926575422286987,0.23576068878173828,0.05331559106707573,731.0,797.760009765625,9.999999747378752e-06,24.0,1.0,330.9856262207031,2.9944915771484375,0.06226881220936775,72.27776336669922,1.8750965595245361,91.83516693115234,165.98802185058594,2.994447946548462,4.006056308746338,0.2610611915588379,2.2660956382751465,4.4867329597473145,7.12980842590332,9.919933319091797,9.468364715576172,-9.511493682861328,-9.510786056518555,0.009658388793468475,0.010416666977107525,0.0625,1.7495746612548828,0.510522723197937,49.208335876464844,48.0,-8.699348449707031,-8.699348449707031,0.9744225144386292,4.663959980010986,-4.672806739807129,-4.683526992797852,0.010125918313860893,0.010416666977107525,0.0520833358168602,4.505943775177002,0.02771439217031002,47.6875,46.0,-1.098829984664917,4.562044620513916,2.608090400695801,0.46673792600631714,0.0729166716337204,0.9270833730697632,-0.0004543343966361135,0.009999999776482582,50.5,0.007017404306679964,0.9895833730697632,0.009191448800265789,0.9999405145645142,0.0,0.0,-7.538267135620117,501.5208435058594,4.663959980010986,-4.672806739807129,-4.704910755157471,0.010125918313860893,0.010416666977107525,0.0520833358168602,4.505943775177002,0.02771439030766487,47.687503814697266,44.0,-1.0988298654556274,4.685173988342285,0.010416666977107525,7.827769756317139,1.0,9.999999747378752e-05,9.999999747378752e-06,4.4310994148254395,-4.436755657196045,-4.468120574951172,0.01321383472532034,0.03125,0.1250000149011612,4.504855632781982,0.028644563630223274,33.65625,26.0,-0.8745933175086975,4.4310994148254395,-4.436755657196045,-4.468120574951172,0.01321383472532034,0.03125,0.1250000149011612,4.504855632781982,0.028644563630223274,33.65625,26.0,-0.8745933175086975,0.1969326287508011,7.668881416320801,54.13673400878906,1.1908026933670044,4.663959980010986,24.0
840,22.059181213378906,4.732608886115486e-06,9.999999747378752e-06,1.1515146493911743,4.606058597564697,0.08025600016117096,40.966796875,0.007191097363829613,0.0004448045219760388,0.06255833059549332,-0.0001020117342704907,5.2349348068237305,5.2349348068237305,-4.726593971252441,-9.961528778076172,0.009534860029816628,0.00608506053686142,5.234934724285267e-05,-2.8635525703430176,16.01478385925293,13.14882755279541,15.620684623718262,0.0,0.05706276744604111,2.323359489440918,13.478323936462402,0.9925318956375122,0.23847134411334991,0.05331559106707573,741.0,807.3599853515625,9.999999747378752e-06,24.0,1.0,330.7622375488281,2.994425058364868,0.05589688569307327,71.29814910888672,1.8498049974441528,91.59073638916016,164.7771453857422,2.9943737983703613,3.8968286514282227,0.009427785873413086,1.987803339958191,4.606098175048828,7.3254289627075195,9.861732482910156,9.468364715576172,-9.511493682861328,-9.510786056518555,0.00954496581107378,0.010416666977107525,0.0520833358168602,1.7539275884628296,0.4930357336997986,49.26041793823242,49.0,-8.699348449707031,-8.699348449707031,0.975453794002533,4.663959980010986,-4.672806739807129,-4.683526992797852,0.010125918313860893,0.010416666977107525,0.0520833358168602,4.508359909057617,0.027325671166181564,47.6875,46.0,-1.0785821676254272,4.562044620513916,2.583986282348633,0.46673792600631714,0.0625,0.9270833730697632,-0.0006586307426914573,0.009999999776482582,50.5,0.007017404306679964,0.9895833730697632,0.0093192458152771,0.9999371767044067,0.0,0.0,-7.5353546142578125,500.6875,4.663959980010986,-4.672806739807129,-4.703982830047607,0.010125918313860893,0.010416666977107525,0.0520833358168602,4.508359909057617,0.027325671166181564,47.687503814697266,44.0,-1.0785822868347168,4.6877641677856445,0.010416666977107525,7.827769756317139,1.0,9.999999747378752e-05,9.999999747378752e-06,4.4310994148254395,-4.440268516540527,-4.468120574951172,0.013023623265326023,0.03125,0.125,4.506370544433594,0.028424596413969994,33.65625,26.25,-0.8577248454093933,4.4310994148254395,-4.440268516540527,-4.468120574951172,0.013023623265326023,0.03125,0.125,4.506370544433594,0.028424596413969994,33.65625,26.25,-0.8577248454093933,0.1993391066789627,7.644737243652344,53.974422454833984,1.2027231454849243,4.663959980010986,24.0
850,22.112430572509766,6.3061715991352685e-06,9.999999747378752e-06,1.1550027132034302,4.620010852813721,0.081216000020504,40.966796875,0.007191097363829613,0.0004448045219760388,0.06255833059549332,-2.5273155188187957e-05,4.550909519195557,4.550909519195557,-4.688516616821289,-9.239426612854004,0.009958464652299881,0.017237775027751923,4.550909579847939e-05,-3.0701375007629395,15.200307846069336,10.70274543762207,13.152438163757324,0.0,0.06633734703063965,2.3481876850128174,13.640636444091797,0.9923459887504578,0.24101972579956055,0.052844252437353134,751.0,816.9600219726562,9.999999747378752e-06,24.0,1.0,330.59381103515625,2.9943599700927734,0.055389802902936935,70.36103057861328,1.8299816846847534,91.3976821899414,163.58761596679688,2.9943137168884277,3.8818728923797607,0.12208414077758789,1.987803339958191,4.613101005554199,7.191925525665283,9.96973991394043,9.300333976745605,-9.468364715576172,-9.315403938293457,0.009658388793468475,0.010416666977107525,0.0625,1.7811338901519775,0.4928464889526367,49.208335876464844,48.0,-8.566749572753906,-8.566749572753906,0.9744225144386292,4.672806739807129,-4.679262638092041,-4.689777851104736,0.010112723335623741,0.010416666977107525,0.0520833358168602,4.5094428062438965,0.027325671166181564,48.927085876464844,47.0,-1.0785821676254272,4.562044620513916,2.571991205215454,0.4664387106895447,0.0625,0.9270833730697632,-0.0004543343966361135,0.009999999776482582,50.5,0.007017404306679964,0.9895833730697632,0.009326767176389694,0.999936044216156,0.0,0.0,-7.528713703155518,498.3020935058594,4.672806739807129,-4.679262638092041,-4.704910755157471,0.010112723335623741,0.010416666977107525,0.0520833358168602,4.509443283081055,0.027325671166181564,48.927085876464844,45.0,-1.0785822868347168,4.6877641677856445,0.010416666977107525,7.982038974761963,1.0,9.999999747378752e-05,9.999999747378752e-06,4.440268516540527,-4.448864936828613,-4.470037937164307,0.01299762912094593,0.03125,0.125,4.508245468139648,0.02835092321038246,33.927085876464844,27.25,-0.8574040532112122,4.440268516540527,-4.448864936828613,-4.470037937164307,0.01299762912094593,0.03125,0.125,4.508245468139648,0.02835092321038246,33.927085876464844,27.25,-0.8574040532112122,0.20173963904380798,7.620825290679932,53.81264114379883,1.2208565473556519,4.672806739807129,24.0
860,22.086132049560547,6.0439110711740796e-06,9.999999747378752e-06,1.1585519313812256,4.634207725524902,0.08217599987983704,40.966796875,0.007584791164845228,0.000481980387121439,0.0635225772857666,-2.5273155188187957e-05,4.361337184906006,4.361337184906006,-4.67958402633667,-9.040922164916992,0.009980055503547192,0.014175426214933395,4.361337050795555e-05,-4.0463972091674805,18.047107696533203,11.484130859375,17.532861709594727,0.0,0.06715173274278641,2.3746602535247803,13.802417755126953,0.9922425150871277,0.2437368929386139,0.05238277465105057,761.0,826.5599975585938,9.999999747378752e-06,24.0,1.0,330.9775695800781,2.9943108558654785,0.056451376527547836,69.51426696777344,1.8142362833023071,91.3976821899414,162.7476348876953,2.994265079498291,3.914560556411743,-0.02745687961578369,1.978163719177246,4.401439189910889,7.014737129211426,9.74692440032959,9.28943157196045,-9.300333976745605,-9.315403938293457,0.009704524651169777,0.010416666977107525,0.0625,1.7858980894088745,0.49175652861595154,49.21875,49.0,-8.46721076965332,-8.46721076965332,0.9746286869049072,4.679262638092041,-4.67958402633667,-4.689777851104736,0.010013634338974953,0.010416666977107525,0.0520833358168602,4.512920379638672,0.027325671166181564,50.0625,47.0,-1.0785821676254272,4.548163890838623,2.563546895980835,0.4653780460357666,0.0625,0.9270833730697632,-0.00029111793264746666,0.009999999776482582,50.5,0.007017404306679964,0.9895833730697632,0.009326767176389694,0.9999329447746277,0.0,0.010416666977107525,-7.528713703155518,498.3020935058594,4.679262638092041,-4.679584503173828,-4.708993911743164,0.010013634338974953,0.010416666977107525,0.0520833358168602,4.512920379638672,0.027325671166181564,50.0625,45.5,-1.0785822868347168,4.6779022216796875,0.010416666977107525,8.727095603942871,1.0,9.999999747378752e-05,9.999999747378752e-06,4.448864936828613,-4.459408760070801,-4.478169918060303,0.012608524411916733,0.03125,0.125,4.508245468139648,0.02835092321038246,34.09375,27.25,-0.8577248454093933,4.448864936828613,-4.459408760070801,-4.478169918060303,0.012608524411916733,0.03125,0.125,4.508245468139648,0.02835092321038246,34.09375,27.25,-0.8577248454093933,0.2041323333978653,7.59697151184082,53.65138626098633,1.2324553728103638,4.679262638092041,24.0
870,21.718547821044922,4.637241545424331e-06,9.999999747378752e-06,1.1561968326568604,4.624787330627441,0.08313599973917007,40.966796875,0.007913623005151749,0.0004448045219760388,0.06255833059549332,-2.5273155188187957e-05,4.380683898925781,4.380683898925781,-4.653995037078857,-9.034679412841797,0.010305184870958328,0.01147729717195034,4.380683822091669e-05,-3.8773019313812256,20.93470001220703,10.787568092346191,13.646324157714844,0.0,0.05757301300764084,2.398451805114746,13.963671684265137,0.9922031760215759,0.24617888033390045,0.05209439992904663,771.0,836.1599731445312,9.999999747378752e-06,24.0,1.0,331.56427001953125,2.9942636489868164,0.06098875403404236,69.01299285888672,1.7996814250946045,91.56631469726562,162.45217895507812,2.994220018386841,3.7482833862304688,-0.02745687961578369,1.788869023323059,3.958972454071045,6.543420791625977,9.351947784423828,9.28943157196045,-9.300333976745605,-9.315403938293457,0.009704524651169777,0.010416666977107525,0.0625,1.7858980894088745,0.49175652861595154,49.25,49.0,-8.46721076965332,-8.46721076965332,0.9752475023269653,4.679262638092041,-4.67958402633667,-4.7065935134887695,0.010013634338974953,0.010416666977107525,0.0520833358168602,4.514375686645508,0.027294348925352097,50.0625,47.0,-1.0785821676254272,4.548163890838623,2.563546895980835,0.4653780460357666,0.0625,0.9375,-0.00029111793264746666,0.009999999776482582,50.5,0.007017404306679964,0.9895833730697632,0.009326767176389694,0.9999264478683472,0.0,0.010416666977107525,-7.5244035720825195,500.6875,4.679262638092041,-4.679584503173828,-4.708993911743164,0.010013634338974953,0.010416666977107525,0.0520833358168602,4.514375686645508,0.027294350787997246,50.0625,46.75,-1.0785822868347168,4.67958402633667,0.010416666977107525,8.677632331848145,1.0,9.999999747378752e-05,9.999999747378752e-06,4.459408760070801,-4.4604082107543945,-4.491972923278809,0.012521669268608093,0.03125,0.125,4.508966445922852,0.028134822845458984,34.239585876464844,27.75,-0.8577248454093933,4.459408760070801,-4.4604082107543945,-4.491972923278809,0.012521669268608093,0.03125,0.125,4.508966445922852,0.028134822845458984,34.239585876464844,27.75,-0.8577248454093933,0.20651720464229584,7.572709083557129,53.490638732910156,1.2439112663269043,4.679262638092041,24.0
880,22.20726203918457,5.590915861830581e-06,9.999999747378752e-06,1.1292622089385986,4.5170488357543945,0.08409599959850311,40.966796875,0.007913623005151749,0.0004213195643387735,0.05377858877182007,-2.5273155188187957e-05,4.5009002685546875,4.5009002685546875,-4.642541408538818,-9.143442153930664,0.01021638698875904,0.015339726582169533,4.500900104176253e-05,-3.8894145488739014,22.452880859375,10.933284759521484,20.089191436767578,0.0,0.09334997087717056,2.4206228256225586,14.124417304992676,0.9920864701271057,0.2484545260667801,0.05083619803190231,781.0,845.760009765625,9.999999747378752e-06,24.0,1.0,331.1667785644531,2.9941954612731934,0.066324882209301,68.467529296875,1.7796409130096436,91.54570007324219,161.77626037597656,2.994157075881958,3.7482833862304688,-0.21489930152893066,1.6490601301193237,3.845781087875366,6.316839694976807,8.780929565429688,9.28943157196045,-9.300333976745605,-9.315403938293457,0.009704524651169777,0.010416666977107525,0.0520833358168602,1.7858980894088745,0.49175652861595154,49.26041793823242,49.0,-8.46721076965332,-8.46721076965332,0.975453794002533,4.679262638092041,-4.67958402633667,-4.7065935134887695,0.010013634338974953,0.010416666977107525,0.0520833358168602,4.516152381896973,0.027265459299087524,50.0625,49.0,-1.0601377487182617,4.548163890838623,2.563546895980835,0.4653780460357666,0.0625,0.9270833730697632,-0.00029111793264746666,0.009999999776482582,50.5,0.007017404306679964,0.9895833730697632,0.009326767176389694,0.9999264478683472,0.0,0.010416666977107525,-7.5244035720825195,500.6875,4.679262638092041,-4.679584503173828,-4.708993911743164,0.010013634338974953,0.010416666977107525,0.0520833358168602,4.516152381896973,0.027265463024377823,50.0625,46.75,-1.0601377487182617,4.681573390960693,0.010416666977107525,8.19291877746582,1.0,9.999999747378752e-05,9.999999747378752e-06,4.459408760070801,-4.4604082107543945,-4.491972923278809,0.012521669268608093,0.03125,0.125,4.509504318237305,0.02757715806365013,34.239585876464844,27.75,-0.8577248454093933,4.459408760070801,-4.4604082107543945,-4.491972923278809,0.012521669268608093,0.03125,0.125,4.509504318237305,0.02757715806365013,34.239585876464844,27.75,-0.8577248454093933,0.20889458060264587,7.548305988311768,53.33041763305664,1.2539130449295044,4.679262638092041,24.0
890,22.236852645874023,5.626678557746345e-06,9.999999747378752e-06,1.1524642705917358,4.609857082366943,0.08505599945783615,40.966796875,0.007913623005151749,0.0004213195643387735,0.06255833059549332,6.422327714972198e-06,4.8775763511657715,4.8775763511657715,-4.731774806976318,-9.60935115814209,0.009606851264834404,0.0029540988616645336,4.877576066064648e-05,-2.2766458988189697,16.902523040771484,10.574110984802246,13.998710632324219,0.0,0.06547768414020538,2.4452762603759766,14.284639358520508,0.991929292678833,0.25098496675491333,0.05083619803190231,791.0,855.3599853515625,9.999999747378752e-06,24.0,1.0,331.2007141113281,2.994131565093994,0.06806100904941559,67.64979553222656,1.7577162981033325,91.2061538696289,160.61366271972656,2.9940855503082275,3.8952653408050537,-0.10801410675048828,1.887176275253296,3.9638328552246094,6.5146026611328125,9.011226654052734,9.300333976745605,-9.468364715576172,-9.3662748336792,0.009704524651169777,0.010416666977107525,0.0520833358168602,1.7811338901519775,0.4928464889526367,50.22916793823242,51.0,-8.566749572753906,-8.566749572753906,0.9946370124816895,4.679262638092041,-4.67958402633667,-4.689777851104736,0.009995643049478531,0.010416666977107525,0.0520833358168602,4.516152381896973,0.027265459299087524,50.0625,49.0,-1.0601377487182617,4.557878494262695,2.563546895980835,0.4664387106895447,0.0625,0.9270833730697632,-0.00029111793264746666,0.009999999776482582,50.5,0.007105492055416107,0.9895833730697632,0.010164511390030384,0.999921441078186,0.0,0.0,-7.528713703155518,501.5208435058594,4.679262638092041,-4.679584503173828,-4.708993911743164,0.009995643049478531,0.010416666977107525,0.0520833358168602,4.516152381896973,0.027265463024377823,50.0625,46.75,-1.0601377487182617,4.682628154754639,0.0,7.837052822113037,1.0,9.999999747378752e-05,9.999999747378752e-06,4.4604082107543945,-4.461591720581055,-4.4936842918396,0.012506557628512383,0.03125,0.125,4.511466026306152,0.027383998036384583,34.625,28.0,-0.8574040532112122,4.4604082107543945,-4.461591720581055,-4.4936842918396,0.012506557628512383,0.03125,0.125,4.511466026306152,0.027383998036384583,34.625,28.0,-0.8574040532112122,0.21126419305801392,7.5243940353393555,53.17064666748047,1.262616515159607,4.679262638092041,24.0
900,21.785160064697266,4.565715698845452e-06,9.999999747378752e-06,1.1521891355514526,4.6087565422058105,0.08601599931716919,40.966796875,0.007913623005151749,0.0004945041728205979,0.06255833059549332,6.422327714972198e-06,4.886616230010986,4.886616230010986,-4.697701930999756,-9.584318161010742,0.010079635307192802,0.030042119324207306,4.8866160796023905e-05,-4.35066556930542,15.111783981323242,11.8773193359375,14.238295555114746,0.0,0.08124912530183792,2.47067928314209,14.44441032409668,0.9918414354324341,0.2535923719406128,0.05027389898896217,801.0,864.9600219726562,9.999999747378752e-06,24.0,1.0,331.37091064453125,2.9940853118896484,0.07056409865617752,66.85276794433594,1.742475152015686,90.76898956298828,159.33468627929688,2.9940340518951416,3.9192123413085938,0.07846808433532715,2.0364773273468018,4.268701553344727,6.801681041717529,9.733901977539062,9.468364715576172,-9.511493682861328,-9.3662748336792,0.01105277519673109,0.010416666977107525,0.0520833358168602,1.7539275884628296,0.4930357336997986,49.26041793823242,49.0,-8.699348449707031,-8.699348449707031,0.975453794002533,4.679262638092041,-4.67958402633667,-4.689777851104736,0.010013634338974953,0.010416666977107525,0.0520833358168602,4.517013072967529,0.026804646477103233,50.0625,50.0,-1.0507655143737793,4.562044620513916,2.563546895980835,0.4664387106895447,0.0625,0.9270833730697632,0.0010937151964753866,0.009999999776482582,50.5,0.007270314265042543,0.9895833730697632,0.010501183569431305,0.9999171495437622,0.0,0.010416666977107525,-7.5244035720825195,500.6875,4.679262638092041,-4.679584503173828,-4.708993911743164,0.010013634338974953,0.010416666977107525,0.0520833358168602,4.517013072967529,0.026804648339748383,50.0625,47.25,-1.0507655143737793,4.682628154754639,0.0,7.375679016113281,1.0,9.999999747378752e-05,9.999999747378752e-06,4.4604082107543945,-4.461591720581055,-4.498457908630371,0.012506557628512383,0.03125,0.125,4.511826038360596,0.027383998036384583,34.625,28.25,-0.8530929088592529,4.4604082107543945,-4.461591720581055,-4.498457908630371,0.012506557628512383,0.03125,0.125,4.511826038360596,0.027383998036384583,34.625,28.25,-0.8530929088592529,0.2136271446943283,7.500487804412842,53.011383056640625,1.2697244882583618,4.679262638092041,24.0
910,22.508005142211914,5.4001807257009204e-06,9.999999747378752e-06,1.1340333223342896,4.536133289337158,0.08697599917650223,40.966796875,0.007913623005151749,0.0004945041728205979,0.06255833059549332,6.422327714972198e-06,5.648858547210693,5.648858547210693,-4.628079891204834,-10.276939392089844,0.010503297671675682,0.00844308827072382,5.648858495987952e-05,-3.947901487350464,22.859996795654297,14.66335678100586,21.348922729492188,0.0,0.06994611769914627,2.493986129760742,14.60367488861084,0.9917235374450684,0.2559846043586731,0.04960969462990761,811.0,874.5599975585938,9.999999747378752e-06,24.0,1.0,331.1837158203125,2.994062900543213,0.07602166384458542,66.12154388427734,1.7352848052978516,90.20132446289062,158.0581512451172,2.9940080642700195,4.524432182312012,0.222869873046875,2.3490753173828125,4.88344144821167,7.975372791290283,11.147062301635742,9.511493682861328,-9.584318161010742,-9.3662748336792,0.01105277519673109,0.010416666977107525,0.0625,1.7495746612548828,0.510522723197937,49.26041793823242,49.0,-8.737528800964355,-8.737528800964355,0.975453794002533,4.672806739807129,-4.67958402633667,-4.689777851104736,0.010079635307192802,0.010416666977107525,0.0520833358168602,4.518113136291504,0.026804646477103233,50.0625,50.0,-1.0478171110153198,4.635006904602051,2.563546895980835,0.4664387106895447,0.0625,0.9270833730697632,0.0010937151964753866,0.009999999776482582,50.5,0.00744369812309742,0.9895833730697632,0.010954196564853191,0.999915361404419,0.0,0.010416666977107525,-7.528713703155518,500.6875,4.672806739807129,-4.679584503173828,-4.708993911743164,0.010079635307192802,0.010416666977107525,0.0520833358168602,4.518113136291504,0.026804648339748383,50.0625,47.25,-1.0478172302246094,4.679863452911377,0.010416666977107525,7.670217990875244,1.0,9.999999747378752e-05,9.999999747378752e-06,4.459408760070801,-4.4604082107543945,-4.4936842918396,0.012521669268608093,0.03125,0.125,4.511826038360596,0.026540661230683327,34.239585876464844,28.0,-0.8530929088592529,4.459408760070801,-4.4604082107543945,-4.4936842918396,0.012521669268608093,0.03125,0.125,4.511826038360596,0.026540661230683327,34.239585876464844,28.0,-0.8530929088592529,0.2159826010465622,7.4770050048828125,52.852500915527344,1.2750998735427856,4.672806739807129,24.0
920,22.56340980529785,5.936622528679436e-06,9.999999747378752e-06,1.1494683027267456,4.597873210906982,0.08793599903583527,40.966796875,0.007913623005151749,0.0004945041728205979,0.06255833059549332,-2.5273155188187957e-05,5.915467262268066,5.915467262268066,-4.672828197479248,-10.588294982910156,0.010060410015285015,0.010807174257934093,5.9154670452699065e-05,-3.963341236114502,17.985517501831055,12.698062896728516,15.315049171447754,0.0,0.054814767092466354,2.517791271209717,14.762558937072754,0.991645336151123,0.2584279775619507,0.04960969462990761,821.0,884.1599731445312,9.999999747378752e-06,24.0,1.0,330.8741455078125,2.994039535522461,0.07140496373176575,65.65258026123047,1.7275316715240479,89.4968490600586,156.8881072998047,2.993980646133423,4.651462078094482,0.5938868522644043,2.7033562660217285,5.282179832458496,8.288055419921875,11.612222671508789,9.584318161010742,-9.60935115814209,-9.510786056518555,0.01105277519673109,0.010416666977107525,0.0625,1.7031558752059937,0.5289661288261414,49.26041793823242,49.0,-8.844873428344727,-8.844873428344727,0.975453794002533,4.672828197479248,-4.67958402633667,-4.689777851104736,0.010060410015285015,0.010416666977107525,0.0520833358168602,4.518383979797363,0.026644473895430565,50.0625,50.0,-1.0478171110153198,4.844453811645508,2.571991205215454,0.4666435122489929,0.0625,0.9375,0.0010937151964753866,0.009999999776482582,50.5,0.00744369812309742,0.9895833730697632,0.010954196564853191,0.999915361404419,0.0,0.010416666977107525,-7.528713703155518,498.3020935058594,4.67282772064209,-4.679584503173828,-4.713405132293701,0.01006040908396244,0.010416666977107525,0.0520833358168602,4.518383979797363,0.026644475758075714,50.0625,47.75,-1.0478172302246094,4.672828197479248,0.010416666977107525,7.7101664543151855,1.0,9.999999747378752e-05,9.999999747378752e-06,4.459408760070801,-4.4604082107543945,-4.509710788726807,0.012521669268608093,0.03125,0.125,4.5196638107299805,0.026361633092164993,34.46875,28.25,-0.8257797956466675,4.459408760070801,-4.4604082107543945,-4.509710788726807,0.012521669268608093,0.03125,0.125,4.5196638107299805,0.026361633092164993,34.46875,28.25,-0.8257797956466675,0.218332439661026,7.453437805175781,52.694091796875,1.2841037511825562,4.67282772064209,24.0
930,22.404321670532227,5.853175935044419e-06,9.999999747378752e-06,1.1035573482513428,4.414229393005371,0.0888959988951683,40.966796875,0.007913623005151749,0.0004945041728205979,0.06255833059549332,6.422327714972198e-06,6.049442291259766,6.049442291259766,-4.650743007659912,-10.700185775756836,0.01020248606801033,0.0071811615489423275,6.0494421632029116e-05,-2.582742214202881,18.4320068359375,11.853096008300781,18.140941619873047,0.0,0.05509832128882408,2.540508270263672,14.920963287353516,0.9915218353271484,0.2607596516609192,0.04960969462990761,831.0,893.760009765625,9.999999747378752e-06,24.0,1.0,330.3867492675781,2.994009017944336,0.05640046298503876,65.57076263427734,1.718065619468689,88.80366516113281,156.066650390625,2.993947982788086,4.53075647354126,0.5938868522644043,3.056419849395752,5.763379096984863,8.76513957977295,11.612222671508789,9.60935115814209,-9.961528778076172,-9.579259872436523,0.01105277519673109,0.010416666977107525,0.0625,1.6316850185394287,0.5291167497634888,49.26041793823242,49.0,-9.097131729125977,-9.097131729125977,0.975453794002533,4.672806739807129,-4.672828197479248,-4.689777851104736,0.010079635307192802,0.010416666977107525,0.0520833358168602,4.518383979797363,0.026804646477103233,49.41666793823242,49.0,-1.0507655143737793,4.957178115844727,2.583986282348633,0.47100409865379333,0.0625,0.9375,0.0010937151964753866,0.009999999776482582,50.5,0.00744369812309742,0.9895833730697632,0.011030793190002441,0.9999152421951294,0.0,0.010416666977107525,-7.528713703155518,498.3020935058594,4.672806739807129,-4.67282772064209,-4.713405132293701,0.010079635307192802,0.010416666977107525,0.0520833358168602,4.518383979797363,0.026804648339748383,49.41667175292969,47.75,-1.0507655143737793,4.6637115478515625,0.010416666977107525,7.692783355712891,1.0,9.999999747378752e-05,9.999999747378752e-06,4.459408760070801,-4.4604082107543945,-4.509710788726807,0.012521669268608093,0.03125,0.125,4.521526336669922,0.026361633092164993,34.46875,28.25,-0.8108996748924255,4.459408760070801,-4.4604082107543945,-4.509710788726807,0.012521669268608093,0.03125,0.125,4.521526336669922,0.026361633092164993,34.46875,28.25,-0.8108996748924255,0.22067517042160034,7.429953098297119,52.536170959472656,1.2911993265151978,4.672806739807129,24.0
940,22.78016471862793,5.447864623420173e-06,9.999999747378752e-06,1.1109087467193604,4.443634986877441,0.08985599875450134,40.966796875,0.007149469573050737,0.0005588041385635734,0.06869211792945862,-2.5273155188187957e-05,6.424567222595215,6.424567222595215,-4.600455284118652,-11.025022506713867,0.010678517632186413,0.009904857724905014,6.424567254725844e-05,-3.4612960815429688,27.103553771972656,14.590128898620605,24.91888427734375,0.0,0.04789736494421959,2.5644307136535645,15.078887939453125,0.9914667010307312,0.2632150650024414,0.05027389898896217,841.0,903.3599853515625,9.999999747378752e-06,24.0,1.0,330.3589782714844,2.9939751625061035,0.05545438081026077,65.67174530029297,1.7078124284744263,88.17705535888672,155.67015075683594,2.993912935256958,4.4302520751953125,0.5769476890563965,3.1135311126708984,5.602565765380859,8.850114822387695,12.024227142333984,9.961528778076172,-10.276939392089844,-9.689437866210938,0.010807174257934093,0.010416666977107525,0.0625,1.5645451545715332,0.5373087525367737,50.22916793823242,51.0,-9.548786163330078,-9.548786163330078,0.9946370124816895,4.672806739807129,-4.672828197479248,-4.6822590827941895,0.010079635307192802,0.010416666977107525,0.0520833358168602,4.520030975341797,0.026644473895430565,49.41666793823242,49.0,-1.0478171110153198,5.214183330535889,2.6668529510498047,0.4891711175441742,0.0520833358168602,0.9375,0.0007467641262337565,0.009999999776482582,50.5,0.007775641977787018,1.0,0.011030793190002441,0.9999152421951294,0.0,0.010416666977107525,-7.528713703155518,498.3020935058594,4.672806739807129,-4.67282772064209,-4.713405132293701,0.010079635307192802,0.010416666977107525,0.0520833358168602,4.520030975341797,0.026644475758075714,49.41667175292969,47.75,-1.0478172302246094,4.664001941680908,0.010416666977107525,7.349667549133301,1.0,9.999999747378752e-05,9.999999747378752e-06,4.458252906799316,-4.459408760070801,-4.509710788726807,0.012527226470410824,0.03125,0.125,4.521526336669922,0.026361633092164993,34.09375,28.0,-0.8027201890945435,4.458252906799316,-4.459408760070801,-4.509710788726807,0.012527226470410824,0.03125,0.125,4.521526336669922,0.026361633092164993,34.09375,28.0,-0.8027201890945435,0.2230108231306076,7.40645694732666,52.37875747680664,1.2982666492462158,4.672806739807129,24.0
950,22.35927391052246,4.839896973862778e-06,9.999999747378752e-06,1.1263313293457031,4.5053253173828125,0.09081599861383438,40.966796875,0.007149469573050737,0.0005588041385635734,0.06869211792945862,6.422327714972198e-06,7.197540283203125,7.197540283203125,-4.687190055847168,-11.884730339050293,0.009791548363864422,0.0008534108055755496,7.197540253400803e-05,-0.18998479843139648,16.533260345458984,15.38375473022461,16.4957275390625,0.0,0.08452732861042023,2.586430072784424,15.236298561096191,0.9913591146469116,0.2654730975627899,0.05083619803190231,851.0,912.9600219726562,9.999999747378752e-06,24.0,1.0,331.2294921875,2.9939305782318115,0.05839963257312775,66.09207916259766,1.694549798965454,87.84437561035156,155.6748046875,2.993868350982666,4.9293012619018555,0.9036860466003418,3.130311965942383,5.868448257446289,9.0467529296875,12.569061279296875,9.961528778076172,-10.276939392089844,-9.689437866210938,0.009904857724905014,0.010416666977107525,0.0520833358168602,1.5645451545715332,0.5373087525367737,50.22916793823242,51.0,-9.548786163330078,-9.548786163330078,0.9946370124816895,4.672828197479248,-4.67958402633667,-4.679712295532227,0.010060410015285015,0.010416666977107525,0.0520833358168602,4.521792411804199,0.026081634685397148,50.0625,49.0,-1.0301663875579834,5.214183330535889,2.6668529510498047,0.4891711175441742,0.0520833358168602,0.9479166865348816,-0.00029111793264746666,0.009999999776482582,50.5,0.0078016663901507854,1.0,0.011125115677714348,0.9999119639396667,0.0,0.010416666977107525,-7.5301032066345215,497.71875,4.67282772064209,-4.679584503173828,-4.708993911743164,0.01006040908396244,0.010416666977107525,0.0520833358168602,4.521791934967041,0.026081634685397148,50.0625,48.0,-1.0301663875579834,4.695550918579102,0.0,7.349667549133301,1.0,9.999999747378752e-05,9.999999747378752e-06,4.459408760070801,-4.4604082107543945,-4.509710788726807,0.012521669268608093,0.03125,0.125,4.524697303771973,0.02636048197746277,34.46875,28.0,-0.7992576360702515,4.459408760070801,-4.4604082107543945,-4.509710788726807,0.012521669268608093,0.03125,0.125,4.524697303771973,0.02636048197746277,34.46875,28.0,-0.7992576360702515,0.2253388613462448,7.383345127105713,52.221805572509766,1.3038781881332397,4.67282772064209,24.0
960,22.390193939208984,6.461143584601814e-06,9.999999747378752e-06,1.128675937652588,4.514703750610352,0.09177599847316742,40.966796875,0.007913623005151749,0.0005588041385635734,0.06255833059549332,6.422327714972198e-06,6.676886558532715,6.676886558532715,-4.6781206130981445,-11.355006217956543,0.009768414311110973,0.01795605942606926,6.676886550849304e-05,-4.262483596801758,41.9814453125,14.677513122558594,22.434152603149414,0.0,0.067352794110775,2.6095564365386963,15.393251419067383,0.9912872314453125,0.26784682273864746,0.05209439992904663,861.0,922.5599975585938,9.999999747378752e-06,24.0,1.0,331.12384033203125,2.993860960006714,0.0701330304145813,66.58564758300781,1.6716769933700562,87.78866577148438,155.98948669433594,2.9937894344329834,5.080611228942871,0.9257962703704834,3.304941415786743,6.289040565490723,9.433391571044922,12.789688110351562,9.961528778076172,-10.276939392089844,-9.689437866210938,0.010807174257934093,0.010416666977107525,0.0625,1.5645451545715332,0.5373087525367737,50.22916793823242,51.0,-9.548786163330078,-9.548786163330078,0.9946370124816895,4.672828197479248,-4.6781206130981445,-4.675785541534424,0.010060410015285015,0.0,0.0520833358168602,4.523629188537598,0.026069801300764084,50.0625,49.0,-1.0210093259811401,5.214183330535889,2.6668529510498047,0.4891711175441742,0.0520833358168602,0.9479166865348816,0.0007467641262337565,0.009999999776482582,50.5,0.007883112877607346,1.0,0.011236021295189857,0.999910295009613,0.0,0.010416666977107525,-7.5301032066345215,497.71875,4.67282772064209,-4.6781206130981445,-4.708676815032959,0.01006040908396244,0.0,0.0520833358168602,4.523629188537598,0.026069801300764084,50.0625,47.75,-1.0210093259811401,4.68718957901001,0.0,7.524476051330566,1.0,9.999999747378752e-05,9.999999747378752e-06,4.458252906799316,-4.459408760070801,-4.5093092918396,0.012521669268608093,0.03125,0.125,4.52482795715332,0.02636048197746277,34.09375,27.5,-0.7992576360702515,4.458252906799316,-4.459408760070801,-4.5093092918396,0.012521669268608093,0.03125,0.125,4.52482795715332,0.02636048197746277,34.09375,27.5,-0.7992576360702515,0.2276601344347,7.359901428222656,52.06536102294922,1.3163179159164429,4.67282772064209,24.0
970,22.3728084564209,6.2227250055002514e-06,9.999999747378752e-06,1.149754285812378,4.599017143249512,0.09273599833250046,40.966796875,0.008798658847808838,0.0005588041385635734,0.06255833059549332,-2.723580109886825e-05,6.75706672668457,6.75706672668457,-4.70900821685791,-11.46607494354248,0.009695777669548988,0.010356555692851543,6.757066876161844e-05,-4.185306549072266,37.241764068603516,16.48759651184082,22.14068603515625,0.0,0.07597853988409042,2.63198184967041,15.549695014953613,0.9911831021308899,0.2701485753059387,0.05209439992904663,871.0,932.1599731445312,9.999999747378752e-06,24.0,1.0,331.36505126953125,2.9937386512756348,0.07322558760643005,67.43597412109375,1.6385332345962524,88.04049682617188,157.11976623535156,2.9936723709106445,5.188469886779785,0.9981257915496826,3.3151121139526367,6.223094940185547,9.500419616699219,13.442028045654297,9.961528778076172,-10.276939392089844,-9.689437866210938,0.010356555692851543,0.010416666977107525,0.0625,1.5645451545715332,0.5373087525367737,50.22916793823242,51.0,-9.548786163330078,-9.548786163330078,0.9946370124816895,4.672828197479248,-4.6781206130981445,-4.675785541534424,0.010060410015285015,0.0,0.0520833358168602,4.523629188537598,0.026069801300764084,50.0625,49.0,-1.0210093259811401,5.214183330535889,2.6668529510498047,0.4891711175441742,0.0520833358168602,0.9375,0.0006607769755646586,0.009999999776482582,50.5,0.008014262653887272,1.0,0.011470898985862732,0.9999101758003235,0.0,0.010416666977107525,-7.538267135620117,497.71875,4.67282772064209,-4.6781206130981445,-4.708676815032959,0.01006040908396244,0.0,0.0520833358168602,4.523629188537598,0.026069801300764084,50.0625,47.5,-1.0210093259811401,4.675975799560547,0.0,7.58381986618042,1.0,9.999999747378752e-05,9.999999747378752e-06,4.458252906799316,-4.459408760070801,-4.4936842918396,0.012506557628512383,0.03125,0.125,4.526450157165527,0.026277951896190643,34.09375,27.5,-0.7864271402359009,4.458252906799316,-4.459408760070801,-4.4936842918396,0.012506557628512383,0.03125,0.125,4.526450157165527,0.026277951896190643,34.09375,27.5,-0.7864271402359009,0.22997386753559113,7.337367057800293,51.90931701660156,1.3248603343963623,4.67282772064209,24.0
980,22.260854721069336,4.851818175666267e-06,9.999999747378752e-06,1.108554482460022,4.434217929840088,0.0936959981918335,40.966796875,0.009008355438709259,0.0004937099292874336,0.053678248077631,-2.723580109886825e-05,6.2307634353637695,6.2307634353637695,-4.662298202514648,-10.893061637878418,0.010104173794388771,0.007698033004999161,6.230763392522931e-05,-3.3294224739074707,21.70499038696289,14.540495872497559,18.124238967895508,0.0,0.05903129279613495,2.654484510421753,15.705742835998535,0.9911363124847412,0.2724582552909851,0.052319448441267014,881.0,941.760009765625,9.999999747378752e-06,24.0,1.0,331.75775146484375,2.9936273097991943,0.07488085329532623,68.87059783935547,1.6071617603302002,88.48758697509766,158.96868896484375,2.993558406829834,4.898538112640381,0.8833644390106201,3.1140847206115723,6.0918402671813965,9.208959579467773,13.179648399353027,9.961528778076172,-10.276939392089844,-9.689437866210938,0.009904857724905014,0.010416666977107525,0.0520833358168602,1.5645451545715332,0.5373087525367737,50.22916793823242,51.0,-9.548786163330078,-9.548786163330078,0.9946370124816895,4.672806739807129,-4.672828197479248,-4.673264503479004,0.010060410015285015,0.0,0.0520833358168602,4.525352478027344,0.02594134770333767,50.0625,48.0,-1.0109965801239014,5.214183330535889,2.6668529510498047,0.4891711175441742,0.0520833358168602,0.9479166865348816,-0.00029111793264746666,0.009999999776482582,50.5,0.008242936804890633,1.0,0.011523149907588959,0.9999091625213623,0.0,0.010416666977107525,-7.558017730712891,497.71875,4.672806739807129,-4.67282772064209,-4.693755626678467,0.01006040908396244,0.0,0.0520833358168602,4.525352478027344,0.02594134584069252,50.0625,47.25,-1.0109965801239014,4.668162822723389,0.0,7.525823593139648,1.0,9.999999747378752e-05,9.999999747378752e-06,4.443713188171387,-4.458252906799316,-4.4936842918396,0.012506557628512383,0.03125,0.125,4.527278900146484,0.026277951896190643,34.09375,27.5,-0.7780382633209229,4.443713188171387,-4.458252906799316,-4.4936842918396,0.012506557628512383,0.03125,0.125,4.527278900146484,0.026277951896190643,34.09375,27.5,-0.7780382633209229,0.23228175938129425,7.313815116882324,51.75379180908203,1.3325302600860596,4.672806739807129,24.0
990,22.6745548248291,5.555152711167466e-06,9.999999747378752e-06,1.1150742769241333,4.460297107696533,0.09465599805116653,40.966796875,0.009673052467405796,0.0005588041385635734,0.06255833059549332,-2.723580109886825e-05,5.755149841308594,5.755149841308594,-4.790688514709473,-10.545838356018066,0.009089714847505093,0.004135094583034515,5.755149686592631e-05,-2.9653358459472656,18.062965393066406,11.842384338378906,17.10869598388672,0.0,0.10970522463321686,2.67633318901062,15.861268043518066,0.9909572005271912,0.2747008204460144,0.05209439992904663,891.0,951.3599853515625,9.999999747378752e-06,24.0,1.0,330.9808349609375,2.993570327758789,0.08592932671308517,69.20987701416016,1.593500018119812,88.62420654296875,159.45069885253906,2.993506669998169,4.751569747924805,0.6855509281158447,2.8238401412963867,5.5084686279296875,8.600595474243164,11.961164474487305,9.961528778076172,-10.276939392089844,-9.689437866210938,0.009704524651169777,0.010416666977107525,0.0520833358168602,1.5645451545715332,0.5373087525367737,50.375,51.0,-9.548786163330078,-9.548786163330078,0.9975247383117676,4.672828197479248,-4.6781206130981445,-4.675785541534424,0.009995643049478531,0.0,0.0520833358168602,4.525352478027344,0.02594134770333767,50.239585876464844,49.0,-1.0109965801239014,5.214183330535889,2.6668529510498047,0.4891711175441742,0.0520833358168602,0.9479166865348816,-0.0006586307426914573,0.009999999776482582,50.5,0.008341713808476925,1.0,0.011594057083129883,0.9999063611030579,0.0,0.010416666977107525,-7.564683437347412,492.5208435058594,4.67282772064209,-4.6781206130981445,-4.708676815032959,0.009995643049478531,0.0,0.0520833358168602,4.525352478027344,0.02594134584069252,50.239585876464844,47.5,-1.0109965801239014,4.665789604187012,0.010416666977107525,7.470433712005615,1.0,9.999999747378752e-05,9.999999747378752e-06,4.458252906799316,-4.4604082107543945,-4.5093092918396,0.012444527819752693,0.03125,0.125,4.530484199523926,0.025836871936917305,34.46875,28.0,-0.7726448774337769,4.458252906799316,-4.4604082107543945,-4.5093092918396,0.012444527819752693,0.03125,0.125,4.530484199523926,0.025836871936917305,34.46875,28.0,-0.7726448774337769,0.23458191752433777,7.291308879852295,51.59866714477539,1.3412724733352661,4.67282772064209,24.0
1000,22.392261505126953,5.626678557746345e-06,9.999999747378752e-06,1.1451867818832397,4.580747127532959,0.09561599791049957,40.966796875,0.009673052467405796,0.0005588041385635734,0.06255833059549332,-2.723580109886825e-05,6.881037712097168,6.881037712097168,-4.697453022003174,-11.5784912109375,0.009703747928142548,0.002389270346611738,6.881037552375346e-05,-2.410512924194336,21.30824089050293,15.770105361938477,21.005945205688477,0.0,0.060323648154735565,2.7007710933685303,16.01639175415039,0.9908559322357178,0.27720916271209717,0.051603466272354126,901.0,960.9600219726562,9.999999747378752e-06,24.0,1.0,331.3131103515625,2.993546485900879,0.08173052966594696,68.3043441772461,1.5885863304138184,88.33914184570312,158.2312469482422,2.993485450744629,4.43671989440918,0.6855509281158447,2.8238401412963867,5.369967460632324,8.392388343811035,11.175067901611328,9.961528778076172,-10.276939392089844,-9.689437866210938,0.00954496581107378,0.010416666977107525,0.0520833358168602,1.5645451545715332,0.5373087525367737,50.94791793823242,51.0,-9.548786163330078,-9.548786163330078,1.0088696479797363,4.6781206130981445,-4.67958402633667,-4.679712295532227,0.009980055503547192,0.010416666977107525,0.0520833358168602,4.526137828826904,0.02593713067471981,50.270835876464844,49.0,-1.0109965801239014,5.214183330535889,2.6668529510498047,0.4891711175441742,0.0520833358168602,0.9479166865348816,-0.0007736602565273643,0.009999999776482582,50.5,0.008670821785926819,1.0,0.011807296425104141,0.9999061822891235,0.0,0.010416666977107525,-7.564683437347412,492.5208435058594,4.6781206130981445,-4.679584503173828,-4.708993911743164,0.009980054572224617,0.010416666977107525,0.0520833358168602,4.526137828826904,0.02593713253736496,50.270835876464844,47.75,-1.0109965801239014,4.666134357452393,0.010416666977107525,7.251030921936035,1.0,9.999999747378752e-05,9.999999747378752e-06,4.4604082107543945,-4.467132568359375,-4.5093092918396,0.012389974668622017,0.03125,0.125,4.531840801239014,0.02543189376592636,34.625,28.25,-0.7723707556724548,4.4604082107543945,-4.467132568359375,-4.5093092918396,0.012389974668622017,0.03125,0.125,4.531840801239014,0.02543189376592636,34.625,28.25,-0.7723707556724548,0.23687613010406494,7.268477916717529,51.44404983520508,1.3503084182739258,4.6781206130981445,24.0
1010,21.896833419799805,5.5670739129709546e-06,9.999999747378752e-06,1.155945062637329,4.623780250549316,0.09657599776983261,40.966796875,0.009673052467405796,0.0005588041385635734,0.06255833059549332,-2.723580109886825e-05,6.984555244445801,6.984555244445801,-4.72573184967041,-11.710287094116211,0.009577339515089989,0.000898759753908962,6.984554784139618e-05,-1.075758934020996,24.839229583740234,15.316194534301758,21.12855339050293,0.0,0.06480539590120316,2.7234058380126953,16.171009063720703,0.9908044338226318,0.27953240275382996,0.05124775320291519,911.0,970.5599975585938,9.999999747378752e-06,24.0,1.0,331.73541259765625,2.993562936782837,0.06359768658876419,66.3803939819336,1.5921424627304077,87.43253326416016,155.4071807861328,2.9934940338134766,4.792275428771973,1.1435084342956543,3.471014976501465,6.028049945831299,9.102266311645508,12.473762512207031,10.276939392089844,-10.545838356018066,-10.188127517700195,0.00954496581107378,0.010416666977107525,0.0520833358168602,1.5522360801696777,0.5425406098365784,51.125,51.0,-9.923894882202148,-9.923894882202148,1.0123761892318726,4.67958402633667,-4.681243419647217,-4.6822590827941895,0.009959058836102486,0.010416666977107525,0.0520833358168602,4.527405738830566,0.02556450664997101,50.38541793823242,50.0,-1.0109965801239014,5.356975555419922,2.719832420349121,0.49095019698143005,0.0520833358168602,0.9479166865348816,-0.0007736602565273643,0.009999999776482582,50.5,0.009086216799914837,1.0,0.011807296425104141,0.9999061822891235,0.0,0.010416666977107525,-7.569168567657471,492.5208435058594,4.679584503173828,-4.681243419647217,-4.708993911743164,0.009959058836102486,0.010416666977107525,0.0520833358168602,4.527405738830566,0.02556450664997101,50.38542175292969,48.0,-1.0109965801239014,4.664889812469482,0.010416666977107525,7.144284248352051,1.0,9.999999747378752e-05,9.999999747378752e-06,4.467132568359375,-4.476552963256836,-4.5093092918396,0.012199778109788895,0.03125,0.125,4.532158374786377,0.024211958050727844,35.76041793823242,28.25,-0.7624238133430481,4.467132568359375,-4.476552963256836,-4.5093092918396,0.012199778109788895,0.03125,0.125,4.532158374786377,0.024211958050727844,35.76041793823242,28.25,-0.7624238133430481,0.2391628623008728,7.245803356170654,51.28990936279297,1.3573089838027954,4.679584503173828,24.0
1020,22.239078521728516,5.769729796156753e-06,9.999999747378752e-06,1.1466996669769287,4.586798667907715,0.09753599762916565,40.966796875,0.009673052467405796,0.0006495543639175594,0.06869211792945862,-7.222063868539408e-05,8.051542282104492,8.051542282104492,-4.637969970703125,-12.689512252807617,0.010303582064807415,0.003937096800655127,8.051541954046115e-05,-2.846485137939453,20.698230743408203,17.067832946777344,19.58608627319336,0.0,0.05615982785820961,2.7446107864379883,16.32514762878418,0.9907130002975464,0.28170889616012573,0.051077425479888916,921.0,980.1599731445312,9.999999747378752e-06,24.0,1.0,333.0039367675781,2.9936697483062744,0.05831257998943329,64.79265594482422,1.6212347745895386,86.49752807617188,152.91586303710938,2.9935998916625977,4.977969646453857,1.3775768280029297,3.8088574409484863,6.943185806274414,10.140233993530273,13.51766586303711,10.545838356018066,-10.588294982910156,-10.383198738098145,0.00844308827072382,0.010416666977107525,0.0520833358168602,1.522674322128296,0.5500316023826599,50.94791793823242,51.0,-9.952776908874512,-9.952776908874512,1.0088696479797363,4.67958402633667,-4.681243419647217,-4.679712295532227,0.009959058836102486,0.010416666977107525,0.0520833358168602,4.53219747543335,0.025215409696102142,50.38541793823242,49.0,-1.0086383819580078,5.457090377807617,2.743678569793701,0.49777480959892273,0.0520833358168602,0.9375,-0.002060208935290575,0.009999999776482582,50.5,0.009086216799914837,1.0,0.011594057083129883,0.9999063611030579,0.0,0.010416666977107525,-7.569168567657471,489.72918701171875,4.679584503173828,-4.681243419647217,-4.708676815032959,0.009959058836102486,0.010416666977107525,0.0520833358168602,4.53219747543335,0.025215409696102142,50.38542175292969,47.75,-1.0086382627487183,4.656375885009766,0.010416666977107525,7.0596771240234375,1.0,9.999999747378752e-05,9.999999747378752e-06,4.467132568359375,-4.476552963256836,-4.501079559326172,0.012199778109788895,0.03125,0.125,4.5334930419921875,0.024071138352155685,35.76041793823242,28.25,-0.7602558732032776,4.467132568359375,-4.476552963256836,-4.501079559326172,0.012199778109788895,0.03125,0.125,4.5334930419921875,0.024071138352155685,35.76041793823242,28.25,-0.7602558732032776,0.2414425164461136,7.22395658493042,51.13612365722656,1.365155577659607,4.679584503173828,24.0
1030,22.258920669555664,5.447864623420173e-06,9.999999747378752e-06,1.148720622062683,4.594882488250732,0.09849599748849869,40.966796875,0.010214561596512794,0.0006659630453214049,0.0922478586435318,-7.222063868539408e-05,8.97823715209961,8.97823715209961,-4.691643714904785,-13.669881820678711,0.009642093442380428,0.002605890389531851,8.978237019618973e-05,-2.1928634643554688,35.128387451171875,19.72039794921875,34.65363693237305,0.0,0.09645925462245941,2.7661197185516357,16.478933334350586,0.9906008243560791,0.2839165925979614,0.051077425479888916,931.0,989.760009765625,9.999999747378752e-06,24.0,1.0,333.05352783203125,2.993838310241699,0.055243901908397675,64.05542755126953,1.665054202079773,85.78592681884766,151.51116943359375,2.993757724761963,5.105959892272949,1.5468533039093018,4.3345746994018555,7.217434883117676,10.750751495361328,14.473538398742676,10.588294982910156,-10.700185775756836,-10.553449630737305,0.007698033004999161,0.010416666977107525,0.0520833358168602,1.461517333984375,0.5541701316833496,51.125,51.0,-9.986162185668945,-9.986162185668945,1.0123761892318726,4.67958402633667,-4.687190055847168,-4.6822590827941895,0.009958464652299881,0.0,0.0520833358168602,4.53219747543335,0.025215409696102142,50.38541793823242,49.0,-1.0086383819580078,5.790042877197266,2.849637985229492,0.5021424293518066,0.0520833358168602,0.9375,-0.0024061398580670357,0.009999999776482582,50.5,0.009247034788131714,1.0,0.011594057083129883,0.9999063611030579,0.0,0.010416666977107525,-7.569168567657471,489.72918701171875,4.679584503173828,-4.687190055847168,-4.70716667175293,0.009958464652299881,0.0,0.0520833358168602,4.53219747543335,0.025215409696102142,50.38542175292969,47.75,-1.0086382627487183,4.682136058807373,0.0,6.859125137329102,1.0,9.999999747378752e-05,9.999999747378752e-06,4.476552963256836,-4.487422466278076,-4.501079559326172,0.012113753706216812,0.03125,0.1145833432674408,4.5347466468811035,0.024071138352155685,35.927085876464844,28.25,-0.7602558732032776,4.476552963256836,-4.487422466278076,-4.501079559326172,0.012113753706216812,0.03125,0.1145833432674408,4.5347466468811035,0.024071138352155685,35.927085876464844,28.25,-0.7602558732032776,0.24371694028377533,7.200204372406006,50.98302459716797,1.3742579221725464,4.679584503173828,24.0
1040,22.244394302368164,6.163120360724861e-06,9.999999747378752e-06,1.1542882919311523,4.617153167724609,0.09945599734783173,40.966796875,0.010214561596512794,0.0006659630453214049,0.0996902585029602,-2.723580109886825e-05,7.645305156707764,7.645305156707764,-4.70924711227417,-12.354552268981934,0.009536879137158394,0.009896519593894482,7.645304867764935e-05,-5.115249156951904,22.012014389038086,16.998313903808594,19.017818450927734,0.0,0.044941943138837814,2.7898151874542236,16.63203239440918,0.9905198216438293,0.28634870052337646,0.051077425479888916,941.0,999.3599853515625,9.999999747378752e-06,24.0,1.0,333.337890625,2.9939563274383545,0.054702259600162506,63.59478759765625,1.6997615098953247,85.54845428466797,150.84402465820312,2.993877410888672,5.224628448486328,1.7795147895812988,4.389480113983154,7.403528690338135,10.893956184387207,14.82133674621582,10.700185775756836,-10.893061637878418,-10.610553741455078,0.00844308827072382,0.010416666977107525,0.0520833358168602,1.4576184749603271,0.5562396049499512,51.125,51.0,-10.282814979553223,-10.282814979553223,1.0123761892318726,4.67958402633667,-4.687190055847168,-4.679712295532227,0.009958464652299881,0.010416666977107525,0.0520833358168602,4.53219747543335,0.025049304589629173,50.38541793823242,49.0,-0.9889680743217468,5.896120071411133,2.898254156112671,0.5077015161514282,0.0625,0.9375,-0.002060208935290575,0.009999999776482582,50.5,0.009247034788131714,1.0,0.011594057083129883,0.9999063611030579,0.0,0.010416666977107525,-7.569168567657471,489.72918701171875,4.679584503173828,-4.687190055847168,-4.70716667175293,0.009958464652299881,0.010416666977107525,0.0520833358168602,4.53219747543335,0.025049302726984024,50.38542175292969,47.75,-0.9889680743217468,4.678183078765869,0.010416666977107525,6.859125137329102,1.0,9.999999747378752e-05,9.999999747378752e-06,4.476552963256836,-4.487422466278076,-4.5093092918396,0.012113753706216812,0.03125,0.125,4.5347466468811035,0.024071138352155685,35.927085876464844,28.25,-0.7476686835289001,4.476552963256836,-4.487422466278076,-4.5093092918396,0.012113753706216812,0.03125,0.125,4.5347466468811035,0.024071138352155685,35.927085876464844,28.25,-0.7476686835289001,0.24598121643066406,7.177682399749756,50.83019256591797,1.3828599452972412,4.679584503173828,24.0
1050,22.419384002685547,5.781650543212891e-06,9.999999747378752e-06,1.1261298656463623,4.504519462585449,0.10041599720716476,40.966796875,0.009673052467405796,0.0006659630453214049,0.0996902585029602,-2.723580109886825e-05,7.198770046234131,7.198770046234131,-4.6622209548950195,-11.860990524291992,0.01015858817845583,0.009756729006767273,7.1987698902376e-05,-3.0257034301757812,27.59215545654297,17.812583923339844,22.967124938964844,0.0,0.06810299307107925,2.8116393089294434,16.784866333007812,0.9903841614723206,0.2885887622833252,0.051077425479888916,951.0,1008.9600219726562,9.999999747378752e-06,24.0,1.0,333.32086181640625,2.9939513206481934,0.060965314507484436,63.14685821533203,1.6992855072021484,85.32738494873047,150.17352294921875,2.9938740730285645,5.18886137008667,1.525846004486084,3.8589956760406494,6.977988243103027,10.489378929138184,14.101463317871094,10.893061637878418,-11.025022506713867,-10.647418975830078,0.00844308827072382,0.010416666977107525,0.0416666679084301,1.4120744466781616,0.5740895867347717,51.125,51.0,-10.300975799560547,-10.300975799560547,1.0123761892318726,4.6781206130981445,-4.67958402633667,-4.679712295532227,0.009980055503547192,0.010416666977107525,0.0520833358168602,4.53722620010376,0.025049304589629173,50.38541793823242,49.0,-0.9889680743217468,6.101153373718262,2.9107742309570312,0.516044020652771,0.0625,0.9375,-0.002060208935290575,0.009999999776482582,50.5,0.009247034788131714,1.0,0.011594057083129883,0.9999063611030579,0.0,0.010416666977107525,-7.569168567657471,485.8125,4.6781206130981445,-4.679584503173828,-4.699087619781494,0.009980054572224617,0.010416666977107525,0.0520833358168602,4.53722620010376,0.025049302726984024,50.38542175292969,47.75,-0.9889680743217468,4.664591312408447,0.010416666977107525,7.057187557220459,1.0,9.999999747378752e-05,9.999999747378752e-06,4.476552963256836,-4.485477447509766,-4.5093092918396,0.012113753706216812,0.03125,0.125,4.536008834838867,0.0240012314170599,35.927085876464844,28.25,-0.7453298568725586,4.476552963256836,-4.485477447509766,-4.5093092918396,0.012113753706216812,0.03125,0.125,4.536008834838867,0.0240012314170599,35.927085876464844,28.25,-0.7453298568725586,0.2482415735721588,7.155144691467285,50.67790603637695,1.3926366567611694,4.6781206130981445,24.0
1060,22.142650604248047,4.6133995965647046e-06,9.999999747378752e-06,1.1465197801589966,4.586079120635986,0.1013759970664978,40.966796875,0.009673052467405796,0.0006495543639175594,0.0922478586435318,1.2426171451807022e-06,6.369688987731934,6.369688987731934,-4.729949951171875,-11.099638938903809,0.009384917095303535,0.0031643882393836975,6.369689072016627e-05,-2.714850664138794,20.50627326965332,15.646747589111328,20.04881477355957,0.0,0.07477667182683945,2.8348183631896973,16.937152862548828,0.9902743101119995,0.2909678816795349,0.051077425479888916,961.0,1018.5599975585938,9.999999747378752e-06,24.0,1.0,332.67633056640625,2.9937760829925537,0.06162068620324135,62.396766662597656,1.6533012390136719,84.98762512207031,149.03768920898438,2.9937100410461426,5.025074481964111,0.9106040000915527,3.3311991691589355,6.618096351623535,9.808440208435059,13.138090133666992,11.025022506713867,-11.099638938903809,-10.647418975830078,0.007698033004999161,0.010416666977107525,0.0416666679084301,1.4120744466781616,0.5740895867347717,51.375,52.0,-10.384492874145508,-10.384492874145508,1.0173267126083374,4.6781206130981445,-4.687190055847168,-4.6822590827941895,0.009791548363864422,0.010416666977107525,0.0520833358168602,4.5382537841796875,0.024985555559396744,50.989585876464844,49.0,-0.980412483215332,6.192653656005859,2.9107742309570312,0.516044020652771,0.0625,0.9166666865348816,-0.0024061398580670357,0.009999999776482582,50.5,0.009247034788131714,1.0,0.011523149907588959,0.9999101758003235,0.0,0.010416666977107525,-7.564683437347412,485.5625305175781,4.6781206130981445,-4.687190055847168,-4.699087619781494,0.009791548363864422,0.010416666977107525,0.0520833358168602,4.538254737854004,0.024985555559396744,50.989585876464844,47.5,-0.980412483215332,4.6848554611206055,0.0,7.096767425537109,1.0,9.999999747378752e-05,9.999999747378752e-06,4.476552963256836,-4.485477447509766,-4.501079559326172,0.012113753706216812,0.03125,0.125,4.536489963531494,0.02395457588136196,35.927085876464844,28.25,-0.7371844053268433,4.476552963256836,-4.485477447509766,-4.501079559326172,0.012113753706216812,0.03125,0.125,4.536489963531494,0.02395457588136196,35.927085876464844,28.25,-0.7371844053268433,0.2504938244819641,7.133579254150391,50.52592849731445,1.3998795747756958,4.6781206130981445,24.0
1070,22.719514846801758,5.5670739129709546e-06,9.999999747378752e-06,1.10236656665802,4.40946626663208,0.10233599692583084,40.966796875,0.009673052467405796,0.0006495543639175594,0.0922478586435318,-2.723580109886825e-05,5.759044170379639,5.759044170379639,-4.646132946014404,-10.40517807006836,0.010229482315480709,0.005592059344053268,5.759043779107742e-05,-3.0768213272094727,19.609134674072266,15.260549545288086,18.108104705810547,0.0,0.05536845698952675,2.85648250579834,17.089130401611328,0.9902118444442749,0.29319149255752563,0.05124775320291519,971.0,1028.1600341796875,9.999999747378752e-06,24.0,1.0,331.9805603027344,2.9935195446014404,0.05593246966600418,61.67508316040039,1.586573600769043,84.30956268310547,147.5712127685547,2.9934558868408203,4.642975807189941,0.7012572288513184,2.9546351432800293,5.713184356689453,9.093315124511719,12.728312492370605,11.025022506713867,-11.099638938903809,-10.647418975830078,0.0071811615489423275,0.010416666977107525,0.0416666679084301,1.4120744466781616,0.5740895867347717,51.375,52.0,-10.384492874145508,-10.384492874145508,1.0173267126083374,4.6781206130981445,-4.687190055847168,-4.679712295532227,0.009791548363864422,0.010416666977107525,0.0520833358168602,4.5384416580200195,0.024985555559396744,50.989585876464844,49.0,-0.9889680743217468,6.192653656005859,2.9107742309570312,0.516044020652771,0.0625,0.9166666865348816,-0.0030213247518986464,0.009999999776482582,50.5,0.009086216799914837,1.0,0.011030793190002441,0.999910295009613,0.0,0.010416666977107525,-7.570962905883789,485.5625305175781,4.6781206130981445,-4.687190055847168,-4.699087619781494,0.009791548363864422,0.010416666977107525,0.0520833358168602,4.5384416580200195,0.024985555559396744,50.989585876464844,47.5,-0.9889680743217468,4.672834873199463,0.0,7.132650852203369,1.0,9.999999747378752e-05,9.999999747378752e-06,4.476552963256836,-4.485477447509766,-4.492685794830322,0.012113753706216812,0.03125,0.1145833432674408,4.536489963531494,0.02395457588136196,35.76041793823242,28.25,-0.7371844053268433,4.476552963256836,-4.485477447509766,-4.492685794830322,0.012113753706216812,0.03125,0.1145833432674408,4.536489963531494,0.02395457588136196,35.76041793823242,28.25,-0.7371844053268433,0.2527415156364441,7.111116409301758,50.37456512451172,1.404433250427246,4.6781206130981445,24.0
1080,23.148550033569336,5.435943421616685e-06,9.999999747378752e-06,1.079316258430481,4.317265033721924,0.10329599678516388,40.966796875,0.009673052467405796,0.0006495543639175594,0.0922478586435318,-7.222063868539408e-05,4.335704326629639,4.335704326629639,-4.697779655456543,-9.033483505249023,0.009615955874323845,0.004235993139445782,4.3357042159186676e-05,-1.8183355331420898,22.69290542602539,10.90073013305664,18.07856559753418,0.0,0.06015480309724808,2.877779245376587,17.240493774414062,0.9901291131973267,0.2953774034976959,0.05124775320291519,981.0,1037.760009765625,9.999999747378752e-06,24.0,1.0,331.79754638671875,2.993269681930542,0.0589742511510849,61.03061294555664,1.5284663438796997,83.58550262451172,146.1445770263672,2.9932165145874023,4.314086437225342,0.37500572204589844,2.464327812194824,4.960860252380371,7.574443817138672,11.228015899658203,11.025022506713867,-11.099638938903809,-10.647418975830078,0.005592059344053268,0.0,0.0416666679084301,1.4120744466781616,0.5740895867347717,51.19791793823242,51.0,-10.384492874145508,-10.384492874145508,1.0138201713562012,4.687190055847168,-4.691643714904785,-4.679712295532227,0.009768414311110973,0.0,0.0520833358168602,4.5384416580200195,0.024985555559396744,51.10416793823242,49.0,-0.9889680743217468,6.192653656005859,2.9107742309570312,0.516044020652771,0.0520833358168602,0.9375,-0.004637422040104866,0.009999999776482582,50.5,0.009086216799914837,1.0,0.011030793190002441,0.999910295009613,0.0,0.010416666977107525,-7.570962905883789,485.5625305175781,4.687190055847168,-4.691643714904785,-4.699087619781494,0.009768415242433548,0.0,0.0520833358168602,4.5384416580200195,0.024985555559396744,51.10417175292969,47.5,-0.9889680743217468,4.665660858154297,0.010416666977107525,7.30557918548584,1.0,9.999999747378752e-05,9.999999747378752e-06,4.485091209411621,-4.485477447509766,-4.492685794830322,0.01200973242521286,0.03125,0.1145833432674408,4.539557456970215,0.02395457588136196,35.76041793823242,28.25,-0.7371844053268433,4.485091209411621,-4.485477447509766,-4.492685794830322,0.01200973242521286,0.03125,0.1145833432674408,4.539557456970215,0.02395457588136196,35.76041793823242,28.25,-0.7371844053268433,0.2549801170825958,7.088712215423584,50.2236442565918,1.4083679914474487,4.687190055847168,24.0
1090,22.716487884521484,4.9233435674977954e-06,9.999999747378752e-06,1.099717617034912,4.398870468139648,0.10425599664449692,40.966796875,0.009673052467405796,0.0006495543639175594,0.0996902585029602,-0.00010245543671771884,5.233153820037842,5.233153820037842,-4.689319133758545,-9.922472953796387,0.009966770187020302,0.008233597502112389,5.233153569861315e-05,-3.255530834197998,27.9575252532959,13.45345687866211,16.811687469482422,0.0,0.09598112851381302,2.89951229095459,17.39141273498535,0.9899196624755859,0.2976081073284149,0.051077425479888916,991.0,1047.3599853515625,9.999999747378752e-06,24.0,1.0,332.4313659667969,2.9930906295776367,0.06841408461332321,60.38245391845703,1.4871199131011963,82.84382629394531,144.71339416503906,2.9930343627929688,4.305979251861572,-0.07421541213989258,1.9865928888320923,4.420283794403076,7.176286697387695,10.412605285644531,11.025022506713867,-11.099638938903809,-10.647418975830078,0.0071811615489423275,0.010416666977107525,0.0416666679084301,1.4120744466781616,0.5740895867347717,51.19791793823242,51.0,-10.384492874145508,-10.384492874145508,1.0138201713562012,4.687190055847168,-4.689319133758545,-4.676548004150391,0.009791548363864422,0.0,0.0520833358168602,4.538561820983887,0.025049304589629173,51.10416793823242,49.0,-0.9951058626174927,6.192653656005859,2.9107742309570312,0.516044020652771,0.0520833358168602,0.9479166865348816,-0.0030213247518986464,0.009999999776482582,50.5,0.009247034788131714,1.0,0.011030793190002441,0.999910295009613,0.0,0.010416666977107525,-7.570962905883789,485.5625305175781,4.687190055847168,-4.689319133758545,-4.694976806640625,0.009791548363864422,0.0,0.0520833358168602,4.538561820983887,0.025049302726984024,51.10417175292969,47.5,-0.9951058626174927,4.662844657897949,0.0,7.285872459411621,1.0,9.999999747378752e-05,9.999999747378752e-06,4.485091209411621,-4.485477447509766,-4.4866862297058105,0.01200973242521286,0.03125,0.1145833432674408,4.541154861450195,0.02392839826643467,35.52083206176758,28.25,-0.733214259147644,4.485091209411621,-4.485477447509766,-4.4866862297058105,0.01200973242521286,0.03125,0.1145833432674408,4.541154861450195,0.02392839826643467,35.52083206176758,28.25,-0.733214259147644,0.25721216201782227,7.067820072174072,50.07297897338867,1.4203855991363525,4.687190055847168,24.0
1100,23.086750030517578,6.115436463005608e-06,9.999999747378752e-06,1.0762174129486084,4.304869651794434,0.10521599650382996,40.966796875,0.009192999452352524,0.0006659630453214049,0.10396141558885574,-0.00010245543671771884,4.467913627624512,4.467913627624512,-4.626588344573975,-9.094501495361328,0.010393570177257061,0.00223438604734838,4.4679134589387104e-05,-1.3479855060577393,12.093303680419922,10.84194564819336,12.010335922241211,0.0,0.07604086399078369,2.9228999614715576,17.54207992553711,0.9898443818092346,0.300008624792099,0.05124775320291519,1001.0,1056.9599609375,9.999999747378752e-06,24.0,1.0,331.83001708984375,2.9928853511810303,0.07393313199281693,59.92378234863281,1.4436172246932983,82.21943664550781,143.5868377685547,2.9928321838378906,4.515181541442871,0.1058511734008789,2.3755345344543457,4.758068561553955,7.202478408813477,10.79631233215332,11.025022506713867,-11.099638938903809,-10.647418975830078,0.005592059344053268,0.0,0.0416666679084301,1.4120744466781616,0.5740895867347717,51.19791793823242,51.0,-10.384492874145508,-10.384492874145508,1.0138201713562012,4.6781206130981445,-4.687190055847168,-4.673405647277832,0.009791548363864422,0.0,0.0520833358168602,4.53864860534668,0.024985555559396744,50.989585876464844,49.0,-0.9889680743217468,6.192653656005859,2.9107742309570312,0.516044020652771,0.0520833358168602,0.9375,-0.004637422040104866,0.009999999776482582,50.5,0.009257026016712189,0.9895833730697632,0.011030793190002441,0.9999101758003235,0.0,0.010416666977107525,-7.570962905883789,485.5625305175781,4.6781206130981445,-4.687190055847168,-4.694431304931641,0.009791548363864422,0.0,0.0520833358168602,4.53864860534668,0.024985555559396744,50.989585876464844,47.25,-0.9889680743217468,4.662628173828125,0.0,6.558111190795898,1.0,9.999999747378752e-05,9.999999747378752e-06,4.476552963256836,-4.485091209411621,-4.486597537994385,0.01200973242521286,0.03125,0.1145833432674408,4.541154861450195,0.023626387119293213,35.35416793823242,28.25,-0.7316907644271851,4.476552963256836,-4.485091209411621,-4.486597537994385,0.01200973242521286,0.03125,0.1145833432674408,4.541154861450195,0.023626387119293213,35.35416793823242,28.25,-0.7316907644271851,0.25944045186042786,7.045108318328857,49.923030853271484,1.4251831769943237,4.6781206130981445,24.0
1110,22.749042510986328,5.626678557746345e-06,9.999999747378752e-06,1.1446869373321533,4.578747749328613,0.106175996363163,40.966796875,0.009126962162554264,0.0006874147802591324,0.10762041807174683,-7.222063868539408e-05,6.194314479827881,6.194314479827881,-4.732237815856934,-10.926551818847656,0.009351595304906368,0.001965872710570693,6.194314482854679e-05,-1.8524572849273682,17.934162139892578,13.064327239990234,17.52320098876953,0.0,0.050078533589839935,2.9446966648101807,17.692028045654297,0.9897094964981079,0.3022458553314209,0.05124775320291519,1011.0,1066.56005859375,9.999999747378752e-06,24.0,1.0,332.05914306640625,2.9927468299865723,0.07393313199281693,59.7032470703125,1.4149047136306763,81.77835845947266,142.89651489257812,2.992692232131958,4.438117504119873,0.6339671611785889,2.623351573944092,4.935717582702637,7.540767669677734,11.22762680053711,11.025022506713867,-11.099638938903809,-10.647418975830078,0.004235993139445782,0.0,0.03125,1.4120744466781616,0.5740895867347717,51.375,51.0,-10.384492874145508,-10.384492874145508,1.0173267126083374,4.687190055847168,-4.689319133758545,-4.676548004150391,0.009768414311110973,0.0,0.0520833358168602,4.53864860534668,0.024985555559396744,51.10416793823242,49.0,-0.9889680743217468,6.192653656005859,2.9253668785095215,0.516044020652771,0.0520833358168602,0.9270833730697632,-0.004954620264470577,0.009999999776482582,50.5,0.00976544339209795,1.0,0.011030793190002441,0.9999061822891235,0.0,0.010416666977107525,-7.576605796813965,485.8125,4.687190055847168,-4.689319133758545,-4.694976806640625,0.009768415242433548,0.0,0.0520833358168602,4.53864860534668,0.024985555559396744,51.10417175292969,47.5,-0.9889680743217468,4.667986869812012,0.010416666977107525,6.683254241943359,1.0,9.999999747378752e-05,9.999999747378752e-06,4.485091209411621,-4.485477447509766,-4.486597537994385,0.011956790462136269,0.03125,0.1145833432674408,4.541393280029297,0.023618308827280998,35.52083206176758,28.25,-0.7257299423217773,4.485091209411621,-4.485477447509766,-4.486597537994385,0.011956790462136269,0.03125,0.1145833432674408,4.541393280029297,0.023618308827280998,35.52083206176758,28.25,-0.7257299423217773,0.2616581320762634,7.024040699005127,49.77334976196289,1.4336533546447754,4.687190055847168,24.0
1120,22.89457893371582,5.853175935044419e-06,9.999999747378752e-06,1.1432793140411377,4.573117256164551,0.10713600367307663,40.966796875,0.008798658847808838,0.0006659630453214049,0.10762041807174683,-0.00010245543671771884,6.035076141357422,6.035076141357422,-4.623116970062256,-10.658193588256836,0.010401836596429348,0.011461330577731133,6.035076148691587e-05,-3.3931589126586914,20.79791259765625,13.172127723693848,14.98753833770752,0.0,0.07007342576980591,2.9664196968078613,17.841707229614258,0.9896621704101562,0.3044755160808563,0.05124775320291519,1021.0,1076.1600341796875,9.999999747378752e-06,24.0,1.0,331.2086181640625,2.9926421642303467,0.06877662241458893,59.298561096191406,1.3932393789291382,81.4195785522461,142.1113739013672,2.992582321166992,4.504078388214111,0.4273502826690674,2.565546989440918,5.103353500366211,8.013469696044922,11.62734603881836,11.025022506713867,-11.099638938903809,-10.647418975830078,0.004235993139445782,0.0,0.03125,1.4576184749603271,0.5562396049499512,51.47916793823242,51.0,-10.384492874145508,-10.384492874145508,1.0193895101547241,4.687190055847168,-4.689319133758545,-4.673405647277832,0.009768414311110973,0.010416666977107525,0.0520833358168602,4.539008140563965,0.02418636903166771,51.10416793823242,49.0,-0.980412483215332,6.101153373718262,2.9107742309570312,0.5082194805145264,0.0729166716337204,0.90625,-0.004954620264470577,0.009999999776482582,50.5,0.009890353307127953,0.9895833730697632,0.011807296425104141,0.9999056458473206,0.0,0.010416666977107525,-7.576605796813965,485.8125,4.687190055847168,-4.689319133758545,-4.694431304931641,0.009768415242433548,0.010416666977107525,0.0520833358168602,4.539008140563965,0.02418636716902256,51.10417175292969,47.25,-0.980412483215332,4.675473213195801,0.010416666977107525,6.887442588806152,1.0,9.999999747378752e-05,9.999999747378752e-06,4.485091209411621,-4.485477447509766,-4.4852399826049805,0.011956790462136269,0.03125,0.1145833432674408,4.541393280029297,0.023618308827280998,35.52083206176758,28.25,-0.7257299423217773,4.485091209411621,-4.485477447509766,-4.4852399826049805,0.011956790462136269,0.03125,0.1145833432674408,4.541393280029297,0.023618308827280998,35.52083206176758,28.25,-0.7257299423217773,0.26387181878089905,7.001182556152344,49.624229431152344,1.436249017715454,4.687190055847168,24.0
1130,22.825786590576172,5.9604644775390625e-06,9.999999747378752e-06,1.1556204557418823,4.622481822967529,0.10809600353240967,40.966796875,0.009126962162554264,0.0006659630453214049,0.10762041807174683,-0.00010245543671771884,6.749240875244141,6.749240875244141,-4.713915824890137,-11.463156700134277,0.009413479827344418,0.0015397676033899188,6.749240856152028e-05,-1.6066219806671143,20.095006942749023,15.732702255249023,19.19533920288086,0.0,0.08525659143924713,2.9876935482025146,17.99083137512207,0.9894547462463379,0.30665910243988037,0.05124775320291519,1031.0,1085.760009765625,9.999999747378752e-06,24.0,1.0,331.548095703125,2.992563247680664,0.07007342576980591,58.75396728515625,1.378639578819275,80.85370635986328,140.97406005859375,2.992504835128784,4.673019886016846,0.19733428955078125,2.49623703956604,5.046142578125,8.146905899047852,11.579845428466797,11.099638938903809,-11.355006217956543,-10.647418975830078,0.004135094583034515,0.0,0.03125,1.4576184749603271,0.5562396049499512,51.47916793823242,51.0,-10.64523696899414,-10.64523696899414,1.0193895101547241,4.689319133758545,-4.691643714904785,-4.676548004150391,0.009703747928142548,0.0,0.0520833358168602,4.540104866027832,0.02418636903166771,51.35416793823242,49.0,-0.980412483215332,6.101153373718262,2.9107742309570312,0.5082194805145264,0.0729166716337204,0.90625,-0.005379962734878063,0.009999999776482582,50.5,0.010226190090179443,0.9895833730697632,0.012100609950721264,0.9999056458473206,0.0,0.010416666977107525,-7.576605796813965,485.8125,4.689319133758545,-4.691643714904785,-4.694431304931641,0.009703747928142548,0.0,0.0520833358168602,4.540104866027832,0.02418636716902256,51.35416793823242,47.25,-0.980412483215332,4.68397331237793,0.0,6.887442588806152,1.0,9.999999747378752e-05,9.999999747378752e-06,4.485477447509766,-4.487422466278076,-4.486597537994385,0.01190393790602684,0.03125,0.1145833432674408,4.541618824005127,0.023235969245433807,35.76041793823242,28.25,-0.7202717065811157,4.485477447509766,-4.487422466278076,-4.486597537994385,0.01190393790602684,0.03125,0.1145833432674408,4.541618824005127,0.023235969245433807,35.76041793823242,28.25,-0.7202717065811157,0.26607730984687805,6.980203151702881,49.47538375854492,1.4471057653427124,4.689319133758545,24.0
1140,21.74988555908203,4.7922135308908764e-06,9.999999747378752e-06,1.155766487121582,4.623065948486328,0.1090560033917427,40.966796875,0.009126962162554264,0.0006495543639175594,0.10396141558885574,-0.00023629784118384123,5.955057144165039,5.955057144165039,-4.6560211181640625,-10.611078262329102,0.010144969448447227,0.002830168232321739,5.9550569858402014e-05,-2.5861291885375977,17.199142456054688,12.73349380493164,15.094409942626953,0.0,0.07727529108524323,3.0109429359436035,18.13967514038086,0.9893540740013123,0.3090454339981079,0.051077425479888916,1041.0,1095.3599853515625,9.999999747378752e-06,24.0,1.0,330.50225830078125,2.9925403594970703,0.08525659143924713,58.32996368408203,1.3743555545806885,80.46798706054688,140.17190551757812,2.9924798011779785,4.585419654846191,0.2154853343963623,2.600548028945923,5.140271186828613,8.175521850585938,11.446538925170898,11.099638938903809,-11.355006217956543,-10.647418975830078,0.003937096800655127,0.0,0.03125,1.4576184749603271,0.5562396049499512,51.375,51.0,-10.64523696899414,-10.64523696899414,1.0173267126083374,4.689319133758545,-4.691643714904785,-4.676548004150391,0.009703747928142548,0.0,0.0520833358168602,4.540184020996094,0.02435695379972458,51.35416793823242,49.0,-0.980412483215332,6.101153373718262,2.898254156112671,0.5082194805145264,0.0729166716337204,0.90625,-0.006220528390258551,0.009999999776482582,50.5,0.010274378582835197,0.9895833730697632,0.012159180827438831,0.9999025464057922,0.0,0.0,-7.564683437347412,485.8125,4.689319133758545,-4.691643714904785,-4.694431304931641,0.009703747928142548,0.0,0.0520833358168602,4.540184020996094,0.02435695193707943,51.35416793823242,47.25,-0.980412483215332,4.6641845703125,0.010416666977107525,6.739330291748047,1.0,9.999999747378752e-05,9.999999747378752e-06,4.485477447509766,-4.487422466278076,-4.486597537994385,0.01190393790602684,0.02083333395421505,0.1145833432674408,4.541618824005127,0.023235969245433807,35.76041793823242,28.25,-0.7202717065811157,4.485477447509766,-4.487422466278076,-4.486597537994385,0.01190393790602684,0.02083333395421505,0.1145833432674408,4.541618824005127,0.023235969245433807,35.76041793823242,28.25,-0.7202717065811157,0.26827865839004517,6.957778453826904,49.32722091674805,1.4615150690078735,4.689319133758545,24.0
1150,22.109060287475586,5.424022674560547e-06,9.999999747378752e-06,1.1532082557678223,4.612833023071289,0.11001600325107574,40.966796875,0.009126962162554264,0.0006495543639175594,0.10173594206571579,-0.00023629784118384123,6.495194435119629,6.495194435119629,-4.67055082321167,-11.16574478149414,0.010014815255999565,0.0071880994364619255,6.495194975286722e-05,-3.269883871078491,16.913108825683594,13.841388702392578,16.516748428344727,0.0,0.09881503134965897,3.0330207347869873,18.2878360748291,0.989276647567749,0.3113115131855011,0.051077425479888916,1051.0,1104.9599609375,9.999999747378752e-06,24.0,1.0,330.6162414550781,2.9925308227539062,0.08545892685651779,57.91047668457031,1.3736366033554077,80.28995513916016,139.5484619140625,2.9924755096435547,4.442574977874756,0.6025505065917969,2.816943645477295,5.458914279937744,8.380037307739258,11.428695678710938,11.099638938903809,-11.16574478149414,-10.647418975830078,0.004135094583034515,0.0,0.03125,1.4576184749603271,0.5562396049499512,51.19791793823242,51.0,-10.566228866577148,-10.566228866577148,1.0138201713562012,4.689319133758545,-4.691643714904785,-4.683724403381348,0.009703747928142548,0.010416666977107525,0.0520833358168602,4.541156768798828,0.02418636903166771,51.35416793823242,50.0,-0.9653290510177612,6.101153373718262,2.898254156112671,0.5082194805145264,0.09375,0.90625,-0.005379962734878063,0.009999999776482582,50.5,0.010522566735744476,0.9895833730697632,0.012455832213163376,0.999896764755249,0.0,0.0,-7.564683437347412,494.21875,4.689319133758545,-4.691643714904785,-4.694976806640625,0.009703747928142548,0.010416666977107525,0.0520833358168602,4.541157245635986,0.02418636716902256,51.35416793823242,47.25,-0.9653290510177612,4.6641845703125,0.010416666977107525,6.623345375061035,1.0,9.999999747378752e-05,9.999999747378752e-06,4.485477447509766,-4.487422466278076,-4.4852399826049805,0.01190393790602684,0.02083333395421505,0.1145833432674408,4.541393280029297,0.023235969245433807,35.75,28.25,-0.7257299423217773,4.485477447509766,-4.487422466278076,-4.4852399826049805,0.01190393790602684,0.02083333395421505,0.1145833432674408,4.541393280029297,0.023235969245433807,35.75,28.25,-0.7257299423217773,0.27046990394592285,6.935035228729248,49.17947769165039,1.4690001010894775,4.689319133758545,24.0
1160,22.118616104125977,5.674362000718247e-06,9.999999747378752e-06,1.1530581712722778,4.612232685089111,0.11097600311040878,40.966796875,0.009126962162554264,0.0006495543639175594,0.10173594206571579,-0.00023629784118384123,6.552214622497559,6.552214622497559,-4.643846035003662,-11.196060180664062,0.01010634284466505,0.016901401802897453,6.552214472321793e-05,-4.106971263885498,20.244287490844727,15.50792407989502,17.277238845825195,0.0,0.13167324662208557,3.0548572540283203,18.43558120727539,0.9889873266220093,0.3135528266429901,0.051077425479888916,1061.0,1114.56005859375,9.999999747378752e-06,24.0,1.0,330.12152099609375,2.9925220012664795,0.08717992156744003,57.56748580932617,1.3710997104644775,80.1662826538086,139.12368774414062,2.9924612045288086,4.543350696563721,0.6082818508148193,2.952017307281494,5.596257209777832,8.5182523727417,11.587715148925781,11.099638938903809,-11.16574478149414,-10.647418975830078,0.004135094583034515,0.0,0.03125,1.4576184749603271,0.5573599338531494,51.375,51.0,-10.446617126464844,-10.446617126464844,1.0173267126083374,4.689319133758545,-4.691643714904785,-4.683724403381348,0.009703747928142548,0.010416666977107525,0.0520833358168602,4.54213809967041,0.02412533015012741,51.35416793823242,50.0,-0.9598705172538757,6.101153373718262,2.898254156112671,0.5082194805145264,0.0729166716337204,0.90625,-0.005379962734878063,0.009999999776482582,50.5,0.011385153979063034,0.9895833730697632,0.012543311342597008,0.9998908042907715,0.0,0.0,-7.554867744445801,494.21875,4.689319133758545,-4.691643714904785,-4.694976806640625,0.009703747928142548,0.010416666977107525,0.0520833358168602,4.54213809967041,0.02412532828748226,51.35416793823242,49.5,-0.959870457649231,4.65034818649292,0.010416666977107525,6.633446216583252,1.0,9.999999747378752e-05,9.999999747378752e-06,4.485477447509766,-4.487422466278076,-4.4852399826049805,0.01190393790602684,0.02083333395421505,0.125,4.541154861450195,0.022998014464974403,35.75,28.25,-0.7257299423217773,4.485477447509766,-4.487422466278076,-4.4852399826049805,0.01190393790602684,0.02083333395421505,0.125,4.541154861450195,0.022998014464974403,35.75,28.25,-0.7257299423217773,0.2726549804210663,6.914492607116699,49.032005310058594,1.47795832157135,4.689319133758545,24.0
1170,22.074140548706055,5.316734132065903e-06,9.999999747378752e-06,1.1181148290634155,4.472459316253662,0.11193600296974182,40.966796875,0.008597924374043941,0.0006495543639175594,0.10173594206571579,-0.00023629784118384123,6.878330230712891,6.878330230712891,-4.6592912673950195,-11.537620544433594,0.010052457451820374,0.00513413455337286,6.87833089614287e-05,-2.6558594703674316,28.739234924316406,13.823877334594727,26.047109603881836,0.0,0.07793812453746796,3.0793867111206055,18.583051681518555,0.9889845848083496,0.316070556640625,0.051077425479888916,1071.0,1124.1600341796875,9.999999747378752e-06,24.0,1.0,330.6448669433594,2.99250864982605,0.08388752490282059,57.238861083984375,1.3683013916015625,80.06121063232422,138.6692352294922,2.9924449920654297,4.787469863891602,0.9151759147644043,3.220329523086548,5.97418212890625,8.99098014831543,12.0954008102417,11.099638938903809,-11.16574478149414,-10.647418975830078,0.004135094583034515,0.0,0.03125,1.4576184749603271,0.5573599338531494,51.19791793823242,51.0,-10.446617126464844,-10.446617126464844,1.0138201713562012,4.67055082321167,-4.689319133758545,-4.683724403381348,0.009966770187020302,0.010416666977107525,0.0520833358168602,4.542162895202637,0.02389562875032425,51.35416793823242,50.0,-0.9341797828674316,6.101153373718262,2.9253668785095215,0.5082194805145264,0.0729166716337204,0.90625,-0.005379962734878063,0.009999999776482582,50.5,0.011385153979063034,0.9895833730697632,0.012543311342597008,0.9998908042907715,0.0,0.010416666977107525,-7.543918609619141,485.8125,4.670551300048828,-4.689319133758545,-4.694976806640625,0.009966770187020302,0.010416666977107525,0.0520833358168602,4.5421624183654785,0.02389562875032425,51.35416793823242,49.5,-0.9341797828674316,4.6592912673950195,0.0,6.6892852783203125,1.0,9.999999747378752e-05,9.999999747378752e-06,4.485091209411621,-4.485477447509766,-4.486597537994385,0.011956790462136269,0.02083333395421505,0.1145833432674408,4.541618824005127,0.022998014464974403,35.52083206176758,28.25,-0.7257299423217773,4.485091209411621,-4.485477447509766,-4.486597537994385,0.011956790462136269,0.02083333395421505,0.1145833432674408,4.541618824005127,0.022998014464974403,35.52083206176758,28.25,-0.7257299423217773,0.2748360335826874,6.892055034637451,48.88515853881836,1.4904160499572754,4.670551300048828,24.0
1180,22.56431770324707,6.330013093247544e-06,9.999999747378752e-06,1.1409616470336914,4.563846588134766,0.11289600282907486,40.966796875,0.008260400965809822,0.0006495543639175594,0.10173594206571579,-7.222063868539408e-05,7.268514156341553,7.268514156341553,-4.6736674308776855,-11.942180633544922,0.009887022897601128,0.002157325390726328,7.268514309544116e-05,-2.06618070602417,28.604045867919922,14.9976167678833,26.52253532409668,0.0,0.08748824149370193,3.0992894172668457,18.729900360107422,0.9888891577720642,0.31811338663101196,0.051077425479888916,1081.0,1133.760009765625,9.999999747378752e-06,24.0,1.0,329.9128723144531,2.992499351501465,0.08388752490282059,57.05229568481445,1.3655999898910522,79.98737335205078,138.41261291503906,2.9924302101135254,4.982397079467773,0.9370002746582031,3.270972967147827,6.192939758300781,9.417900085449219,12.770639419555664,11.16574478149414,-11.196060180664062,-10.996737480163574,0.003937096800655127,0.0,0.03125,1.4951213598251343,0.5536333322525024,51.375,51.0,-10.566228866577148,-10.566228866577148,1.0173267126083374,4.6736674308776855,-4.689319133758545,-4.683724403381348,0.009887022897601128,0.010416666977107525,0.0520833358168602,4.5424580574035645,0.02412533015012741,51.35416793823242,51.0,-0.9598705172538757,6.101153373718262,2.8505847454071045,0.5079978704452515,0.09375,0.90625,-0.006220528390258551,0.009999999776482582,50.5,0.011385153979063034,0.9895833730697632,0.012543311342597008,0.9998908042907715,0.0,0.010416666977107525,-7.543918609619141,485.8125,4.673666954040527,-4.689319133758545,-4.694976806640625,0.009887022897601128,0.010416666977107525,0.0520833358168602,4.542458534240723,0.02412532828748226,51.35416793823242,49.5,-0.959870457649231,4.664061546325684,0.0,6.641258716583252,1.0,9.999999747378752e-05,9.999999747378752e-06,4.485477447509766,-4.487824440002441,-4.4866862297058105,0.011898403987288475,0.02083333395421505,0.1145833432674408,4.542470932006836,0.02296248823404312,35.75,28.25,-0.7141105532646179,4.485477447509766,-4.487824440002441,-4.4866862297058105,0.011898403987288475,0.02083333395421505,0.1145833432674408,4.542470932006836,0.02296248823404312,35.75,28.25,-0.7141105532646179,0.2770078480243683,6.870901584625244,48.738643646240234,1.4928784370422363,4.673666954040527,24.0
1190,22.576784133911133,6.258487701416016e-06,9.999999747378752e-06,1.1213799715042114,4.485519886016846,0.1138560026884079,40.966796875,0.008251097984611988,0.0006495543639175594,0.0996902585029602,-0.00023629784118384123,7.509938716888428,7.509938716888428,-4.638910293579102,-12.148849487304688,0.010235980153083801,0.0046172719448804855,7.50993931433186e-05,-2.9345905780792236,30.25048065185547,17.244050979614258,23.099748611450195,0.0,0.06243715435266495,3.1200761795043945,18.87641143798828,0.9887397885322571,0.32024693489074707,0.051077425479888916,1091.0,1143.3599853515625,9.999999747378752e-06,24.0,1.0,331.7476806640625,2.9925003051757812,0.07685063779354095,56.86900329589844,1.3655548095703125,79.85652160644531,138.0912322998047,2.992429733276367,5.054919719696045,1.114346981048584,3.4508883953094482,6.457603931427002,9.852274894714355,13.250554084777832,11.196060180664062,-11.463156700134277,-11.063362121582031,0.003937096800655127,0.0,0.03125,1.4951213598251343,0.5536333322525024,51.19791793823242,51.0,-10.7557373046875,-10.7557373046875,1.0138201713562012,4.67055082321167,-4.6736674308776855,-4.676548004150391,0.009966770187020302,0.010416666977107525,0.0520833358168602,4.543285369873047,0.02389562875032425,50.625,50.0,-0.9341797828674316,6.105583190917969,2.9253668785095215,0.5082194805145264,0.09375,0.90625,-0.006220528390258551,0.009999999776482582,50.5,0.011385153979063034,0.9895833730697632,0.012543311342597008,0.9998961687088013,0.0,0.010416666977107525,-7.543918609619141,494.21875,4.670551300048828,-4.673666954040527,-4.694431304931641,0.009966770187020302,0.010416666977107525,0.0520833358168602,4.543284893035889,0.02389562875032425,50.625,49.5,-0.9341797828674316,4.65434455871582,0.010416666977107525,6.426636219024658,1.0,9.999999747378752e-05,9.999999747378752e-06,4.485091209411621,-4.485477447509766,-4.486597537994385,0.011956790462136269,0.02083333395421505,0.125,4.542470932006836,0.02296248823404312,35.52083206176758,28.25,-0.6767270565032959,4.485091209411621,-4.485477447509766,-4.486597537994385,0.011956790462136269,0.02083333395421505,0.125,4.542470932006836,0.02296248823404312,35.52083206176758,28.25,-0.6767270565032959,0.27917468547821045,6.848831653594971,48.59269332885742,1.4990251064300537,4.670551300048828,24.0
1200,22.3385066986084,4.935264769301284e-06,9.999999747378752e-06,1.1283740997314453,4.513496398925781,0.11481600254774094,40.966796875,0.008218593895435333,0.000614392280112952,0.08221852034330368,-0.0003110831312369555,6.7797393798828125,6.7797393798828125,-4.624151706695557,-11.403890609741211,0.010205956175923347,0.013201105408370495,6.7797394876834e-05,-3.361985683441162,22.004817962646484,19.563234329223633,21.927217483520508,0.0,0.07321818917989731,3.142814874649048,19.022363662719727,0.9886501431465149,0.32258087396621704,0.05011507868766785,1101.0,1152.9599609375,9.999999747378752e-06,24.0,1.0,331.2686767578125,2.992504596710205,0.07032198458909988,56.815242767333984,1.3670406341552734,79.72886657714844,137.90777587890625,2.992436408996582,5.352145671844482,0.8998687267303467,3.1713497638702393,6.2953267097473145,10.440773963928223,13.844402313232422,11.196060180664062,-11.403890609741211,-11.063362121582031,0.004235993139445782,0.0,0.03125,1.5304570198059082,0.547275185585022,50.864585876464844,50.0,-10.666022300720215,-10.666022300720215,1.0072195529937744,4.6622209548950195,-4.67055082321167,-4.67632532119751,0.010014815255999565,0.010416666977107525,0.0520833358168602,4.543463706970215,0.02389562875032425,50.458335876464844,50.0,-0.9341797828674316,6.192653656005859,2.8505847454071045,0.5079978704452515,0.0833333358168602,0.90625,-0.005618708208203316,0.009999999776482582,50.5,0.011385153979063034,0.9895833730697632,0.012789132073521614,0.9998908042907715,0.0,0.010416666977107525,-7.543793201446533,494.21875,4.6622209548950195,-4.670551300048828,-4.6910223960876465,0.010014815255999565,0.010416666977107525,0.0520833358168602,4.543463230133057,0.02389562875032425,50.458335876464844,47.75,-0.9341797828674316,4.661195755004883,0.010416666977107525,6.426636219024658,1.0,9.999999747378752e-05,9.999999747378752e-06,4.479313850402832,-4.485091209411621,-4.486597537994385,0.01195992436259985,0.02083333395421505,0.125,4.545078277587891,0.02296248823404312,35.35416793823242,28.25,-0.6767270565032959,4.479313850402832,-4.485091209411621,-4.486597537994385,0.01195992436259985,0.02083333395421505,0.125,4.545078277587891,0.02296248823404312,35.35416793823242,28.25,-0.6767270565032959,0.2813332676887512,6.827826023101807,48.44700622558594,1.5009384155273438,4.6622209548950195,24.0
1210,22.495338439941406,5.769729796156753e-06,9.999999747378752e-06,1.1201237440109253,4.480494976043701,0.11577600240707397,40.966796875,0.008251097984611988,0.000528585456777364,0.07151694595813751,-0.0003110831312369555,6.809797286987305,6.809797286987305,-4.5878095626831055,-11.397605895996094,0.010635659098625183,0.025968438014388084,6.809797196183354e-05,-4.213893413543701,26.30790901184082,17.31510353088379,21.254257202148438,0.0,0.08447986841201782,3.1633248329162598,19.16805076599121,0.9884504675865173,0.3246860206127167,0.04850313067436218,1111.0,1162.56005859375,9.999999747378752e-06,24.0,1.0,331.818115234375,2.9925103187561035,0.06744138151407242,56.92348861694336,1.3670248985290527,79.49656677246094,137.84512329101562,2.992436408996582,5.932917594909668,0.658869743347168,3.296186923980713,6.801012992858887,11.432016372680664,15.104969024658203,11.196060180664062,-11.397605895996094,-11.029571533203125,0.0046172719448804855,0.0,0.0416666679084301,1.5304570198059082,0.547275185585022,50.82291793823242,49.0,-10.666022300720215,-10.666022300720215,1.006394386291504,4.6592912673950195,-4.6622209548950195,-4.673405647277832,0.010052457451820374,0.010416666977107525,0.0520833358168602,4.543561935424805,0.023310324177145958,50.35416793823242,49.0,-0.9334027171134949,6.192653656005859,2.8505847454071045,0.5079978704452515,0.0833333358168602,0.90625,-0.005379962734878063,0.009999999776482582,50.5,0.011559145525097847,0.9895833730697632,0.012789132073521614,0.9998908042907715,0.0,0.010416666977107525,-7.530338287353516,494.21875,4.6592912673950195,-4.6622209548950195,-4.683632850646973,0.010052456520497799,0.010416666977107525,0.0520833358168602,4.543561935424805,0.023310324177145958,50.35416793823242,47.25,-0.9334027171134949,4.649870872497559,0.010416666977107525,6.543066501617432,1.0,9.999999747378752e-05,9.999999747378752e-06,4.474844932556152,-4.479313850402832,-4.486597537994385,0.01200973242521286,0.02083333395421505,0.125,4.54548454284668,0.022693611681461334,35.16666793823242,26.5,-0.6738088130950928,4.474844932556152,-4.479313850402832,-4.486597537994385,0.01200973242521286,0.02083333395421505,0.125,4.54548454284668,0.022693611681461334,35.16666793823242,26.5,-0.6738088130950928,0.2834879159927368,6.80696439743042,48.30174255371094,1.5153478384017944,4.6592912673950195,24.0
1220,22.734708786010742,5.662441253662109e-06,9.999999747378752e-06,1.0896735191345215,4.358694076538086,0.11673600226640701,40.966796875,0.008260400965809822,0.0004912515869364142,0.06355760991573334,-0.0003110831312369555,6.890206813812256,6.890206813812256,-4.6251606941223145,-11.515365600585938,0.010260134935379028,0.009170282632112503,6.89020671416074e-05,-3.7145345211029053,27.65637969970703,15.269950866699219,27.221744537353516,0.0,0.09245466440916061,3.185990810394287,19.313316345214844,0.9883977174758911,0.32701247930526733,0.04850313067436218,1121.0,1172.1600341796875,9.999999747378752e-06,24.0,1.0,330.6346435546875,2.9924557209014893,0.06646668910980225,57.19145202636719,1.3573311567306519,79.4457015991211,138.02334594726562,2.9923858642578125,5.777137279510498,0.8773989677429199,3.5696358680725098,6.532885551452637,10.731637954711914,15.139469146728516,11.196060180664062,-11.397605895996094,-11.029571533203125,0.00513413455337286,0.0,0.0416666679084301,1.5304570198059082,0.547275185585022,50.864585876464844,50.0,-10.666022300720215,-10.666022300720215,1.0072195529937744,4.6592912673950195,-4.6622209548950195,-4.673405647277832,0.010052457451820374,0.010416666977107525,0.0520833358168602,4.543561935424805,0.023310324177145958,50.35416793823242,49.0,-0.9334027171134949,6.192653656005859,2.8505847454071045,0.5079978704452515,0.0833333358168602,0.90625,-0.004918321967124939,0.009999999776482582,50.5,0.011926282197237015,0.9895833730697632,0.013051329180598259,0.9998809099197388,0.0,0.010416666977107525,-7.530338287353516,494.21875,4.6592912673950195,-4.6622209548950195,-4.683632850646973,0.010052456520497799,0.010416666977107525,0.0520833358168602,4.543561935424805,0.023310324177145958,50.35416793823242,47.25,-0.9334027171134949,4.650725841522217,0.010416666977107525,6.425277233123779,1.0,9.999999747378752e-05,9.999999747378752e-06,4.474844932556152,-4.479313850402832,-4.486597537994385,0.01200973242521286,0.02083333395421505,0.125,4.546752452850342,0.02252543345093727,35.16666793823242,26.5,-0.6738088130950928,4.474844932556152,-4.479313850402832,-4.486597537994385,0.01200973242521286,0.02083333395421505,0.125,4.546752452850342,0.02252543345093727,35.16666793823242,26.5,-0.6738088130950928,0.2856363356113434,6.785056114196777,48.15707015991211,1.5230234861373901,4.6592912673950195,24.0
1230,22.938472747802734,5.376338776841294e-06,9.999999747378752e-06,1.1015074253082275,4.40602970123291,0.11769600212574005,40.966796875,0.008260400965809822,0.000484836200485006,0.06355760991573334,-0.0003110831312369555,6.648583889007568,6.648583889007568,-4.661439418792725,-11.310023307800293,0.010126253589987755,0.0025316723622381687,6.648583803325891e-05,-1.4223103523254395,19.148372650146484,14.806901931762695,17.70998764038086,0.0,0.06509660929441452,3.206510543823242,19.45798683166504,0.9883003234863281,0.32911863923072815,0.05011507868766785,1131.0,1181.760009765625,9.999999747378752e-06,24.0,1.0,331.38909912109375,2.992274284362793,0.07151110470294952,57.2834587097168,1.3250857591629028,79.42716979980469,138.05093383789062,2.9922094345092773,5.6595282554626465,0.8657164573669434,3.1494574546813965,5.974969387054443,9.938384056091309,13.583940505981445,11.196060180664062,-11.310023307800293,-10.996737480163574,0.00513413455337286,0.0,0.0416666679084301,1.5304570198059082,0.547275185585022,50.82291793823242,49.0,-10.628328323364258,-10.628328323364258,1.006394386291504,4.6592912673950195,-4.661439418792725,-4.673405647277832,0.01010634284466505,0.010416666977107525,0.0520833358168602,4.543561935424805,0.023299535736441612,50.35416793823242,49.0,-0.9155606031417847,6.192653656005859,2.8505847454071045,0.5079978704452515,0.0833333358168602,0.9166666865348816,-0.004918321967124939,0.009999999776482582,50.5,0.012017427943646908,0.9895833730697632,0.013161612674593925,0.9998809099197388,0.0,0.010416666977107525,-7.543793201446533,488.01043701171875,4.6592912673950195,-4.661439418792725,-4.683429718017578,0.01010634284466505,0.010416666977107525,0.0520833358168602,4.543561935424805,0.02329953759908676,50.35416793823242,47.25,-0.9155606031417847,4.652118682861328,0.010416666977107525,6.302961826324463,1.0,9.999999747378752e-05,9.999999747378752e-06,4.46751594543457,-4.474844932556152,-4.486597537994385,0.012121051549911499,0.02083333395421505,0.125,4.547554969787598,0.022361285984516144,34.770835876464844,26.5,-0.6656779646873474,4.46751594543457,-4.474844932556152,-4.486597537994385,0.012121051549911499,0.02083333395421505,0.125,4.547554969787598,0.022361285984516144,34.770835876464844,26.5,-0.6656779646873474,0.2877759635448456,6.763759136199951,48.0128173828125,1.5317468643188477,4.6592912673950195,24.0
1240,22.643539428710938,5.638599304802483e-06,9.999999747378752e-06,1.1249871253967285,4.499948501586914,0.11865600198507309,40.966796875,0.008463142439723015,0.000484836200485006,0.06355760991573334,-0.0003110831312369555,6.030633926391602,6.030633926391602,-4.557443141937256,-10.588077545166016,0.011491982266306877,0.006308451294898987,6.0306338127702475e-05,-2.5882463455200195,29.313222885131836,14.969529151916504,22.754058837890625,0.0,0.06816666573286057,3.227405548095703,19.602243423461914,0.9881280064582825,0.33126330375671387,0.05066928267478943,1141.0,1191.3599853515625,9.999999747378752e-06,24.0,1.0,331.4745788574219,2.9921841621398926,0.06827016174793243,57.3703727722168,1.3085832595825195,79.66790771484375,138.34197998046875,2.992117404937744,5.014679431915283,0.7050139904022217,3.1111974716186523,5.638179779052734,9.257377624511719,12.50842571258545,11.16574478149414,-11.196060180664062,-10.776017189025879,0.00513413455337286,0.0,0.0416666679084301,1.5304570198059082,0.547275185585022,50.71875,47.0,-10.566228866577148,-10.566228866577148,1.0043317079544067,4.6560211181640625,-4.6592912673950195,-4.657371997833252,0.010126253589987755,0.010416666977107525,0.0520833358168602,4.543463706970215,0.023310324177145958,48.94791793823242,49.0,-0.9334027171134949,6.192653656005859,2.8505847454071045,0.5079978704452515,0.0833333358168602,0.9166666865348816,-0.005183530505746603,0.009999999776482582,50.5,0.01203420665115118,0.9895833730697632,0.013161612674593925,0.9998809099197388,0.0,0.010416666977107525,-7.554867744445801,485.8125,4.6560211181640625,-4.6592912673950195,-4.6775922775268555,0.010126253589987755,0.010416666977107525,0.0520833358168602,4.543463230133057,0.023310324177145958,48.94792175292969,46.25,-0.9334027171134949,4.640411376953125,0.010416666977107525,6.495978355407715,1.0,9.999999747378752e-05,9.999999747378752e-06,4.464707851409912,-4.46751594543457,-4.4852399826049805,0.012137865647673607,0.03125,0.125,4.547554969787598,0.022361285984516144,34.125,26.25,-0.6656779646873474,4.464707851409912,-4.46751594543457,-4.4852399826049805,0.012137865647673607,0.03125,0.125,4.547554969787598,0.022361285984516144,34.125,26.25,-0.6656779646873474,0.2899094521999359,6.743280410766602,47.86886215209961,1.534578800201416,4.6560211181640625,24.0
1250,22.00008773803711,4.8756601245258935e-06,9.999999747378752e-06,1.1518769264221191,4.607507705688477,0.11961600184440613,40.966796875,0.008463142439723015,0.000484836200485006,0.06355760991573334,-0.00036622254992835224,6.186155319213867,6.186155319213867,-4.68514347076416,-10.871298789978027,0.00964792724698782,0.004003395326435566,6.186155223986134e-05,-3.317979335784912,22.3188533782959,15.674291610717773,20.58480453491211,0.0,0.08853062242269516,3.249084711074829,19.746196746826172,0.9878978729248047,0.33348846435546875,0.05153079330921173,1151.0,1200.9599609375,9.999999747378752e-06,24.0,1.0,331.516845703125,2.992243528366089,0.06827016174793243,57.72125244140625,1.3200089931488037,80.13716888427734,139.17843627929688,2.992183208465576,4.952108383178711,0.7611219882965088,3.1505937576293945,5.496521949768066,8.80047607421875,12.50842571258545,11.099638938903809,-11.16574478149414,-10.647342681884766,0.0046172719448804855,0.0,0.0416666679084301,1.5304570198059082,0.547275185585022,50.71875,49.0,-10.446617126464844,-10.446617126464844,1.0043317079544067,4.6560211181640625,-4.6592912673950195,-4.657371997833252,0.01010634284466505,0.010416666977107525,0.0520833358168602,4.543561935424805,0.023299535736441612,48.94791793823242,49.0,-0.9155606031417847,6.192653656005859,2.8505847454071045,0.5079978704452515,0.0729166716337204,0.9166666865348816,-0.005379962734878063,0.009999999776482582,50.5,0.012837279587984085,0.9895833730697632,0.013365399092435837,0.9998749494552612,0.0,0.010416666977107525,-7.5563249588012695,488.01043701171875,4.6560211181640625,-4.6592912673950195,-4.6775922775268555,0.01010634284466505,0.010416666977107525,0.0520833358168602,4.543561935424805,0.02329953759908676,48.94792175292969,46.25,-0.9155606031417847,4.6484599113464355,0.010416666977107525,6.725828170776367,1.0,9.999999747378752e-05,9.999999747378752e-06,4.464707851409912,-4.46751594543457,-4.4852399826049805,0.012137865647673607,0.03125,0.1354166716337204,4.548641204833984,0.022163990885019302,34.125,26.25,-0.6547138690948486,4.464707851409912,-4.46751594543457,-4.4852399826049805,0.012137865647673607,0.03125,0.1354166716337204,4.548641204833984,0.022163990885019302,34.125,26.25,-0.6547138690948486,0.2920384705066681,6.723215103149414,47.725345611572266,1.5405436754226685,4.6560211181640625,24.0
1260,22.29782485961914,5.3524972827290185e-06,9.999999747378752e-06,1.114395022392273,4.457580089569092,0.12057600170373917,40.966796875,0.008463142439723015,0.000484836200485006,0.06613478064537048,-0.00036622254992835224,6.463566780090332,6.463566780090332,-4.618978500366211,-11.082545280456543,0.01032115239650011,0.016917385160923004,6.463566387537867e-05,-4.356179714202881,25.633800506591797,13.771254539489746,19.133073806762695,0.0,0.06345292925834656,3.2715182304382324,19.889713287353516,0.9876512289047241,0.33579108119010925,0.0525074303150177,1161.0,1210.56005859375,9.999999747378752e-06,24.0,1.0,331.43133544921875,2.992448568344116,0.07626951485872269,58.1580810546875,1.3566159009933472,80.67647552490234,140.19117736816406,2.992386817932129,4.806242942810059,0.7014532089233398,3.1416001319885254,5.667253017425537,8.705022811889648,12.691593170166016,11.082545280456543,-11.16574478149414,-10.776017189025879,0.00513413455337286,0.0,0.0416666679084301,1.5304570198059082,0.5536333322525024,50.71875,49.0,-10.446617126464844,-10.446617126464844,1.0043317079544067,4.646132946014404,-4.6560211181640625,-4.654776573181152,0.010126253589987755,0.010416666977107525,0.0520833358168602,4.544306755065918,0.023299535736441612,48.427085876464844,48.0,-0.8972069621086121,6.105583190917969,2.9253668785095215,0.5079978704452515,0.0625,0.9270833730697632,-0.005183530505746603,0.009999999776482582,50.5,0.012892156839370728,0.9895833730697632,0.013849263079464436,0.9998598694801331,0.0,0.0,-7.556468963623047,494.21875,4.646132946014404,-4.6560211181640625,-4.674952507019043,0.010126253589987755,0.010416666977107525,0.0520833358168602,4.544306755065918,0.02329953759908676,48.427085876464844,46.0,-0.8972070217132568,4.644571304321289,0.0,6.086425304412842,1.0,9.999999747378752e-05,9.999999747378752e-06,4.455838680267334,-4.464707851409912,-4.479813098907471,0.012194858863949776,0.03125,0.1354166716337204,4.547554969787598,0.022163990885019302,33.989585876464844,26.25,-0.6547138690948486,4.455838680267334,-4.464707851409912,-4.479813098907471,0.012194858863949776,0.03125,0.1354166716337204,4.547554969787598,0.022163990885019302,33.989585876464844,26.25,-0.6547138690948486,0.29416102170944214,6.702946662902832,47.58224105834961,1.5481581687927246,4.646132946014404,24.0
1270,22.752748489379883,5.4836273193359375e-06,9.999999747378752e-06,1.101440668106079,4.405762672424316,0.1215360015630722,40.966796875,0.008260400965809822,0.0004912515869364142,0.06896945089101791,-0.00036622254992835224,6.50900936126709,6.50900936126709,-4.658806800842285,-11.167816162109375,0.010085118934512138,0.006342860870063305,6.509009108413011e-05,-3.9269845485687256,22.204631805419922,13.953556060791016,17.315629959106445,0.0,0.059065308421850204,3.2944021224975586,20.032819747924805,0.9875039458274841,0.3381398916244507,0.052343256771564484,1171.0,1220.1600341796875,9.999999747378752e-06,24.0,1.0,331.9867248535156,2.9925601482391357,0.07098966091871262,58.27626419067383,1.3772140741348267,80.72966766357422,140.3987579345703,2.992495059967041,4.841894149780273,0.5395758152008057,2.9718551635742188,5.746611595153809,9.101518630981445,12.672657012939453,11.16574478149414,-11.167816162109375,-10.776017189025879,0.00513413455337286,0.0,0.0416666679084301,1.513495683670044,0.5573599338531494,50.552085876464844,49.0,-10.530187606811523,-10.530187606811523,1.0010313987731934,4.6560211181640625,-4.658806800842285,-4.657371997833252,0.01010634284466505,0.010416666977107525,0.0520833358168602,4.547021389007568,0.02221314236521721,48.94791793823242,49.0,-0.8801476359367371,6.218024730682373,2.9410500526428223,0.5107110738754272,0.0625,0.9270833730697632,-0.005183530505746603,0.009999999776482582,50.5,0.012892156839370728,0.9895833730697632,0.013849263079464436,0.9998598694801331,0.0,0.0,-7.5563249588012695,494.21875,4.6560211181640625,-4.658806800842285,-4.6775922775268555,0.01010634284466505,0.010416666977107525,0.0520833358168602,4.547021389007568,0.02221314236521721,48.94792175292969,46.25,-0.8801476955413818,4.649745941162109,0.0,5.834630012512207,1.0,9.999999747378752e-05,9.999999747378752e-06,4.464707851409912,-4.46751594543457,-4.486597537994385,0.012137865647673607,0.03125,0.1354166716337204,4.547554969787598,0.022163990885019302,34.125,26.25,-0.6547138690948486,4.464707851409912,-4.46751594543457,-4.486597537994385,0.012137865647673607,0.03125,0.1354166716337204,4.547554969787598,0.022163990885019302,34.125,26.25,-0.6547138690948486,0.2962775230407715,6.681428909301758,47.43971252441406,1.5599135160446167,4.6560211181640625,24.0
1280,22.66411781311035,5.078315552964341e-06,9.999999747378752e-06,1.1066159009933472,4.426463603973389,0.12249600142240524,40.966796875,0.008260400965809822,0.0005643161130137742,0.06896945089101791,-0.0003110831312369555,7.156161785125732,7.156161785125732,-4.678217887878418,-11.834380149841309,0.009807361289858818,0.013239043764770031,7.156161882448941e-05,-3.8170366287231445,22.672218322753906,15.251504898071289,20.858137130737305,0.0,0.07068585604429245,3.316378355026245,20.175344467163086,0.9875001311302185,0.3403955399990082,0.0525074303150177,1181.0,1229.760009765625,9.999999747378752e-06,24.0,1.0,333.04364013671875,2.9925570487976074,0.07068585604429245,58.06715393066406,1.3761721849441528,80.3036117553711,139.74693298339844,2.9924893379211426,5.163548469543457,0.5395758152008057,3.210813283920288,5.893773555755615,9.278340339660645,13.171213150024414,11.167816162109375,-11.196060180664062,-10.854791641235352,0.006308451294898987,0.0,0.0416666679084301,1.469222068786621,0.5639971494674683,50.71875,50.0,-10.566228866577148,-10.566228866577148,1.0043317079544067,4.6560211181640625,-4.658806800842285,-4.657371997833252,0.01010634284466505,0.010416666977107525,0.0520833358168602,4.548113822937012,0.02221314236521721,48.94791793823242,49.0,-0.8801476359367371,6.279651641845703,2.944641590118408,0.5142138004302979,0.0729166716337204,0.9166666865348816,-0.004918321967124939,0.009999999776482582,50.5,0.012892156839370728,0.9895833730697632,0.014066045172512531,0.9998538494110107,0.0,0.0,-7.5563249588012695,494.21875,4.6560211181640625,-4.658806800842285,-4.6775922775268555,0.01010634284466505,0.010416666977107525,0.0520833358168602,4.548113822937012,0.02221314236521721,48.94792175292969,47.25,-0.8801476955413818,4.664471626281738,0.0,6.229795455932617,1.0,9.999999747378752e-05,9.999999747378752e-06,4.464707851409912,-4.46751594543457,-4.4866862297058105,0.012137865647673607,0.03125,0.1354166716337204,4.547554969787598,0.022361285984516144,34.125,26.25,-0.6656779646873474,4.464707851409912,-4.46751594543457,-4.4866862297058105,0.012137865647673607,0.03125,0.1354166716337204,4.547554969787598,0.022361285984516144,34.125,26.25,-0.6656779646873474,0.2983854115009308,6.660209655761719,47.29757308959961,1.5717142820358276,4.6560211181640625,24.0
1290,23.377267837524414,6.341934295051033e-06,9.999999747378752e-06,1.0973697900772095,4.389479160308838,0.12345600128173828,40.966796875,0.008260400965809822,0.0005643161130137742,0.06896945089101791,-0.00033547793282195926,7.06405782699585,7.06405782699585,-4.730904579162598,-11.794962882995605,0.009292890317738056,0.006185214035212994,7.064057717798278e-05,-3.476107597351074,31.784427642822266,19.472766876220703,24.562782287597656,0.0,0.06429484486579895,3.3352742195129395,20.31748390197754,0.9873704314231873,0.3423350155353546,0.0525074303150177,1191.0,1239.3599853515625,9.999999747378752e-06,24.0,1.0,333.20294189453125,2.9925036430358887,0.06669741123914719,57.67359924316406,1.3650480508804321,79.65425872802734,138.69290161132812,2.992428779602051,5.163548469543457,0.9354588985443115,3.5096590518951416,6.475836753845215,9.89202880859375,13.945677757263184,11.196060180664062,-11.310023307800293,-10.854791641235352,0.006185214035212994,0.0,0.0416666679084301,1.451999545097351,0.566368043422699,50.71875,50.0,-10.628328323364258,-10.628328323364258,1.0043317079544067,4.6560211181640625,-4.658806800842285,-4.67632532119751,0.01010634284466505,0.010416666977107525,0.0520833358168602,4.548773765563965,0.02221314236521721,48.94791793823242,49.0,-0.8801476359367371,6.308006286621094,2.966216564178467,0.5160690546035767,0.0729166716337204,0.9166666865348816,-0.004918321967124939,0.009999999776482582,50.5,0.012892156839370728,0.9895833730697632,0.013849263079464436,0.9998598694801331,0.0,0.0,-7.5563249588012695,494.21875,4.6560211181640625,-4.658806800842285,-4.6775922775268555,0.01010634284466505,0.010416666977107525,0.0520833358168602,4.548773765563965,0.02221314236521721,48.94792175292969,47.25,-0.8801476955413818,4.6600446701049805,0.010416666977107525,6.042261123657227,1.0,9.999999747378752e-05,9.999999747378752e-06,4.464707851409912,-4.46751594543457,-4.491924285888672,0.012137865647673607,0.03125,0.1354166716337204,4.548641204833984,0.022361285984516144,34.125,26.25,-0.6595227122306824,4.464707851409912,-4.46751594543457,-4.491924285888672,0.012137865647673607,0.03125,0.1354166716337204,4.548641204833984,0.022361285984516144,34.125,26.25,-0.6595227122306824,0.30048757791519165,6.640855312347412,47.15571975708008,1.5776557922363281,4.6560211181640625,24.0
1300,23.30182647705078,6.234645752556389e-06,9.999999747378752e-06,1.1098833084106445,4.439533233642578,0.12441600114107132,40.966796875,0.008463142439723015,0.0005643161130137742,0.06896945089101791,-0.00032809440745040774,7.008304595947266,7.008304595947266,-4.643637657165527,-11.651942253112793,0.010109992697834969,0.005196811631321907,7.008304237388074e-05,-3.216830253601074,25.18418312072754,17.67728042602539,22.591060638427734,0.0,0.24363844096660614,3.3549697399139404,20.459341049194336,0.9872921705245972,0.34435659646987915,0.052343256771564484,1201.0,1248.9599609375,9.999999747378752e-06,24.0,1.0,333.3692626953125,2.992412567138672,0.06669741123914719,57.344032287597656,1.3501555919647217,78.82450866699219,137.51869201660156,2.99234676361084,5.390991687774658,1.0341899394989014,3.4150052070617676,6.445209503173828,9.781550407409668,13.99691104888916,11.310023307800293,-11.397605895996094,-10.854791641235352,0.006185214035212994,0.010416666977107525,0.0416666679084301,1.451999545097351,0.566368043422699,50.82291793823242,50.0,-10.666022300720215,-10.666022300720215,1.006394386291504,4.6560211181640625,-4.658806800842285,-4.67632532119751,0.01010634284466505,0.010416666977107525,0.0520833358168602,4.548773765563965,0.022639572620391846,50.35416793823242,50.0,-0.8848717212677002,6.324853420257568,2.9783973693847656,0.5160690546035767,0.0625,0.9166666865348816,-0.004913180135190487,0.009999999776482582,50.5,0.012892156839370728,0.9895833730697632,0.013365399092435837,0.9998749494552612,0.0,0.0,-7.556468963623047,494.60418701171875,4.6560211181640625,-4.658806800842285,-4.6775922775268555,0.01010634284466505,0.010416666977107525,0.0520833358168602,4.548773765563965,0.022639576345682144,50.35416793823242,47.25,-0.8848716616630554,4.650045871734619,0.010416666977107525,6.4910569190979,1.0,9.999999747378752e-05,9.999999747378752e-06,4.464707851409912,-4.46751594543457,-4.491924285888672,0.012137865647673607,0.03125,0.1354166716337204,4.548641204833984,0.022361285984516144,34.125,26.25,-0.6595227122306824,4.464707851409912,-4.46751594543457,-4.491924285888672,0.012137865647673607,0.03125,0.1354166716337204,4.548641204833984,0.022361285984516144,34.125,26.25,-0.6595227122306824,0.3025856018066406,6.619564056396484,47.014530181884766,1.5851126909255981,4.6560211181640625,24.0
1310,23.011306762695312,6.1750411077809986e-06,9.999999747378752e-06,1.0852563381195068,4.341025352478027,0.12537600100040436,40.966796875,0.008587674237787724,0.0005643161130137742,0.06896945089101791,-0.00033547793282195926,6.690380096435547,6.690380096435547,-4.650805473327637,-11.341185569763184,0.010013203136622906,0.009703103452920914,6.690379814244807e-05,-3.907754421234131,19.85338592529297,16.49471664428711,18.88927459716797,0.0,0.06172948330640793,3.3753840923309326,20.60052490234375,0.9871723055839539,0.34645193815231323,0.0525074303150177,1211.0,1258.56005859375,9.999999747378752e-06,24.0,1.0,333.5482177734375,2.992248058319092,0.06548862159252167,56.80464172363281,1.3204522132873535,78.0811538696289,136.20614624023438,2.9921798706054688,5.464046001434326,1.1710920333862305,3.201719284057617,6.006526947021484,9.410141944885254,13.950164794921875,11.341185569763184,-11.397605895996094,-10.873671531677246,0.006308451294898987,0.010416666977107525,0.0416666679084301,1.451999545097351,0.568034291267395,50.82291793823242,50.0,-10.668169975280762,-10.668169975280762,1.006394386291504,4.650805473327637,-4.6560211181640625,-4.670314788818359,0.01010634284466505,0.010416666977107525,0.0520833358168602,4.551208019256592,0.02221314236521721,50.35416793823242,50.0,-0.8801476359367371,6.375924587249756,2.980264186859131,0.5190366506576538,0.0625,0.9375,-0.00374225783161819,0.009999999776482582,50.5,0.012892156839370728,0.9895833730697632,0.013365399092435837,0.9998749494552612,0.0,0.0,-7.556468963623047,494.60418701171875,4.650805473327637,-4.6560211181640625,-4.670768737792969,0.01010634284466505,0.010416666977107525,0.0520833358168602,4.551208019256592,0.02221314236521721,50.35416793823242,47.25,-0.8801476955413818,4.660661220550537,0.010416666977107525,6.269751071929932,1.0,9.999999747378752e-05,9.999999747378752e-06,4.464707851409912,-4.465045928955078,-4.479813098907471,0.012137865647673607,0.03125,0.1354166716337204,4.548641204833984,0.02252543345093727,33.989585876464844,26.25,-0.6656779646873474,4.464707851409912,-4.465045928955078,-4.479813098907471,0.012137865647673607,0.03125,0.1354166716337204,4.548641204833984,0.02252543345093727,33.989585876464844,26.25,-0.6656779646873474,0.3046736419200897,6.600046634674072,46.873512268066406,1.5887473821640015,4.650805473327637,24.0
1320,22.77301025390625,6.1750411077809986e-06,9.999999747378752e-06,1.1501213312149048,4.600485324859619,0.1263359934091568,40.966796875,0.008587674237787724,0.0005643161130137742,0.07151694595813751,-0.00036622254992835224,6.742910385131836,6.742910385131836,-4.672398090362549,-11.415308952331543,0.009951729327440262,0.03043474815785885,6.742910773027688e-05,-4.219748020172119,21.526775360107422,15.715635299682617,20.600025177001953,0.0,0.05758624151349068,3.3958280086517334,20.741546630859375,0.9871348738670349,0.34855031967163086,0.052470676600933075,1221.0,1268.1600341796875,9.999999747378752e-06,24.0,1.0,334.337646484375,2.992103099822998,0.06422983855009079,56.256187438964844,1.2961350679397583,77.64411926269531,135.19644165039062,2.992037296295166,5.1243462562561035,1.1710920333862305,3.2740020751953125,5.947803497314453,9.295839309692383,12.735170364379883,11.397605895996094,-11.403890609741211,-10.873671531677246,0.006308451294898987,0.010416666977107525,0.0416666679084301,1.4473670721054077,0.5691429376602173,50.82291793823242,50.0,-10.693839073181152,-10.693839073181152,1.006394386291504,4.6560211181640625,-4.658806800842285,-4.67632532119751,0.010085118934512138,0.010416666977107525,0.0520833358168602,4.551208019256592,0.022639572620391846,50.458335876464844,51.0,-0.8848717212677002,6.400543212890625,2.983611583709717,0.5200999975204468,0.0625,0.9375,-0.00374225783161819,0.009999999776482582,50.5,0.012892156839370728,0.9895833730697632,0.013161612674593925,0.9998809099197388,0.0,0.0,-7.556468963623047,494.60418701171875,4.6560211181640625,-4.658806800842285,-4.6775922775268555,0.010085118934512138,0.010416666977107525,0.0520833358168602,4.551208019256592,0.022639576345682144,50.458335876464844,47.75,-0.8848716616630554,4.665223121643066,0.010416666977107525,6.054823398590088,1.0,9.999999747378752e-05,9.999999747378752e-06,4.465045928955078,-4.46751594543457,-4.491924285888672,0.012121051549911499,0.03125,0.1354166716337204,4.550045490264893,0.02252543345093727,34.125,26.25,-0.6656779646873474,4.465045928955078,-4.46751594543457,-4.491924285888672,0.012121051549911499,0.03125,0.1354166716337204,4.550045490264893,0.02252543345093727,34.125,26.25,-0.6656779646873474,0.3067592978477478,6.578902721405029,46.73316192626953,1.5961346626281738,4.6560211181640625,24.0
1330,21.83778953552246,5.0067901611328125e-06,9.999999747378752e-06,1.1559640169143677,4.623856067657471,0.12729600071907043,40.966796875,0.008463142439723015,0.0005643161130137742,0.07151694595813751,-0.00036622254992835224,7.528504848480225,7.528504848480225,-4.664902687072754,-12.193408012390137,0.009811265394091606,0.015381280332803726,7.52850464778021e-05,-4.2040114402771,23.03670310974121,16.080036163330078,19.19478416442871,0.0,0.07202734798192978,3.4138174057006836,20.881898880004883,0.9871290922164917,0.3503967523574829,0.052343256771564484,1231.0,1277.760009765625,9.999999747378752e-06,24.0,1.0,335.39013671875,2.9920763969421387,0.06786388158798218,54.880924224853516,1.2927062511444092,77.15880584716797,133.33050537109375,2.992011308670044,4.952910900115967,1.2173206806182861,3.5192956924438477,6.223966121673584,9.449810981750488,12.860177993774414,11.397605895996094,-11.403890609741211,-10.873671531677246,0.006342860870063305,0.010416666977107525,0.0416666679084301,1.4024264812469482,0.570766806602478,50.82291793823242,50.0,-10.693839073181152,-10.693839073181152,1.006394386291504,4.6560211181640625,-4.658806800842285,-4.67632532119751,0.010085118934512138,0.010416666977107525,0.0520833358168602,4.551377296447754,0.02221314236521721,50.458335876464844,51.0,-0.8801476359367371,6.413619518280029,3.00168776512146,0.5215796232223511,0.0625,0.9375,-0.0031076762825250626,0.009999999776482582,50.5,0.013069177977740765,0.9895833730697632,0.013051329180598259,0.9998824596405029,0.0,0.0,-7.556468963623047,495.0521240234375,4.6560211181640625,-4.658806800842285,-4.6775922775268555,0.010085118934512138,0.010416666977107525,0.0520833358168602,4.551377773284912,0.02221314236521721,50.458335876464844,47.75,-0.8801476955413818,4.664902687072754,0.010416666977107525,6.054823398590088,1.0,9.999999747378752e-05,9.999999747378752e-06,4.465045928955078,-4.46751594543457,-4.4888434410095215,0.012121051549911499,0.03125,0.1354166716337204,4.550045490264893,0.02252543345093727,34.125,26.25,-0.6656779646873474,4.465045928955078,-4.46751594543457,-4.4888434410095215,0.012121051549911499,0.03125,0.1354166716337204,4.550045490264893,0.02252543345093727,34.125,26.25,-0.6656779646873474,0.30883505940437317,6.558045387268066,46.593177795410156,1.6012929677963257,4.6560211181640625,24.0
1340,22.424081802368164,5.555152711167466e-06,9.999999747378752e-06,1.122262716293335,4.48905086517334,0.12825599312782288,40.966796875,0.008463142439723015,0.0005643161130137742,0.06896945089101791,-0.00036622254992835224,8.383413314819336,8.383413314819336,-4.653041362762451,-13.036455154418945,0.009990105405449867,0.00988067127764225,8.38341293274425e-05,-3.72283935546875,28.41477394104004,17.489761352539062,23.07597541809082,0.0,0.05476795881986618,3.433093309402466,21.021881103515625,0.9868788719177246,0.35237523913383484,0.052343256771564484,1241.0,1287.3599853515625,9.999999747378752e-06,24.0,1.0,335.73480224609375,2.9921438694000244,0.07202734798192978,53.37474060058594,1.3033719062805176,76.495361328125,131.17552185058594,2.9920685291290283,5.190384387969971,1.8842854499816895,4.301429748535156,6.99375581741333,10.51098918914795,14.378628730773926,11.403890609741211,-11.415308952331543,-10.996737480163574,0.0071880994364619255,0.010416666977107525,0.0416666679084301,1.373067855834961,0.581801176071167,51.083335876464844,51.0,-10.728132247924805,-10.728132247924805,1.0115512609481812,4.653041362762451,-4.658806800842285,-4.6779680252075195,0.010052457451820374,0.010416666977107525,0.0520833358168602,4.551833152770996,0.021996334195137024,50.47916793823242,51.0,-0.8376847505569458,6.476222991943359,3.0071494579315186,0.5217223167419434,0.0625,0.9375,-0.002826715586706996,0.009999999776482582,50.5,0.01310354471206665,0.9895833730697632,0.013161612674593925,0.9998809099197388,0.0,0.010416666977107525,-7.556468963623047,495.3437805175781,4.653041362762451,-4.658806800842285,-4.6775922775268555,0.010052456520497799,0.010416666977107525,0.0520833358168602,4.551833152770996,0.021996334195137024,50.47917175292969,47.75,-0.8376848101615906,4.655518531799316,0.010416666977107525,5.899240016937256,1.0,9.999999747378752e-05,9.999999747378752e-06,4.465045928955078,-4.46751594543457,-4.491924285888672,0.012086732313036919,0.03125,0.1354166716337204,4.551005840301514,0.022361285984516144,34.125,26.5,-0.6595227122306824,4.465045928955078,-4.46751594543457,-4.491924285888672,0.012086732313036919,0.03125,0.1354166716337204,4.551005840301514,0.022361285984516144,34.125,26.5,-0.6595227122306824,0.3109053373336792,6.538936614990234,46.45344543457031,1.6013208627700806,4.653041362762451,24.0
1350,22.50503158569336,5.5670739129709546e-06,9.999999747378752e-06,1.1519469022750854,4.607787609100342,0.1292160004377365,40.966796875,0.008463142439723015,0.000484836200485006,0.06896945089101791,-0.00036622254992835224,10.726041793823242,10.726041793823242,-4.624444484710693,-15.350486755371094,0.010159686207771301,0.0012362372362986207,0.00010726041364250705,-1.547149658203125,26.688655853271484,22.041664123535156,24.379104614257812,0.0,0.10026861727237701,3.4548559188842773,21.1616153717041,0.9866405725479126,0.3546089828014374,0.05153079330921173,1251.0,1296.9599609375,9.999999747378752e-06,24.0,1.0,335.3910827636719,2.992269515991211,0.07045166194438934,53.00355911254883,1.3243223428726196,76.37848663330078,130.61170959472656,2.992185592651367,6.1116132736206055,1.8842854499816895,4.6962714195251465,8.07055377960205,12.138958930969238,16.553951263427734,11.415308952331543,-11.515365600585938,-10.996737480163574,0.006342860870063305,0.010416666977107525,0.0416666679084301,1.373067855834961,0.581801176071167,51.083335876464844,50.0,-10.825587272644043,-10.825587272644043,1.0115512609481812,4.650805473327637,-4.653041362762451,-4.67632532119751,0.010085118934512138,0.010416666977107525,0.0520833358168602,4.552178859710693,0.02142047882080078,50.458335876464844,51.0,-0.8244332671165466,6.649500846862793,3.0255305767059326,0.5223215818405151,0.0625,0.9375,-0.0031076762825250626,0.009999999776482582,50.5,0.013114353641867638,0.9895833730697632,0.013161612674593925,0.9998821020126343,0.0,0.010416666977107525,-7.5563249588012695,495.3437805175781,4.650805473327637,-4.653041362762451,-4.670768737792969,0.010085118934512138,0.010416666977107525,0.0520833358168602,4.552179336547852,0.02142047882080078,50.458335876464844,47.75,-0.8244332671165466,4.650759696960449,0.010416666977107525,5.945461273193359,1.0,9.999999747378752e-05,9.999999747378752e-06,4.465045928955078,-4.46751594543457,-4.491924285888672,0.012086732313036919,0.03125,0.1354166716337204,4.551126003265381,0.021965889260172844,33.989585876464844,26.75,-0.6518176794052124,4.465045928955078,-4.46751594543457,-4.491924285888672,0.012086732313036919,0.03125,0.1354166716337204,4.551126003265381,0.021965889260172844,33.989585876464844,26.75,-0.6518176794052124,0.31297194957733154,6.518857002258301,46.31425476074219,1.6090242862701416,4.650805473327637,24.0
1360,21.89231300354004,4.601478394761216e-06,9.999999747378752e-06,1.1544042825698853,4.617617130279541,0.13017599284648895,40.966796875,0.008260400965809822,0.000484836200485006,0.07576771825551987,-0.00033547793282195926,10.786295890808105,10.786295890808105,-4.681624412536621,-15.467920303344727,0.009600996971130371,0.0035493546165525913,0.00010786295752041042,-2.9214887619018555,35.02469253540039,21.954795837402344,29.881622314453125,0.0,0.05259951949119568,3.4771018028259277,21.30080223083496,0.9864845871925354,0.35689231753349304,0.05129271000623703,1261.0,1306.56005859375,9.999999747378752e-06,24.0,1.0,334.5203857421875,2.9923949241638184,0.07123559713363647,53.235137939453125,1.342653751373291,75.83275604248047,130.52122497558594,2.9922876358032227,6.644352912902832,1.9534721374511719,5.193473815917969,9.474556922912598,14.29440689086914,18.870983123779297,11.515365600585938,-11.537620544433594,-11.029571533203125,0.006308451294898987,0.010416666977107525,0.0416666679084301,1.3644154071807861,0.5853558778762817,51.083335876464844,50.0,-10.893031120300293,-10.893031120300293,1.0115512609481812,4.653041362762451,-4.658806800842285,-4.6779680252075195,0.010052457451820374,0.010416666977107525,0.0520833358168602,4.552237510681152,0.021405383944511414,50.47916793823242,51.0,-0.8179560899734497,6.706378936767578,3.0831868648529053,0.5245054960250854,0.0625,0.9375,-0.00374225783161819,0.009999999776482582,50.5,0.013114353641867638,0.9895833730697632,0.013161612674593925,0.9998821020126343,0.0,0.0,-7.556468963623047,495.9583435058594,4.653041362762451,-4.658806800842285,-4.670768737792969,0.010052456520497799,0.010416666977107525,0.0520833358168602,4.552237510681152,0.021405383944511414,50.47917175292969,47.75,-0.8179560303688049,4.648843765258789,0.0,6.199189186096191,1.0,9.999999747378752e-05,9.999999747378752e-06,4.46751594543457,-4.474844932556152,-4.492012023925781,0.012086681090295315,0.03125,0.1354166716337204,4.551281929016113,0.02160392701625824,34.770835876464844,26.75,-0.6445862650871277,4.46751594543457,-4.474844932556152,-4.492012023925781,0.012086681090295315,0.03125,0.1354166716337204,4.551281929016113,0.02160392701625824,34.770835876464844,26.75,-0.6445862650871277,0.3150304853916168,6.498295307159424,46.175479888916016,1.615482211112976,4.653041362762451,24.0
1370,22.042673110961914,5.364418029785156e-06,9.999999747378752e-06,1.1549397706985474,4.6197590827941895,0.1311360001564026,40.966796875,0.008260400965809822,0.000484836200485006,0.07576771825551987,-0.00032809440745040774,6.284968376159668,6.284968376159668,-4.642703533172607,-10.927671432495117,0.01023609098047018,0.0030878870747983456,6.284968549152836e-05,-2.3471603393554688,27.324554443359375,18.623598098754883,22.878435134887695,0.0,0.1577715426683426,3.498232841491699,21.43958282470703,0.9864510297775269,0.35906121134757996,0.05129271000623703,1271.0,1316.1600341796875,9.999999747378752e-06,24.0,1.0,332.01739501953125,2.9924416542053223,0.0821409597992897,54.17259979248047,1.353488802909851,74.94989776611328,130.4910125732422,2.9923477172851562,6.589472770690918,1.674156904220581,4.452675819396973,8.670543670654297,12.5890474319458,18.604454040527344,11.415308952331543,-11.515365600585938,-10.873671531677246,0.006308451294898987,0.010416666977107525,0.0416666679084301,1.3644154071807861,0.581801176071167,51.083335876464844,50.0,-10.825587272644043,-10.825587272644043,1.0115512609481812,4.650805473327637,-4.653041362762451,-4.67632532119751,0.010085118934512138,0.010416666977107525,0.0520833358168602,4.552237510681152,0.021405383944511414,50.47916793823242,51.0,-0.8179560899734497,6.649500846862793,3.0831868648529053,0.5245054960250854,0.0625,0.9375,-0.00374225783161819,0.009999999776482582,50.5,0.013114353641867638,0.9895833730697632,0.013161612674593925,0.9998821020126343,0.0,0.0,-7.562533855438232,496.4271240234375,4.650805473327637,-4.653041362762451,-4.670768737792969,0.010085118934512138,0.010416666977107525,0.0520833358168602,4.552237510681152,0.021405383944511414,50.47917175292969,47.75,-0.8179560303688049,4.651955604553223,0.0,6.256980895996094,1.0,9.999999747378752e-05,9.999999747378752e-06,4.465045928955078,-4.46751594543457,-4.491924285888672,0.012086732313036919,0.03125,0.1354166716337204,4.551281929016113,0.02160392701625824,34.770835876464844,26.75,-0.6518176794052124,4.465045928955078,-4.46751594543457,-4.491924285888672,0.012086732313036919,0.03125,0.1354166716337204,4.551281929016113,0.02160392701625824,34.770835876464844,26.75,-0.6518176794052124,0.3170830011367798,6.478605270385742,46.03703689575195,1.6183087825775146,4.650805473327637,24.0
1380,22.277599334716797,5.543231964111328e-06,9.999999747378752e-06,1.116182804107666,4.464731216430664,0.13209599256515503,40.966796875,0.008218593895435333,0.0005374879110604525,0.08221852034330368,-0.00032809440745040774,5.401238918304443,5.401238918304443,-4.676400184631348,-10.07763957977295,0.009889397770166397,0.015942050144076347,5.401238740887493e-05,-4.429394245147705,19.030780792236328,13.694316864013672,19.017568588256836,0.0,0.053512685000896454,3.5163676738739014,21.578025817871094,0.9862799048423767,0.36092260479927063,0.05129271000623703,1281.0,1325.760009765625,9.999999747378752e-06,24.0,1.0,329.52886962890625,2.992366075515747,0.0784033015370369,54.366214752197266,1.3453058004379272,74.11106872558594,129.87477111816406,2.992302894592285,5.406179428100586,0.5060853958129883,2.655898094177246,5.476522445678711,8.821158409118652,12.853743553161621,11.403890609741211,-11.415308952331543,-10.854791641235352,0.006342860870063305,0.010416666977107525,0.0416666679084301,1.3644154071807861,0.581801176071167,50.71875,50.0,-10.728132247924805,-10.728132247924805,1.0043317079544067,4.650805473327637,-4.653041362762451,-4.670314788818359,0.010085118934512138,0.010416666977107525,0.0520833358168602,4.554521083831787,0.021195605397224426,50.520835876464844,51.0,-0.7999657988548279,6.649500846862793,3.0831868648529053,0.5245054960250854,0.0520833358168602,0.9375,-0.0031076762825250626,0.009999999776482582,50.5,0.01310354471206665,0.9895833730697632,0.013161612674593925,0.9998821020126343,0.0,0.0,-7.569112777709961,496.4271240234375,4.650805473327637,-4.653041362762451,-4.662701606750488,0.010085118934512138,0.010416666977107525,0.0520833358168602,4.554521083831787,0.021195603534579277,50.520835876464844,49.0,-0.7999657392501831,4.656559944152832,0.0,6.0909504890441895,1.0,9.999999747378752e-05,9.999999747378752e-06,4.465045928955078,-4.46751594543457,-4.491924285888672,0.012086732313036919,0.03125,0.1354166716337204,4.551281929016113,0.02160392701625824,34.770835876464844,26.75,-0.6518176794052124,4.465045928955078,-4.46751594543457,-4.491924285888672,0.012086732313036919,0.03125,0.1354166716337204,4.551281929016113,0.02160392701625824,34.770835876464844,26.75,-0.6518176794052124,0.3191305100917816,6.457889080047607,45.89913558959961,1.6284856796264648,4.650805473327637,24.0
1390,22.374683380126953,4.780292329087388e-06,9.999999747378752e-06,1.118112325668335,4.47244930267334,0.13305599987506866,40.966796875,0.008463142439723015,0.0005374879110604525,0.07576771825551987,-0.00025585349067114294,5.956714630126953,5.956714630126953,-4.610491752624512,-10.567205429077148,0.010429032146930695,0.007991825230419636,5.9567144489847124e-05,-2.9873032569885254,25.199504852294922,14.43365478515625,23.5999698638916,0.0,0.1365325152873993,3.537876844406128,21.715923309326172,0.9860185384750366,0.3631303012371063,0.051938656717538834,1291.0,1335.3599853515625,9.999999747378752e-06,24.0,1.0,329.93212890625,2.9922828674316406,0.06927808374166489,54.13988494873047,1.3312287330627441,73.7960433959961,129.2660675048828,2.9922232627868652,4.777403354644775,0.5528743267059326,2.636983871459961,5.156167030334473,8.246906280517578,12.28964614868164,11.397605895996094,-11.403890609741211,-10.81728744506836,0.007991825230419636,0.010416666977107525,0.0416666679084301,1.4024264812469482,0.581801176071167,50.71875,50.0,-10.693839073181152,-10.693839073181152,1.0043317079544067,4.650805473327637,-4.653041362762451,-4.670314788818359,0.010085118934512138,0.010416666977107525,0.0520833358168602,4.554521083831787,0.021195605397224426,50.520835876464844,51.0,-0.7999657988548279,6.540059566497803,3.0831868648529053,0.5245054960250854,0.0520833358168602,0.9375,-0.0024372076150029898,0.009999999776482582,50.5,0.012892156839370728,0.9895833730697632,0.013161612674593925,0.9998819828033447,0.0,0.0,-7.562533855438232,495.9583435058594,4.650805473327637,-4.653041362762451,-4.662701606750488,0.010085118934512138,0.010416666977107525,0.0520833358168602,4.554521083831787,0.021195603534579277,50.520835876464844,49.0,-0.7999657392501831,4.662864685058594,0.010416666977107525,6.0909504890441895,1.0,9.999999747378752e-05,9.999999747378752e-06,4.465045928955078,-4.46751594543457,-4.491924285888672,0.012086732313036919,0.03125,0.1354166716337204,4.551281929016113,0.02160392701625824,34.770835876464844,26.75,-0.6595227122306824,4.465045928955078,-4.46751594543457,-4.491924285888672,0.012086732313036919,0.03125,0.1354166716337204,4.551281929016113,0.02160392701625824,34.770835876464844,26.75,-0.6595227122306824,0.32116997241973877,6.438673973083496,45.761505126953125,1.6335396766662598,4.650805473327637,24.0
1400,22.411548614501953,5.900859832763672e-06,9.999999747378752e-06,1.1404038667678833,4.561615467071533,0.1340160071849823,40.966796875,0.008587674237787724,0.0005643161130137742,0.08391693979501724,-0.00025585349067114294,6.230120658874512,6.230120658874512,-4.629611968994141,-10.859732627868652,0.01012696884572506,0.014897550456225872,6.230120197869837e-05,-3.8433611392974854,18.823474884033203,14.388999938964844,18.816883087158203,0.0,0.1131211370229721,3.559609889984131,21.853553771972656,0.9859031438827515,0.3653610050678253,0.052343256771564484,1301.0,1344.9599609375,9.999999747378752e-06,24.0,1.0,330.0315856933594,2.992286205291748,0.07646574079990387,53.91859436035156,1.3318817615509033,73.48265838623047,128.73202514648438,2.9922266006469727,4.777403354644775,0.5528743267059326,2.938528060913086,5.492784023284912,8.749635696411133,12.019292831420898,11.341185569763184,-11.397605895996094,-10.81728744506836,0.007991825230419636,0.010416666977107525,0.0416666679084301,1.4024264812469482,0.5839115381240845,50.71875,50.0,-10.693839073181152,-10.693839073181152,1.0043317079544067,4.650805473327637,-4.653041362762451,-4.670314788818359,0.010085118934512138,0.010416666977107525,0.0520833358168602,4.554521083831787,0.021195605397224426,50.520835876464844,51.0,-0.7999657988548279,6.476222991943359,3.0831868648529053,0.5245054960250854,0.0520833358168602,0.9375,-0.0024372076150029898,0.009999999776482582,50.5,0.012198571115732193,0.9895833730697632,0.013161612674593925,0.9998821020126343,0.0,0.0,-7.562533855438232,496.4271240234375,4.650805473327637,-4.653041362762451,-4.662701606750488,0.010085118934512138,0.010416666977107525,0.0520833358168602,4.554521083831787,0.021195603534579277,50.520835876464844,49.0,-0.7999657392501831,4.640387058258057,0.010416666977107525,5.560988903045654,1.0,9.999999747378752e-05,9.999999747378752e-06,4.46751594543457,-4.470065116882324,-4.489220142364502,0.012086681090295315,0.03125,0.1354166716337204,4.551281929016113,0.021127384155988693,33.51042175292969,26.75,-0.6518176794052124,4.46751594543457,-4.470065116882324,-4.489220142364502,0.012086681090295315,0.03125,0.1354166716337204,4.551281929016113,0.021127384155988693,33.51042175292969,26.75,-0.6518176794052124,0.32320547103881836,6.417861461639404,45.624446868896484,1.6414272785186768,4.650805473327637,24.0
1410,22.099384307861328,5.793571290269028e-06,9.999999747378752e-06,1.1524697542190552,4.609879016876221,0.13497599959373474,40.966796875,0.008632720448076725,0.0005672231200151145,0.08645714074373245,-0.00025585349067114294,6.741238594055176,6.741238594055176,-4.6555070877075195,-11.396745681762695,0.009923353791236877,0.014008852653205395,6.741238757967949e-05,-3.9654290676116943,26.640926361083984,15.977764129638672,21.6729679107666,0.0,0.08951903879642487,3.5801613330841064,21.990612030029297,0.9857669472694397,0.3674704134464264,0.052470676600933075,1311.0,1354.56005859375,9.999999747378752e-06,24.0,1.0,330.94775390625,2.992349147796631,0.08455810695886612,53.84837341308594,1.342971920967102,73.2260971069336,128.42515563964844,2.9922869205474854,4.950930118560791,0.3759896755218506,3.099270820617676,6.103198051452637,9.678491592407227,12.724649429321289,11.341185569763184,-11.396745681762695,-10.81728744506836,0.007991825230419636,0.010416666977107525,0.0416666679084301,1.4294233322143555,0.581801176071167,50.71875,50.0,-10.681358337402344,-10.681358337402344,1.0043317079544067,4.653041362762451,-4.6555070877075195,-4.6779680252075195,0.010013203136622906,0.010416666977107525,0.0416666679084301,4.554521083831787,0.021195605397224426,50.9375,51.0,-0.7999657988548279,6.476222991943359,3.0831868648529053,0.5245054960250854,0.0520833358168602,0.9375,-0.0024372076150029898,0.009999999776482582,50.5,0.012198571115732193,0.9895833730697632,0.013399255461990833,0.9998819828033447,0.0,0.0,-7.569112777709961,502.5208740234375,4.653041362762451,-4.655507564544678,-4.663993835449219,0.010013202205300331,0.010416666977107525,0.0416666679084301,4.554521083831787,0.021195603534579277,50.9375,49.0,-0.7999657392501831,4.639410972595215,0.010416666977107525,5.801508903503418,1.0,9.999999747378752e-05,9.999999747378752e-06,4.470065116882324,-4.478158950805664,-4.491924285888672,0.012043946422636509,0.03125,0.1354166716337204,4.553311347961426,0.021127384155988693,34.66666793823242,26.75,-0.6518176794052124,4.470065116882324,-4.478158950805664,-4.491924285888672,0.012043946422636509,0.03125,0.1354166716337204,4.553311347961426,0.021127384155988693,34.66666793823242,26.75,-0.6518176794052124,0.32523250579833984,6.39840841293335,45.487693786621094,1.64316987991333,4.653041362762451,24.0
1420,22.048782348632812,5.793571290269028e-06,9.999999747378752e-06,1.1540586948394775,4.61623477935791,0.13593600690364838,40.966796875,0.008632720448076725,0.0007152226753532887,0.08805131167173386,-0.00025585349067114294,6.353623867034912,6.353623867034912,-4.59498929977417,-10.948614120483398,0.010755887255072594,0.03535965457558632,6.35362375760451e-05,-4.280489444732666,20.502395629882812,14.898858070373535,18.842933654785156,0.0,0.08972008526325226,3.599851369857788,22.127363204956055,0.9856256246566772,0.36949142813682556,0.05256844684481621,1321.0,1364.1600341796875,9.999999747378752e-06,24.0,1.0,331.80462646484375,2.992414712905884,0.08455810695886612,53.653778076171875,1.3546355962753296,72.80036163330078,127.80976104736328,2.9923484325408936,5.2101149559021,0.6807985305786133,3.399965286254883,6.189671516418457,9.84407901763916,13.191621780395508,11.310023307800293,-11.341185569763184,-10.81728744506836,0.007991825230419636,0.010416666977107525,0.0416666679084301,1.4024264812469482,0.5839115381240845,50.09375,50.0,-10.668169975280762,-10.668169975280762,0.9919554591178894,4.653041362762451,-4.6555070877075195,-4.6779680252075195,0.010013203136622906,0.010416666977107525,0.0416666679084301,4.554521083831787,0.021030528470873833,50.9375,51.0,-0.7999657988548279,6.540059566497803,3.0850582122802734,0.524827778339386,0.0520833358168602,0.9375,-0.0024372076150029898,0.009999999776482582,50.5,0.012198571115732193,0.9895833730697632,0.013399255461990833,0.9998819828033447,0.0,0.0,-7.569112777709961,504.38543701171875,4.653041362762451,-4.655507564544678,-4.663993835449219,0.010013202205300331,0.010416666977107525,0.0416666679084301,4.554521083831787,0.021030530333518982,50.9375,49.0,-0.7999657392501831,4.6471099853515625,0.010416666977107525,6.136908054351807,1.0,9.999999747378752e-05,9.999999747378752e-06,4.470065116882324,-4.478158950805664,-4.491924285888672,0.012043946422636509,0.03125,0.1354166716337204,4.553311347961426,0.021127384155988693,34.66666793823242,26.75,-0.6595227122306824,4.470065116882324,-4.478158950805664,-4.491924285888672,0.012043946422636509,0.03125,0.1354166716337204,4.553311347961426,0.021127384155988693,34.66666793823242,26.75,-0.6595227122306824,0.327254980802536,6.378734111785889,45.35136413574219,1.6447526216506958,4.653041362762451,24.0
1430,22.178035736083984,6.031989869370591e-06,9.999999747378752e-06,1.1469273567199707,4.587709426879883,0.13689599931240082,40.966796875,0.00874929316341877,0.0007843355415388942,0.09412472695112228,-0.00025585349067114294,5.92047643661499,5.92047643661499,-4.638843059539795,-10.559319496154785,0.010002266615629196,0.004103635437786579,5.920476178289391e-05,-3.092602014541626,22.341094970703125,13.490011215209961,20.46974754333496,0.0,0.1382727175951004,3.6198086738586426,22.263696670532227,0.9854997396469116,0.3715398609638214,0.052470676600933075,1331.0,1373.760009765625,9.999999747378752e-06,24.0,1.0,329.9736633300781,2.9924240112304688,0.08879679441452026,53.47550582885742,1.3564364910125732,72.36962127685547,127.20283508300781,2.9923572540283203,5.197810173034668,0.9579923152923584,3.2955384254455566,6.2135138511657715,9.799444198608398,13.162199020385742,11.167816162109375,-11.341185569763184,-10.81728744506836,0.007991825230419636,0.010416666977107525,0.0416666679084301,1.4024264812469482,0.5839115381240845,50.09375,50.0,-10.668169975280762,-10.668169975280762,0.9919554591178894,4.650805473327637,-4.653041362762451,-4.670314788818359,0.010002266615629196,0.010416666977107525,0.0416666679084301,4.555708408355713,0.02042366750538349,50.520835876464844,51.0,-0.7954674959182739,6.540059566497803,3.0850582122802734,0.524827778339386,0.0520833358168602,0.9479166865348816,-0.0024372076150029898,0.009999999776482582,50.5,0.012198571115732193,0.9895833730697632,0.01354864239692688,0.9998751878738403,0.0,0.0,-7.569515228271484,507.6250305175781,4.650805473327637,-4.653041362762451,-4.662701606750488,0.01000226754695177,0.010416666977107525,0.0416666679084301,4.555707931518555,0.020423665642738342,50.520835876464844,49.0,-0.7954674363136292,4.6656036376953125,0.0,6.136908054351807,1.0,9.999999747378752e-05,9.999999747378752e-06,4.478158950805664,-4.478394985198975,-4.489220142364502,0.011840466409921646,0.03125,0.1354166716337204,4.553555965423584,0.021127384155988693,34.66666793823242,26.75,-0.6595227122306824,4.478158950805664,-4.478394985198975,-4.489220142364502,0.011840466409921646,0.03125,0.1354166716337204,4.553555965423584,0.021127384155988693,34.66666793823242,26.75,-0.6595227122306824,0.3292713165283203,6.3589277267456055,45.215423583984375,1.6543220281600952,4.650805473327637,24.0
1440,21.881023406982422,4.971027465217048e-06,9.999999747378752e-06,1.1539422273635864,4.615768909454346,0.13785600662231445,40.966796875,0.008954886347055435,0.0007854982977733016,0.09436695277690887,-0.00025585349067114294,6.36785888671875,6.36785888671875,-4.629929542541504,-10.997787475585938,0.010197943076491356,0.0011116561945527792,6.367858441080898e-05,-0.4232916831970215,22.28505516052246,15.851058959960938,19.625009536743164,0.0,0.10990624874830246,3.639604091644287,22.399635314941406,0.9852844476699829,0.3735716640949249,0.052343256771564484,1341.0,1383.3599853515625,9.999999747378752e-06,24.0,1.0,330.0525207519531,2.9923486709594727,0.11013521999120712,53.05464553833008,1.3452224731445312,71.90642547607422,126.30628967285156,2.9922935962677,4.917306423187256,0.8441803455352783,3.1220340728759766,5.725630283355713,8.508695602416992,12.362299919128418,11.167816162109375,-11.341185569763184,-10.818310737609863,0.007991825230419636,0.010416666977107525,0.0416666679084301,1.4294233322143555,0.5839115381240845,51.083335876464844,51.0,-10.668169975280762,-10.668169975280762,1.0115512609481812,4.650805473327637,-4.653041362762451,-4.670314788818359,0.010002266615629196,0.010416666977107525,0.0416666679084301,4.556425094604492,0.02042366750538349,50.520835876464844,52.0,-0.7954674959182739,6.540059566497803,3.0850582122802734,0.524827778339386,0.0520833358168602,0.9479166865348816,-0.0024372076150029898,0.009999999776482582,50.5,0.012198571115732193,0.9895833730697632,0.01378413662314415,0.9998723268508911,0.0,0.0,-7.569515228271484,507.6250305175781,4.650805473327637,-4.653041362762451,-4.663993835449219,0.01000226754695177,0.010416666977107525,0.0416666679084301,4.556425094604492,0.020423665642738342,50.520835876464844,49.25,-0.7954674363136292,4.647865295410156,0.0,5.689782619476318,1.0,9.999999747378752e-05,9.999999747378752e-06,4.478394985198975,-4.4810590744018555,-4.491924285888672,0.011840466409921646,0.03125,0.125,4.553555965423584,0.021127384155988693,35.01041793823242,26.75,-0.6595227122306824,4.478394985198975,-4.4810590744018555,-4.491924285888672,0.011840466409921646,0.03125,0.125,4.553555965423584,0.021127384155988693,35.01041793823242,26.75,-0.6595227122306824,0.33128178119659424,6.339930057525635,45.079891204833984,1.6640387773513794,4.650805473327637,24.0
1450,22.259750366210938,5.805492492072517e-06,9.999999747378752e-06,1.1255462169647217,4.502184867858887,0.1388159990310669,40.966796875,0.008954886347055435,0.0007854982977733016,0.09436695277690887,-0.00020564398437272757,5.729948997497559,5.729948997497559,-4.626355171203613,-10.356304168701172,0.010242280550301075,0.00964165385812521,5.729948679800145e-05,-3.45338773727417,19.467432022094727,12.509296417236328,19.191585540771484,0.0,0.13366487622261047,3.6601741313934326,22.535167694091797,0.9852141737937927,0.3756830096244812,0.052343256771564484,1351.0,1392.9599609375,9.999999747378752e-06,24.0,1.0,329.4041748046875,2.9922077655792236,0.11528515815734863,52.469024658203125,1.3207343816757202,71.21763610839844,125.00739288330078,2.992154359817505,4.660982131958008,0.8360762596130371,2.931993246078491,5.603559494018555,8.356544494628906,11.494853973388672,11.167816162109375,-11.341185569763184,-10.818310737609863,0.00964165385812521,0.010416666977107525,0.0416666679084301,1.4294233322143555,0.5839115381240845,51.083335876464844,51.0,-10.668169975280762,-10.668169975280762,1.0115512609481812,4.643637657165527,-4.650805473327637,-4.669332504272461,0.010013203136622906,0.010416666977107525,0.0416666679084301,4.557504653930664,0.020291611552238464,50.47916793823242,52.0,-0.7592943906784058,6.540059566497803,3.0850582122802734,0.524827778339386,0.0520833358168602,0.9479166865348816,-0.0006006269250065088,0.009999999776482582,50.5,0.012198571115732193,0.9895833730697632,0.01378413662314415,0.9998723268508911,0.0,0.0,-7.569112777709961,504.38543701171875,4.6436381340026855,-4.650805473327637,-4.662701606750488,0.010013202205300331,0.010416666977107525,0.0416666679084301,4.557505130767822,0.020291611552238464,50.47917175292969,49.0,-0.7592943906784058,4.635800361633301,0.010416666977107525,5.689782619476318,1.0,9.999999747378752e-05,9.999999747378752e-06,4.478394985198975,-4.4810590744018555,-4.490468978881836,0.011948566883802414,0.0416666679084301,0.125,4.554465293884277,0.02160392701625824,34.66666793823242,26.75,-0.6595227122306824,4.478394985198975,-4.4810590744018555,-4.490468978881836,0.011948566883802414,0.0416666679084301,0.125,4.554465293884277,0.02160392701625824,34.66666793823242,26.75,-0.6595227122306824,0.33328625559806824,6.319667339324951,44.94483947753906,1.6649808883666992,4.6436381340026855,24.0
1460,22.454065322875977,5.817413239128655e-06,9.999999747378752e-06,1.123345136642456,4.493380546569824,0.13977600634098053,40.966796875,0.008892285637557507,0.0007843355415388942,0.09412472695112228,-0.00025585349067114294,5.081187725067139,5.081187725067139,-4.668753623962402,-9.749940872192383,0.009746341966092587,0.014878040179610252,5.0811875553335994e-05,-3.8638880252838135,18.101978302001953,15.049625396728516,17.191452026367188,0.0,0.07868591696023941,3.67940616607666,22.67022132873535,0.9850589632987976,0.3776569962501526,0.052343256771564484,1361.0,1402.56005859375,9.999999747378752e-06,24.0,1.0,328.88836669921875,2.992110252380371,0.11660820990800858,52.28291320800781,1.3026255369186401,70.9123764038086,124.50572967529297,2.992048740386963,4.6379570960998535,0.7349128723144531,2.820981979370117,5.391032695770264,8.356544494628906,11.11207389831543,11.167816162109375,-11.341185569763184,-10.81728744506836,0.00964165385812521,0.010416666977107525,0.0416666679084301,1.4251899719238281,0.5863082408905029,50.09375,51.0,-10.668169975280762,-10.668169975280762,0.9919554591178894,4.650805473327637,-4.653041362762451,-4.670314788818359,0.010002266615629196,0.010416666977107525,0.0416666679084301,4.559228897094727,0.02042366750538349,50.520835876464844,52.0,-0.7954674959182739,6.540059566497803,3.0850582122802734,0.524827778339386,0.0520833358168602,0.9479166865348816,-0.0006006269250065088,0.009999999776482582,50.5,0.012198571115732193,0.9895833730697632,0.01378413662314415,0.9998723268508911,0.0,0.0,-7.562533855438232,504.38543701171875,4.650805473327637,-4.653041362762451,-4.663993835449219,0.01000226754695177,0.010416666977107525,0.0416666679084301,4.559228897094727,0.020423665642738342,50.520835876464844,49.25,-0.7954674363136292,4.65695333480835,0.0,5.973736763000488,1.0,9.999999747378752e-05,9.999999747378752e-06,4.4810590744018555,-4.481494426727295,-4.490468978881836,0.011818386614322662,0.03125,0.1354166716337204,4.5546746253967285,0.021127384155988693,35.10416793823242,26.75,-0.6595227122306824,4.4810590744018555,-4.481494426727295,-4.490468978881836,0.011818386614322662,0.03125,0.1354166716337204,4.5546746253967285,0.021127384155988693,35.10416793823242,26.75,-0.6595227122306824,0.33528366684913635,6.300876140594482,44.81010437011719,1.6706002950668335,4.650805473327637,24.0
1470,21.93233299255371,4.649162292480469e-06,9.999999747378752e-06,1.1580994129180908,4.632397651672363,0.14073599874973297,40.966796875,0.008954886347055435,0.0007843355415388942,0.09412472695112228,-0.00020564398437272757,6.549689769744873,6.549689769744873,-4.669684886932373,-11.219374656677246,0.009851256385445595,0.012759210541844368,6.54968898743391e-05,-4.5257415771484375,19.076845169067383,14.35330867767334,17.164737701416016,0.0,0.08047347515821457,3.6987388134002686,22.804956436157227,0.9849435687065125,0.3796412944793701,0.052470676600933075,1371.0,1412.1600341796875,9.999999747378752e-06,24.0,1.0,329.29791259765625,2.9920814037323,0.09391746670007706,52.51817321777344,1.296913504600525,71.00724792480469,124.83151245117188,2.992018938064575,4.653573036193848,0.803887128829956,3.0173330307006836,5.594959735870361,8.39265251159668,11.72279167175293,11.219374656677246,-11.341185569763184,-10.818310737609863,0.009703103452920914,0.010416666977107525,0.0416666679084301,1.4294233322143555,0.5839115381240845,51.083335876464844,51.0,-10.668169975280762,-10.668169975280762,1.0115512609481812,4.650805473327637,-4.653041362762451,-4.670314788818359,0.009990105405449867,0.010416666977107525,0.0416666679084301,4.559228897094727,0.02042366750538349,50.520835876464844,52.0,-0.7999657988548279,6.413619518280029,3.0915427207946777,0.5232795476913452,0.0520833358168602,0.9479166865348816,-0.00031009907252155244,0.009999999776482582,50.5,0.013445320539176464,0.9895833730697632,0.014209962449967861,0.9998651742935181,0.0,0.0,-7.562533855438232,504.38543701171875,4.650805473327637,-4.653041362762451,-4.663993835449219,0.009990105405449867,0.010416666977107525,0.0416666679084301,4.559228897094727,0.020423665642738342,50.520835876464844,49.25,-0.7999657392501831,4.651242256164551,0.0,5.628332614898682,1.0,9.999999747378752e-05,9.999999747378752e-06,4.481494426727295,-4.482143402099609,-4.490468978881836,0.011814095079898834,0.03125,0.1354166716337204,4.555473327636719,0.021127384155988693,35.10416793823242,27.25,-0.6595227122306824,4.481494426727295,-4.482143402099609,-4.490468978881836,0.011814095079898834,0.03125,0.1354166716337204,4.555473327636719,0.021127384155988693,35.10416793823242,27.25,-0.6595227122306824,0.3372763395309448,6.280358791351318,44.67588424682617,1.6744734048843384,4.650805473327637,24.0
1480,22.096914291381836,5.376338776841294e-06,9.999999747378752e-06,1.1470304727554321,4.5881218910217285,0.1416960060596466,40.966796875,0.008954886347055435,0.0007843355415388942,0.09412472695112228,-0.00020564398437272757,6.141646385192871,6.141646385192871,-4.632466793060303,-10.774112701416016,0.010275956243276596,0.011840126477181911,6.14164600847289e-05,-4.411260604858398,18.972131729125977,14.947994232177734,17.14771842956543,0.0,0.0684739500284195,3.7189345359802246,22.939176559448242,0.9848889112472534,0.38171422481536865,0.052470676600933075,1381.0,1421.760009765625,9.999999747378752e-06,24.0,1.0,328.94921875,2.99206280708313,0.08936748653650284,53.26063919067383,1.293329119682312,71.49706268310547,126.05165100097656,2.992000102996826,4.551144599914551,1.0425927639007568,3.0744845867156982,5.785294055938721,8.825098037719727,11.827177047729492,10.997787475585938,-11.219374656677246,-10.81728744506836,0.009703103452920914,0.010416666977107525,0.0520833358168602,1.4294233322143555,0.5839115381240845,50.770835876464844,51.0,-10.54926586151123,-10.54926586151123,1.0053631067276,4.643637657165527,-4.650805473327637,-4.670314788818359,0.010002266615629196,0.010416666977107525,0.0416666679084301,4.559846878051758,0.02042366750538349,50.47916793823242,51.0,-0.7661352157592773,6.400543212890625,3.068856716156006,0.5232795476913452,0.0520833358168602,0.9479166865348816,-0.00031009907252155244,0.009999999776482582,50.5,0.013859459199011326,0.9895833730697632,0.014209962449967861,0.9998651742935181,0.0,0.010416666977107525,-7.562533855438232,504.38543701171875,4.6436381340026855,-4.650805473327637,-4.663993835449219,0.01000226754695177,0.010416666977107525,0.0416666679084301,4.559847831726074,0.020423665642738342,50.47917175292969,49.0,-0.7661352157592773,4.637796401977539,0.010416666977107525,5.465956687927246,1.0,9.999999747378752e-05,9.999999747378752e-06,4.4810590744018555,-4.481494426727295,-4.490468978881836,0.011818386614322662,0.03125,0.1354166716337204,4.555473327636719,0.021127384155988693,34.927085876464844,27.25,-0.6449406147003174,4.4810590744018555,-4.481494426727295,-4.490468978881836,0.011818386614322662,0.03125,0.1354166716337204,4.555473327636719,0.021127384155988693,34.927085876464844,27.25,-0.6449406147003174,0.33926138281822205,6.260583877563477,44.54203414916992,1.676924705505371,4.6436381340026855,24.0
1490,22.188488006591797,5.3524972827290185e-06,9.999999747378752e-06,1.1512422561645508,4.604969024658203,0.14265599846839905,40.966796875,0.008954886347055435,0.0006715413765050471,0.08805131167173386,-0.0001969064906006679,6.657432556152344,6.657432556152344,-4.657994747161865,-11.315427780151367,0.009951898828148842,0.018343327566981316,6.657432822976261e-05,-4.25538444519043,28.002376556396484,15.748231887817383,21.750661849975586,0.0,0.45710259675979614,3.7374677658081055,23.07302474975586,0.9848192930221558,0.38361647725105286,0.052470676600933075,1391.0,1431.3599853515625,9.999999747378752e-06,24.0,1.0,330.19671630859375,2.991992712020874,0.08311150968074799,53.246368408203125,1.2813007831573486,71.8609619140625,126.28771209716797,2.991928815841675,4.9039201736450195,0.5619587898254395,2.9296092987060547,5.9022417068481445,9.034469604492188,12.498089790344238,10.997787475585938,-11.219374656677246,-10.818310737609863,0.00988067127764225,0.010416666977107525,0.0520833358168602,1.4344514608383179,0.5803291201591492,51.083335876464844,52.0,-10.54926586151123,-10.54926586151123,1.0115512609481812,4.643637657165527,-4.650805473327637,-4.669406890869141,0.010002266615629196,0.010416666977107525,0.0520833358168602,4.559846878051758,0.02042366750538349,50.47916793823242,51.0,-0.7661352157592773,6.326193809509277,3.029439926147461,0.5229140520095825,0.0416666679084301,0.9479166865348816,-0.00010943537199636921,0.009999999776482582,50.5,0.014083849266171455,0.9895833730697632,0.014214741066098213,0.9998542070388794,0.0,0.010416666977107525,-7.561853408813477,502.5208740234375,4.6436381340026855,-4.650805473327637,-4.663993835449219,0.01000226754695177,0.010416666977107525,0.0520833358168602,4.559847831726074,0.020423665642738342,50.47917175292969,49.0,-0.7661352157592773,4.643487453460693,0.010416666977107525,5.567877292633057,1.0,9.999999747378752e-05,9.999999747378752e-06,4.4810590744018555,-4.481494426727295,-4.490468978881836,0.011818386614322662,0.03125,0.1354166716337204,4.555473327636719,0.021909665316343307,34.927085876464844,27.25,-0.6449406147003174,4.4810590744018555,-4.481494426727295,-4.490468978881836,0.011818386614322662,0.03125,0.1354166716337204,4.555473327636719,0.021909665316343307,34.927085876464844,27.25,-0.6449406147003174,0.34124094247817993,6.240983009338379,44.4085807800293,1.6853365898132324,4.6436381340026855,24.0
1500,22.1268367767334,5.2690506890940014e-06,9.999999747378752e-06,1.1094512939453125,4.43780517578125,0.14361600577831268,40.966796875,0.008892285637557507,0.0006715413765050471,0.09412472695112228,-8.532466017641127e-05,7.008597373962402,7.008597373962402,-4.674205780029297,-11.6828031539917,0.009745641611516476,0.008028775453567505,7.008597458479926e-05,-3.7448978424072266,21.318634033203125,16.299274444580078,21.136911392211914,0.0,0.10179963707923889,3.7560946941375732,23.206478118896484,0.9846669435501099,0.3855283558368683,0.052638016641139984,1401.0,1440.9599609375,9.999999747378752e-06,24.0,1.0,331.3139953613281,2.9918930530548096,0.08472739160060883,52.87480163574219,1.2636191844940186,71.88618469238281,126.05223846435547,2.9918203353881836,5.374744415283203,0.678168535232544,3.0564355850219727,6.061620712280273,9.333843231201172,13.103750228881836,10.997787475585938,-11.219374656677246,-10.873671531677246,0.00988067127764225,0.010416666977107525,0.0520833358168602,1.4294233322143555,0.5839115381240845,50.770835876464844,51.0,-10.54926586151123,-10.54926586151123,1.0053631067276,4.650805473327637,-4.653041362762451,-4.669406890869141,0.009990105405449867,0.010416666977107525,0.0520833358168602,4.559846878051758,0.02042366750538349,50.520835876464844,51.0,-0.7661352157592773,6.326193809509277,3.068856716156006,0.5232795476913452,0.0520833358168602,0.9479166865348816,-0.00010943537199636921,0.009999999776482582,50.5,0.015041532926261425,0.9895833730697632,0.01496920082718134,0.9998497366905212,0.0,0.010416666977107525,-7.551874160766602,502.5208740234375,4.650805473327637,-4.653041362762451,-4.663993835449219,0.009990105405449867,0.010416666977107525,0.0520833358168602,4.559847831726074,0.020423665642738342,50.520835876464844,49.25,-0.7661352157592773,4.6592559814453125,0.010416666977107525,5.8781962394714355,1.0,9.999999747378752e-05,9.999999747378752e-06,4.481494426727295,-4.482143402099609,-4.500354766845703,0.011760956607758999,0.03125,0.1354166716337204,4.558382511138916,0.021127384155988693,35.10416793823242,27.25,-0.6388229727745056,4.481494426727295,-4.482143402099609,-4.500354766845703,0.011760956607758999,0.03125,0.1354166716337204,4.558382511138916,0.021127384155988693,35.10416793823242,27.25,-0.6388229727745056,0.3432146906852722,6.222551345825195,44.27544021606445,1.6909258365631104,4.650805473327637,24.0
1510,22.4504451751709,6.198883056640625e-06,9.999999747378752e-06,1.1205881834030151,4.4823527336120605,0.14457599818706512,40.966796875,0.008954886347055435,0.0006715413765050471,0.08805131167173386,-8.532466017641127e-05,7.772767543792725,7.772767543792725,-4.643454551696777,-12.416221618652344,0.009933189488947392,0.00905785895884037,7.772767276037484e-05,-4.505714416503906,26.38385009765625,17.623424530029297,23.812551498413086,0.0,0.1627231240272522,3.775892972946167,23.33962059020996,0.9846119284629822,0.3875604569911957,0.052470676600933075,1411.0,1450.56005859375,9.999999747378752e-06,24.0,1.0,332.2354736328125,2.991795301437378,0.07708330452442169,52.63874816894531,1.2482558488845825,71.77262115478516,125.67750549316406,2.991722583770752,5.335623741149902,1.0253324508666992,3.376521110534668,6.418962478637695,10.088909149169922,14.158214569091797,10.997787475585938,-11.219374656677246,-10.984943389892578,0.00988067127764225,0.010416666977107525,0.0520833358168602,1.4251899719238281,0.5863082408905029,50.770835876464844,51.0,-10.54926586151123,-10.54926586151123,1.0053631067276,4.643454551696777,-4.653041362762451,-4.669332504272461,0.009951898828148842,0.010416666977107525,0.0520833358168602,4.560184478759766,0.02042366750538349,50.364585876464844,51.0,-0.7661352157592773,6.326193809509277,3.068856716156006,0.5232795476913452,0.0520833358168602,0.9479166865348816,-0.00010943537199636921,0.009999999776482582,50.5,0.015862224623560905,0.9895833730697632,0.01496920082718134,0.9998497366905212,0.0,0.010416666977107525,-7.5452117919921875,502.5208740234375,4.643454551696777,-4.653041362762451,-4.663993835449219,0.009951898828148842,0.010416666977107525,0.0520833358168602,4.560184478759766,0.020423665642738342,50.364585876464844,49.0,-0.7661352157592773,4.6691412925720215,0.010416666977107525,5.8781962394714355,1.0,9.999999747378752e-05,9.999999747378752e-06,4.482143402099609,-4.483633041381836,-4.500354766845703,0.011744324117898941,0.03125,0.1354166716337204,4.559852123260498,0.02064131200313568,35.239585876464844,27.25,-0.6298168301582336,4.482143402099609,-4.483633041381836,-4.500354766845703,0.011744324117898941,0.03125,0.1354166716337204,4.559852123260498,0.02064131200313568,35.239585876464844,27.25,-0.6298168301582336,0.345183789730072,6.202683925628662,44.142799377441406,1.6979491710662842,4.643454551696777,24.0
1520,22.320417404174805,5.805492492072517e-06,9.999999747378752e-06,1.1477267742156982,4.590907096862793,0.14553600549697876,40.966796875,0.009367481805384159,0.0007070000283420086,0.08805131167173386,-8.532466017641127e-05,7.023761749267578,7.023761749267578,-4.6927490234375,-11.716510772705078,0.0096382275223732,0.003148491960018873,7.023761281743646e-05,-3.2843117713928223,18.611209869384766,15.042354583740234,17.612380981445312,0.0,0.09205174446105957,3.7927608489990234,23.472261428833008,0.9844083786010742,0.38929179310798645,0.051938656717538834,1421.0,1460.1600341796875,9.999999747378752e-06,24.0,1.0,332.32183837890625,2.9917988777160645,0.07637937366962433,52.53499221801758,1.2482558488845825,71.60582733154297,125.39346313476562,2.991722583770752,5.562355995178223,0.9914860725402832,3.8063786029815674,6.7490410804748535,10.196409225463867,14.536884307861328,10.997787475585938,-11.219374656677246,-11.00489616394043,0.00964165385812521,0.010416666977107525,0.0520833358168602,1.4251899719238281,0.5863082408905029,50.770835876464844,51.0,-10.54926586151123,-10.54926586151123,1.0053631067276,4.643454551696777,-4.653041362762451,-4.666262626647949,0.009951898828148842,0.010416666977107525,0.0520833358168602,4.560184478759766,0.02042366750538349,50.364585876464844,51.0,-0.7661352157592773,6.326193809509277,3.068856716156006,0.5232795476913452,0.0520833358168602,0.9479166865348816,-0.0006006269250065088,0.009999999776482582,50.5,0.016234222799539566,0.9895833730697632,0.01496920082718134,0.9998497366905212,0.0,0.010416666977107525,-7.551874160766602,504.38543701171875,4.643454551696777,-4.653041362762451,-4.663993835449219,0.009951898828148842,0.010416666977107525,0.0520833358168602,4.560184478759766,0.020423665642738342,50.364585876464844,49.0,-0.7661352157592773,4.641753673553467,0.010416666977107525,5.4423723220825195,1.0,9.999999747378752e-05,9.999999747378752e-06,4.483633041381836,-4.486889362335205,-4.500354766845703,0.011741548776626587,0.03125,0.125,4.559906005859375,0.020517272874712944,35.63541793823242,27.25,-0.6298168301582336,4.483633041381836,-4.486889362335205,-4.500354766845703,0.011741548776626587,0.03125,0.125,4.559906005859375,0.020517272874712944,35.63541793823242,27.25,-0.6298168301582336,0.3471454977989197,6.184305667877197,44.010406494140625,1.7007224559783936,4.643454551696777,24.0
1530,22.787487030029297,6.330013093247544e-06,9.999999747378752e-06,1.0984151363372803,4.393660545349121,0.1464959979057312,40.966796875,0.009367481805384159,0.0007070000283420086,0.08805131167173386,-8.532466017641127e-05,8.598566055297852,8.598566055297852,-4.662471294403076,-13.261035919189453,0.009781169705092907,0.005271602421998978,8.598565909778699e-05,-3.125354290008545,29.839879989624023,19.410629272460938,26.136518478393555,0.0,0.07849139720201492,3.813286542892456,23.60465431213379,0.9841756820678711,0.3913985788822174,0.051938656717538834,1431.0,1469.760009765625,9.999999747378752e-06,24.0,1.0,333.379638671875,2.9918928146362305,0.08339940756559372,52.30867385864258,1.2644020318984985,71.56877136230469,125.13136291503906,2.9918224811553955,5.348424911499023,1.004389762878418,3.8248462677001953,6.7921648025512695,10.301095962524414,13.957071304321289,10.997787475585938,-11.219374656677246,-11.00489616394043,0.00905785895884037,0.010416666977107525,0.0520833358168602,1.4251899719238281,0.5863082408905029,50.770835876464844,51.0,-10.54926586151123,-10.54926586151123,1.0053631067276,4.643454551696777,-4.653041362762451,-4.666262626647949,0.009951898828148842,0.010416666977107525,0.0520833358168602,4.560895919799805,0.02042366750538349,50.364585876464844,51.0,-0.7661352157592773,6.326193809509277,3.068856716156006,0.5232795476913452,0.0416666679084301,0.9479166865348816,-0.0008753311703912914,0.009999999776482582,50.5,0.016523173078894615,0.9895833730697632,0.015100866556167603,0.9998259544372559,0.0,0.0,-7.5452117919921875,502.5208740234375,4.643454551696777,-4.653041362762451,-4.663993835449219,0.009951898828148842,0.010416666977107525,0.0520833358168602,4.5608954429626465,0.020423665642738342,50.364585876464844,49.0,-0.7661352157592773,4.646921157836914,0.010416666977107525,5.508433818817139,1.0,9.999999747378752e-05,9.999999747378752e-06,4.486889362335205,-4.492156982421875,-4.524084568023682,0.011741548776626587,0.03125,0.125,4.560437202453613,0.020517272874712944,35.677085876464844,27.75,-0.6298168301582336,4.486889362335205,-4.492156982421875,-4.524084568023682,0.011741548776626587,0.03125,0.125,4.560437202453613,0.020517272874712944,35.677085876464844,27.75,-0.6298168301582336,0.34910354018211365,6.165136337280273,43.8785400390625,1.7071735858917236,4.643454551696777,24.0
1540,23.080671310424805,6.115436463005608e-06,9.999999747378752e-06,1.088580846786499,4.354323387145996,0.14745600521564484,40.966796875,0.009367481805384159,0.0007843355415388942,0.09412472695112228,-8.202364551834762e-05,8.099284172058105,8.099284172058105,-4.659489631652832,-12.758772850036621,0.009897500276565552,0.02004416659474373,8.09928314993158e-05,-4.196181774139404,31.32416343688965,17.10329818725586,24.08552360534668,0.0,0.06674554198980331,3.8340678215026855,23.736520767211914,0.984108567237854,0.39353159070014954,0.051938656717538834,1441.0,1479.3599853515625,9.999999747378752e-06,24.0,1.0,333.6456298828125,2.992133378982544,0.08339940756559372,51.790130615234375,1.3023284673690796,71.58609008789062,124.78911590576172,2.9920473098754883,5.4464192390441895,1.0567669868469238,3.9956445693969727,6.843318462371826,10.451065063476562,14.16334342956543,10.997787475585938,-11.219374656677246,-11.00489616394043,0.00905785895884037,0.010416666977107525,0.0520833358168602,1.4251899719238281,0.5863082408905029,50.770835876464844,52.0,-10.54926586151123,-10.54926586151123,1.0053631067276,4.643454551696777,-4.6555070877075195,-4.666262626647949,0.009933189488947392,0.010416666977107525,0.0520833358168602,4.560184478759766,0.020291611552238464,50.364585876464844,51.0,-0.7661352157592773,6.326193809509277,3.068856716156006,0.5232795476913452,0.0416666679084301,0.9479166865348816,-0.0008753311703912914,0.009999999776482582,50.5,0.0168253593146801,0.9895833730697632,0.01534087024629116,0.9998259544372559,0.0,0.0,-7.5452117919921875,501.32293701171875,4.643454551696777,-4.655507564544678,-4.666031360626221,0.009933189488947392,0.010416666977107525,0.0520833358168602,4.560184478759766,0.020291611552238464,50.364585876464844,49.25,-0.7661352157592773,4.647650718688965,0.010416666977107525,5.486365795135498,1.0,9.999999747378752e-05,9.999999747378752e-06,4.48490047454834,-4.486889362335205,-4.526466369628906,0.011744324117898941,0.03125,0.125,4.559906005859375,0.02064131200313568,35.677085876464844,27.75,-0.6298168301582336,4.48490047454834,-4.486889362335205,-4.526466369628906,0.011744324117898941,0.03125,0.125,4.559906005859375,0.02064131200313568,35.677085876464844,27.75,-0.6298168301582336,0.35105380415916443,6.145883083343506,43.74703598022461,1.7133705615997314,4.643454551696777,24.0
1550,22.17442512512207,4.696846190199722e-06,9.999999747378752e-06,1.1577702760696411,4.6310811042785645,0.14841599762439728,40.966796875,0.009367481805384159,0.0007843355415388942,0.08805131167173386,-8.202364551834762e-05,7.874322414398193,7.874322414398193,-4.713038444519043,-12.587360382080078,0.009443843737244606,0.0019991581793874502,7.874322182033211e-05,-2.4034955501556396,25.91501808166504,17.040376663208008,24.04062843322754,0.0,0.08887431025505066,3.8523619174957275,23.868022918701172,0.9841053485870361,0.3954092860221863,0.051938656717538834,1451.0,1488.9599609375,9.999999747378752e-06,24.0,1.0,333.77569580078125,2.9924397468566895,0.08548437803983688,51.75788879394531,1.3581730127334595,71.96268463134766,125.03694152832031,2.992358684539795,5.255192756652832,1.0567669868469238,3.8397717475891113,7.026329040527344,10.991499900817871,14.01066780090332,10.997787475585938,-11.219374656677246,-11.00489616394043,0.00905785895884037,0.010416666977107525,0.0520833358168602,1.4251899719238281,0.5863082408905029,50.88541793823242,52.0,-10.54926586151123,-10.54926586151123,1.0076320171356201,4.6555070877075195,-4.657994747161865,-4.669332504272461,0.009923353791236877,0.010416666977107525,0.0520833358168602,4.55953311920166,0.02087298594415188,51.020835876464844,51.0,-0.7787179350852966,6.326193809509277,3.068856716156006,0.5232795476913452,0.0520833358168602,0.9479166865348816,-0.0008753311703912914,0.009999999776482582,50.5,0.017859071493148804,0.9895833730697632,0.01576547510921955,0.9998193979263306,0.0,0.0,-7.551874160766602,502.26043701171875,4.655507564544678,-4.657994747161865,-4.6670989990234375,0.009923353791236877,0.010416666977107525,0.0520833358168602,4.559533596038818,0.02087298408150673,51.020835876464844,49.25,-0.7787179350852966,4.650647163391113,0.010416666977107525,5.629146099090576,1.0,9.999999747378752e-05,9.999999747378752e-06,4.486889362335205,-4.4963884353637695,-4.5292863845825195,0.011741548776626587,0.03125,0.125,4.560437202453613,0.020517272874712944,36.0,29.0,-0.6298168301582336,4.486889362335205,-4.4963884353637695,-4.5292863845825195,0.011741548776626587,0.03125,0.125,4.560437202453613,0.020517272874712944,36.0,29.0,-0.6298168301582336,0.35299867391586304,6.126345634460449,43.61600875854492,1.7208696603775024,4.655507564544678,24.0
1560,22.10688591003418,5.8770178839040454e-06,9.999999747378752e-06,1.125152826309204,4.500611305236816,0.1493760049343109,40.966796875,0.009474467486143112,0.0007843355415388942,0.08645714074373245,-8.532466017641127e-05,6.979739189147949,6.979739189147949,-4.66464900970459,-11.644388198852539,0.009670603089034557,0.004591371864080429,6.979739555390552e-05,-2.795438528060913,27.075321197509766,17.61635971069336,25.810001373291016,0.0,0.11704250425100327,3.869778633117676,23.999052047729492,0.9838669300079346,0.3971969485282898,0.051938656717538834,1461.0,1498.56005859375,9.999999747378752e-06,24.0,1.0,333.30279541015625,2.992680072784424,0.08819341659545898,52.04094696044922,1.4048103094100952,72.23383331298828,125.6795883178711,2.9926013946533203,4.979703903198242,1.250943660736084,3.56398606300354,6.56233024597168,9.941719055175781,13.563485145568848,10.997787475585938,-11.219374656677246,-10.984943389892578,0.00905785895884037,0.010416666977107525,0.0520833358168602,1.4251899719238281,0.5863082408905029,50.88541793823242,52.0,-10.54926586151123,-10.54926586151123,1.0076320171356201,4.6555070877075195,-4.657994747161865,-4.666262626647949,0.009923353791236877,0.010416666977107525,0.0520833358168602,4.55953311920166,0.02087298594415188,51.020835876464844,51.0,-0.7787179350852966,6.326193809509277,3.029439926147461,0.5229140520095825,0.0520833358168602,0.9479166865348816,-0.0008753311703912914,0.009999999776482582,50.5,0.01825125887989998,0.9895833730697632,0.01576547510921955,0.9998259544372559,0.0,0.010416666977107525,-7.550591945648193,501.32293701171875,4.655507564544678,-4.657994747161865,-4.666031360626221,0.009923353791236877,0.010416666977107525,0.0520833358168602,4.559533596038818,0.02087298408150673,51.020835876464844,49.0,-0.7787179350852966,4.653100490570068,0.010416666977107525,5.629146099090576,1.0,9.999999747378752e-05,9.999999747378752e-06,4.486889362335205,-4.4963884353637695,-4.526466369628906,0.011610131710767746,0.03125,0.1145833432674408,4.560437202453613,0.020466405898332596,35.677085876464844,27.75,-0.6275672316551208,4.486889362335205,-4.4963884353637695,-4.526466369628906,0.011610131710767746,0.03125,0.1145833432674408,4.560437202453613,0.020466405898332596,35.677085876464844,27.75,-0.6275672316551208,0.35493654012680054,6.108243465423584,43.4852294921875,1.7259235382080078,4.655507564544678,24.0
1570,22.238285064697266,5.9723852245952e-06,9.999999747378752e-06,1.1467972993850708,4.587189197540283,0.15033599734306335,40.966796875,0.009474467486143112,0.0007843355415388942,0.07242517173290253,-0.00016241674893535674,5.695422172546387,5.695422172546387,-4.668942451477051,-10.364364624023438,0.009919830597937107,0.008439131081104279,5.695422078133561e-05,-3.2699661254882812,17.171497344970703,13.16413688659668,16.810998916625977,0.0,0.08557687699794769,3.889678716659546,24.12982940673828,0.9836052060127258,0.39923951029777527,0.051938656717538834,1471.0,1508.1600341796875,9.999999747378752e-06,24.0,1.0,333.5951843261719,2.992694139480591,0.08382493257522583,52.27653121948242,1.4082554578781128,72.31586456298828,125.9862289428711,2.9926187992095947,4.926877021789551,0.8627898693084717,3.165289878845215,6.103641510009766,9.314325332641602,12.79079818725586,10.997787475585938,-11.219374656677246,-10.984943389892578,0.00905785895884037,0.010416666977107525,0.0520833358168602,1.4251899719238281,0.5863082408905029,50.88541793823242,51.0,-10.54926586151123,-10.54926586151123,1.0076320171356201,4.657994747161865,-4.659489631652832,-4.666262626647949,0.009919830597937107,0.010416666977107525,0.0520833358168602,4.55953311920166,0.02087298594415188,51.020835876464844,51.0,-0.7787179350852966,6.322665214538574,3.029439926147461,0.5229140520095825,0.0520833358168602,0.9479166865348816,-0.0008753311703912914,0.009999999776482582,50.5,0.01825125887989998,0.9895833730697632,0.01576547510921955,0.9998259544372559,0.0,0.010416666977107525,-7.550591945648193,501.32293701171875,4.657994747161865,-4.659489154815674,-4.666031360626221,0.009919830597937107,0.010416666977107525,0.0520833358168602,4.559533596038818,0.02087298408150673,51.020835876464844,49.25,-0.7787179350852966,4.650022983551025,0.010416666977107525,5.503193378448486,1.0,9.999999747378752e-05,9.999999747378752e-06,4.4963884353637695,-4.496868133544922,-4.5292863845825195,0.011588887311518192,0.03125,0.125,4.560437202453613,0.020466405898332596,36.0,29.0,-0.6275672316551208,4.4963884353637695,-4.496868133544922,-4.5292863845825195,0.011588887311518192,0.03125,0.125,4.560437202453613,0.020466405898332596,36.0,29.0,-0.6275672316551208,0.3568706810474396,6.090334415435791,43.354854583740234,1.728026270866394,4.657994747161865,24.0
1580,21.98520278930664,4.601478394761216e-06,9.999999747378752e-06,1.1327145099639893,4.530858039855957,0.151296004652977,40.966796875,0.009646596387028694,0.0007843355415388942,0.07242517173290253,-0.00016241674893535674,6.112165451049805,6.112165451049805,-4.605442047119141,-10.717608451843262,0.010454623028635979,0.006540327798575163,6.112165283411741e-05,-2.596174478530884,45.736907958984375,17.754837036132812,26.699831008911133,0.0,0.06396465748548508,3.9096710681915283,24.260208129882812,0.9834648966789246,0.40129154920578003,0.051938656717538834,1481.0,1517.760009765625,9.999999747378752e-06,24.0,1.0,332.54571533203125,2.992399215698242,0.07387464493513107,52.01554870605469,1.3530136346817017,72.2471923828125,125.6172866821289,2.992332935333252,4.844089984893799,0.6935255527496338,2.7463128566741943,5.787790775299072,8.96968936920166,12.274211883544922,10.997787475585938,-11.219374656677246,-10.984943389892578,0.008439131081104279,0.010416666977107525,0.0520833358168602,1.4251899719238281,0.5863082408905029,50.88541793823242,51.0,-10.54926586151123,-10.54926586151123,1.0076320171356201,4.6555070877075195,-4.657994747161865,-4.666262626647949,0.009923353791236877,0.010416666977107525,0.0520833358168602,4.560184478759766,0.02087298594415188,51.020835876464844,51.0,-0.7787179350852966,6.322665214538574,3.029439926147461,0.5229140520095825,0.0416666679084301,0.9479166865348816,-0.0014806989347562194,0.009999999776482582,50.5,0.01825125887989998,0.9895833730697632,0.01576547510921955,0.9998259544372559,0.0,0.010416666977107525,-7.550591945648193,500.46875,4.655507564544678,-4.657994747161865,-4.666031360626221,0.009923353791236877,0.010416666977107525,0.0520833358168602,4.560184478759766,0.02087298408150673,51.020835876464844,49.0,-0.7787179350852966,4.643163204193115,0.010416666977107525,5.459300518035889,1.0,9.999999747378752e-05,9.999999747378752e-06,4.486889362335205,-4.4963884353637695,-4.526466369628906,0.011610131710767746,0.03125,0.125,4.560437202453613,0.020517272874712944,35.677085876464844,27.75,-0.6388229727745056,4.486889362335205,-4.4963884353637695,-4.526466369628906,0.011610131710767746,0.03125,0.125,4.560437202453613,0.020517272874712944,35.677085876464844,27.75,-0.6388229727745056,0.35879892110824585,6.071803569793701,43.224884033203125,1.7317389249801636,4.655507564544678,24.0
1590,22.4141788482666,5.01871090818895e-06,9.999999747378752e-06,1.1085838079452515,4.434335231781006,0.15225599706172943,40.966796875,0.009646596387028694,0.0007420609472319484,0.0719928964972496,-0.00016509441775269806,6.8992018699646,6.8992018699646,-4.674952983856201,-11.574155807495117,0.009645247831940651,0.001874594367109239,6.899201252963394e-05,-1.8427391052246094,22.602005004882812,16.605724334716797,21.451194763183594,0.0,0.07250604778528214,3.9283487796783447,24.390174865722656,0.983360230922699,0.4032086431980133,0.052638016641139984,1491.0,1527.3599853515625,9.999999747378752e-06,24.0,1.0,333.1698913574219,2.9918532371520996,0.07306896895170212,51.38517761230469,1.261612892150879,71.8577880859375,124.50457763671875,2.991802215576172,4.862156391143799,0.7068753242492676,2.7561049461364746,5.749391555786133,8.599266052246094,12.153846740722656,11.219374656677246,-11.315427780151367,-10.984943389892578,0.008439131081104279,0.010416666977107525,0.0520833358168602,1.4251899719238281,0.5912594199180603,52.54166793823242,51.0,-10.563112258911133,-10.563112258911133,1.0404291152954102,4.657994747161865,-4.659489631652832,-4.666262626647949,0.009919830597937107,0.010416666977107525,0.0520833358168602,4.560895919799805,0.02087298594415188,51.34375,51.0,-0.7787179350852966,6.231130599975586,3.029439926147461,0.5197759866714478,0.0416666679084301,0.9479166865348816,-0.0014806989347562194,0.009999999776482582,50.5,0.01825125887989998,0.9895833730697632,0.01576547510921955,0.9998193979263306,0.0,0.010416666977107525,-7.551874160766602,501.32293701171875,4.657994747161865,-4.659489154815674,-4.666031360626221,0.009919830597937107,0.010416666977107525,0.0520833358168602,4.5608954429626465,0.02087298408150673,51.343753814697266,49.25,-0.7787179350852966,4.653925895690918,0.0,5.329716205596924,1.0,9.999999747378752e-05,9.999999747378752e-06,4.4963884353637695,-4.496868133544922,-4.526466369628906,0.011588887311518192,0.03125,0.125,4.560534954071045,0.020466405898332596,35.677085876464844,27.75,-0.6275672316551208,4.4963884353637695,-4.496868133544922,-4.526466369628906,0.011588887311518192,0.03125,0.125,4.560534954071045,0.020466405898332596,35.677085876464844,27.75,-0.6275672316551208,0.36072108149528503,6.0520758628845215,43.09542465209961,1.7338427305221558,4.657994747161865,24.0
1600,22.367717742919922,5.304813385009766e-06,9.999999747378752e-06,1.1523915529251099,4.6095662117004395,0.15321600437164307,40.966796875,0.009474467486143112,0.0007420609472319484,0.0719928964972496,-0.00016241674893535674,6.222568511962891,6.222568511962891,-4.634875297546387,-10.857443809509277,0.010066969320178032,0.02449248544871807,6.222568481462076e-05,-4.5172553062438965,28.044349670410156,17.698280334472656,24.007699966430664,0.0,0.08178430795669556,3.947547197341919,24.519636154174805,0.983269453048706,0.4051791727542877,0.052638016641139984,1501.0,1536.9599609375,9.999999747378752e-06,24.0,1.0,333.3467102050781,2.9913291931152344,0.06775267422199249,51.092559814453125,1.1798510551452637,71.38348388671875,123.65589141845703,2.991260051727295,4.878824234008789,0.7068753242492676,2.76306414604187,5.600465774536133,8.645313262939453,12.422224044799805,11.219374656677246,-11.315427780151367,-10.984943389892578,0.008439131081104279,0.010416666977107525,0.0520833358168602,1.3975105285644531,0.591300368309021,52.54166793823242,51.0,-10.563112258911133,-10.563112258911133,1.0404291152954102,4.657994747161865,-4.659489631652832,-4.666262626647949,0.009919830597937107,0.010416666977107525,0.0520833358168602,4.560895919799805,0.02087298594415188,51.34375,51.0,-0.7787179350852966,6.309779644012451,3.0392234325408936,0.520817220211029,0.0416666679084301,0.9479166865348816,-0.0014806989347562194,0.009999999776482582,50.5,0.01825125887989998,0.9895833730697632,0.01576547510921955,0.9998193979263306,0.0,0.0,-7.561853408813477,501.32293701171875,4.657994747161865,-4.659489154815674,-4.666031360626221,0.009919830597937107,0.010416666977107525,0.0520833358168602,4.5608954429626465,0.02087298408150673,51.343753814697266,49.25,-0.7787179350852966,4.648089408874512,0.0,5.407892227172852,1.0,9.999999747378752e-05,9.999999747378752e-06,4.4963884353637695,-4.496868133544922,-4.526466369628906,0.011588887311518192,0.03125,0.125,4.560720920562744,0.020466405898332596,35.677085876464844,27.75,-0.6275672316551208,4.4963884353637695,-4.496868133544922,-4.526466369628906,0.011588887311518192,0.03125,0.125,4.560720920562744,0.020466405898332596,35.677085876464844,27.75,-0.6275672316551208,0.3626357614994049,6.033092975616455,42.96630096435547,1.7462897300720215,4.657994747161865,24.0
1610,22.0163631439209,4.780292329087388e-06,9.999999747378752e-06,1.142476201057434,4.569904804229736,0.1541759967803955,40.966796875,0.009367481805384159,0.0007420609472319484,0.0719928964972496,-0.00016241674893535674,7.429987907409668,7.429987907409668,-4.657368183135986,-12.087355613708496,0.009850246831774712,0.011530007235705853,7.429987454088405e-05,-4.246592998504639,45.37216567993164,16.53268051147461,23.292797088623047,0.0,0.07825635373592377,3.965869426727295,24.648759841918945,0.9829674959182739,0.40705978870391846,0.052638016641139984,1511.0,1546.56005859375,9.999999747378752e-06,24.0,1.0,334.15142822265625,2.9911017417907715,0.06672510504722595,50.95315170288086,1.1486122608184814,70.93964385986328,123.0414047241211,2.9910318851470947,5.472568988800049,0.7257983684539795,2.9304440021514893,5.67207145690918,9.264520645141602,13.869726181030273,11.219374656677246,-11.315427780151367,-10.964762687683105,0.008439131081104279,0.010416666977107525,0.0520833358168602,1.3975105285644531,0.591300368309021,52.66666793823242,51.0,-10.563112258911133,-10.563112258911133,1.042904257774353,4.657994747161865,-4.659489631652832,-4.666262626647949,0.009897500276565552,0.010416666977107525,0.0520833358168602,4.561433792114258,0.02087298594415188,51.38541793823242,51.0,-0.7787179350852966,6.309779644012451,3.0427234172821045,0.520817220211029,0.0416666679084301,0.9583333730697632,-0.0014806989347562194,0.009999999776482582,50.5,0.01825125887989998,0.9895833730697632,0.01576547510921955,0.9998185038566589,0.0,0.010416666977107525,-7.561853408813477,501.32293701171875,4.657994747161865,-4.659489154815674,-4.6670989990234375,0.009897501207888126,0.010416666977107525,0.0520833358168602,4.561433792114258,0.02087298408150673,51.38541793823242,49.75,-0.7787179350852966,4.6348748207092285,0.0,5.260852336883545,1.0,9.999999747378752e-05,9.999999747378752e-06,4.496868133544922,-4.497448444366455,-4.5292863845825195,0.011546343564987183,0.02083333395421505,0.125,4.562015056610107,0.020466405898332596,36.0,27.75,-0.6275672316551208,4.496868133544922,-4.497448444366455,-4.5292863845825195,0.011546343564987183,0.02083333395421505,0.125,4.562015056610107,0.020466405898332596,36.0,27.75,-0.6275672316551208,0.36454546451568604,6.015084266662598,42.8375129699707,1.7549850940704346,4.657994747161865,24.0
1620,22.541505813598633,5.543231964111328e-06,9.999999747378752e-06,1.1202808618545532,4.481123447418213,0.15513600409030914,40.966796875,0.008892285637557507,0.0007070000283420086,0.0710509866476059,-0.000151115091284737,6.661079406738281,6.661079406738281,-4.664277076721191,-11.325357437133789,0.009809404611587524,0.009154713712632656,6.66107953293249e-05,-3.8597047328948975,22.892288208007812,17.334880828857422,20.119943618774414,0.0,0.06717716157436371,3.986424207687378,24.77754783630371,0.982812762260437,0.4091695547103882,0.05179496482014656,1521.0,1556.1600341796875,9.999999747378752e-06,24.0,1.0,333.69012451171875,2.991083860397339,0.06775009632110596,50.5843620300293,1.146694540977478,70.27310180664062,122.00582885742188,2.991015672683716,5.790835857391357,1.0114953517913818,3.274874210357666,6.034575939178467,9.853678703308105,14.245854377746582,11.315427780151367,-11.325357437133789,-10.984943389892578,0.008439131081104279,0.010416666977107525,0.0520833358168602,1.4109634160995483,0.5878256559371948,52.66666793823242,51.0,-10.676443099975586,-10.676443099975586,1.042904257774353,4.659489631652832,-4.662471294403076,-4.669406890869141,0.009851256385445595,0.010416666977107525,0.0520833358168602,4.561433792114258,0.020883943885564804,51.65625,51.0,-0.7922181487083435,6.309779644012451,3.0427234172821045,0.520817220211029,0.0416666679084301,0.9583333730697632,-0.0014806989347562194,0.009999999776482582,50.5,0.01825125887989998,0.9895833730697632,0.015604114159941673,0.9998193979263306,0.0,0.010416666977107525,-7.561853408813477,500.46875,4.659489154815674,-4.662471771240234,-4.675497055053711,0.009851256385445595,0.010416666977107525,0.0520833358168602,4.561433792114258,0.020883943885564804,51.656253814697266,49.75,-0.7922182083129883,4.633993148803711,0.0,5.0577921867370605,1.0,9.999999747378752e-05,9.999999747378752e-06,4.496868133544922,-4.497448444366455,-4.5292863845825195,0.011546343564987183,0.02083333395421505,0.125,4.563207626342773,0.020312879234552383,36.0,29.0,-0.6138510704040527,4.496868133544922,-4.497448444366455,-4.5292863845825195,0.011546343564987183,0.02083333395421505,0.125,4.563207626342773,0.020312879234552383,36.0,29.0,-0.6138510704040527,0.3664501905441284,5.996689319610596,42.7091178894043,1.763571858406067,4.659489154815674,24.0
1630,22.428936004638672,5.686283202521736e-06,9.999999747378752e-06,1.150565505027771,4.602262020111084,0.15609599649906158,40.966796875,0.008811408653855324,0.0006715413765050471,0.07073748856782913,-0.000151115091284737,7.365859508514404,7.365859508514404,-4.600132942199707,-11.965993881225586,0.01048286072909832,0.0021268592681735754,7.365859346464276e-05,-2.1899805068969727,27.464183807373047,15.641111373901367,23.717538833618164,0.0,0.1510663777589798,4.005125045776367,24.905942916870117,0.9827048778533936,0.4110890030860901,0.05179496482014656,1531.0,1565.760009765625,9.999999747378752e-06,24.0,1.0,333.3567199707031,2.9910130500793457,0.07753533124923706,50.357505798339844,1.1370606422424316,69.9063949584961,121.38971710205078,2.990940570831299,5.39436149597168,1.1061429977416992,3.274874210357666,6.204830169677734,9.50246524810791,13.758391380310059,11.325357437133789,-11.574155807495117,-11.00489616394043,0.008439131081104279,0.010416666977107525,0.0520833358168602,1.3975105285644531,0.591300368309021,52.66666793823242,51.0,-10.9345703125,-10.9345703125,1.042904257774353,4.659489631652832,-4.662471294403076,-4.669406890869141,0.009851256385445595,0.010416666977107525,0.0520833358168602,4.561433792114258,0.020883943885564804,51.65625,51.0,-0.7922181487083435,6.322665214538574,3.0687503814697266,0.5222828984260559,0.03125,0.9583333730697632,-0.0014806989347562194,0.009999999776482582,50.5,0.01825125887989998,0.9895833730697632,0.015463866293430328,0.9998259544372559,0.0,0.010416666977107525,-7.561853408813477,500.46875,4.659489154815674,-4.662471771240234,-4.675497055053711,0.009851256385445595,0.010416666977107525,0.0520833358168602,4.561433792114258,0.020883943885564804,51.656253814697266,49.75,-0.7922182083129883,4.646058082580566,0.0,5.052901268005371,1.0,9.999999747378752e-05,9.999999747378752e-06,4.4963884353637695,-4.497448444366455,-4.5292863845825195,0.011588887311518192,0.03125,0.125,4.563207626342773,0.020466405898332596,36.0,29.0,-0.6192970275878906,4.4963884353637695,-4.497448444366455,-4.5292863845825195,0.011588887311518192,0.03125,0.125,4.563207626342773,0.020466405898332596,36.0,29.0,-0.6192970275878906,0.3683491051197052,5.978665351867676,42.58110809326172,1.7739152908325195,4.659489154815674,24.0
1640,22.198474884033203,8.118152436509263e-06,9.999999747378752e-06,1.1219573020935059,4.487829208374023,0.15705600380897522,40.966796875,0.008645238354802132,0.0005716196028515697,0.06546393036842346,-0.00016241674893535674,7.461383819580078,7.461383819580078,-4.64504337310791,-12.106428146362305,0.009929020889103413,0.01264187227934599,7.461383938789368e-05,-4.929000377655029,23.44009017944336,18.043001174926758,21.058883666992188,0.0,0.12327966094017029,4.022800922393799,25.033954620361328,0.9825766682624817,0.4129032790660858,0.05179496482014656,1541.0,1575.3599853515625,9.999999747378752e-06,24.0,1.0,332.68280029296875,2.990844964981079,0.0837264358997345,50.41554260253906,1.1168644428253174,69.88017272949219,121.38971710205078,2.9907844066619873,5.104833602905273,0.9911367893218994,3.1901674270629883,6.036274433135986,9.303112983703613,13.325159072875977,11.574155807495117,-11.644388198852539,-11.082980155944824,0.00905785895884037,0.010416666977107525,0.0520833358168602,1.3836913108825684,0.5943509936332703,52.66666793823242,51.0,-11.046648979187012,-11.046648979187012,1.042904257774353,4.659489631652832,-4.662471294403076,-4.671441078186035,0.009851256385445595,0.010416666977107525,0.0520833358168602,4.562576770782471,0.02087298594415188,51.65625,51.0,-0.7787179350852966,6.376580238342285,3.068856716156006,0.5229140520095825,0.0416666679084301,0.9583333730697632,-0.0008753311703912914,0.009999999776482582,50.5,0.017859071493148804,0.9895833730697632,0.015463866293430328,0.9998284578323364,0.0,0.010416666977107525,-7.550591945648193,500.46875,4.659489154815674,-4.662471771240234,-4.675497055053711,0.009851256385445595,0.010416666977107525,0.0520833358168602,4.562576770782471,0.02087298408150673,51.656253814697266,49.75,-0.7787179350852966,4.646615028381348,0.010416666977107525,5.040323257446289,1.0,9.999999747378752e-05,9.999999747378752e-06,4.497448444366455,-4.500006675720215,-4.5292863845825195,0.011546343564987183,0.03125,0.125,4.563783645629883,0.020036671310663223,36.0,29.0,-0.6138510704040527,4.497448444366455,-4.500006675720215,-4.5292863845825195,0.011546343564987183,0.03125,0.125,4.563783645629883,0.020036671310663223,36.0,29.0,-0.6138510704040527,0.37024232745170593,5.96028995513916,42.45348358154297,1.7788407802581787,4.659489154815674,24.0
1650,22.248550415039062,8.261204129667021e-06,9.999999747378752e-06,1.1386877298355103,4.554750919342041,0.15801599621772766,40.966796875,0.008413427509367466,0.0006715413765050471,0.07073748856782913,-0.00016509441775269806,7.220332145690918,7.220332145690918,-4.696701526641846,-11.917034149169922,0.009465031325817108,0.001357967033982277,7.220331463031471e-05,-2.161682367324829,20.892337799072266,13.814756393432617,20.130849838256836,0.0,0.11386343091726303,4.041076183319092,25.161577224731445,0.9824526309967041,0.41477906703948975,0.05179496482014656,1551.0,1584.9599609375,9.999999747378752e-06,24.0,1.0,331.5604248046875,2.990734577178955,0.08817797154188156,50.45872116088867,1.1019335985183716,69.88365936279297,121.44982147216797,2.990665912628174,5.288627624511719,0.8592672348022461,3.185469150543213,6.036274433135986,9.384450912475586,13.71061897277832,11.644388198852539,-11.6828031539917,-11.163944244384766,0.008439131081104279,0.010416666977107525,0.0520833358168602,1.3836913108825684,0.5943509936332703,52.66666793823242,51.0,-11.068374633789062,-11.068374633789062,1.042904257774353,4.662471294403076,-4.664277076721191,-4.672124862670898,0.009850246831774712,0.010416666977107525,0.0520833358168602,4.562576770782471,0.02087298594415188,51.739585876464844,51.0,-0.7922181487083435,6.429949760437012,3.068856716156006,0.5229140520095825,0.0416666679084301,0.9583333730697632,-0.0014806989347562194,0.009999999776482582,50.5,0.01737257093191147,0.9895833730697632,0.015463866293430328,0.9998284578323364,0.0,0.010416666977107525,-7.561853408813477,500.46875,4.662471771240234,-4.664277076721191,-4.67831563949585,0.009850246831774712,0.010416666977107525,0.0520833358168602,4.562576770782471,0.02087298408150673,51.739585876464844,50.5,-0.7922182083129883,4.643742561340332,0.0,5.132370471954346,1.0,9.999999747378752e-05,9.999999747378752e-06,4.500006675720215,-4.503084182739258,-4.5292863845825195,0.011512622237205505,0.03125,0.125,4.564520835876465,0.020036671310663223,36.218753814697266,29.0,-0.6138510704040527,4.500006675720215,-4.503084182739258,-4.5292863845825195,0.011512622237205505,0.03125,0.125,4.564520835876465,0.020036671310663223,36.218753814697266,29.0,-0.6138510704040527,0.3721298277378082,5.941801071166992,42.32624435424805,1.7788516283035278,4.662471771240234,24.0
1660,21.976318359375,5.102157501823967e-06,9.999999747378752e-06,1.153085708618164,4.612342834472656,0.1589760035276413,40.966796875,0.008645238354802132,0.0007070000283420086,0.0710509866476059,-0.00016241674893535674,7.194853782653809,7.194853782653809,-4.703517436981201,-11.898371696472168,0.009407693520188332,0.0054449643939733505,7.194853242253885e-05,-2.999863862991333,32.46834945678711,18.993337631225586,27.615005493164062,0.0,0.10399799048900604,4.059382438659668,25.288818359375,0.9823459386825562,0.41665804386138916,0.0516369566321373,1561.0,1594.56005859375,9.999999747378752e-06,24.0,1.0,332.029052734375,2.990607976913452,0.09099981188774109,50.07155990600586,1.0864617824554443,69.74623107910156,120.90425109863281,2.990536689758301,5.170093059539795,0.9799180030822754,3.25217342376709,6.2204976081848145,9.828728675842285,13.94092082977295,11.6828031539917,-11.716510772705078,-11.163944244384766,0.008028775453567505,0.0,0.0520833358168602,1.3648242950439453,0.5952288508415222,52.66666793823242,51.0,-11.128110885620117,-11.128110885620117,1.042904257774353,4.662471294403076,-4.664277076721191,-4.672124862670898,0.009850246831774712,0.010416666977107525,0.0520833358168602,4.56220006942749,0.020778443664312363,51.739585876464844,52.0,-0.7787179350852966,6.446519374847412,3.1028294563293457,0.5245013236999512,0.0416666679084301,0.9583333730697632,-0.001716866041533649,0.009999999776482582,50.5,0.0168253593146801,0.9895833730697632,0.015463866293430328,0.9998284578323364,0.0,0.010416666977107525,-7.561853408813477,501.32293701171875,4.662471771240234,-4.664277076721191,-4.691008567810059,0.009850246831774712,0.010416666977107525,0.0520833358168602,4.56220006942749,0.020778443664312363,51.739585876464844,50.5,-0.7787179350852966,4.643742561340332,0.0,5.060091495513916,1.0,9.999999747378752e-05,9.999999747378752e-06,4.503084182739258,-4.50363826751709,-4.531763553619385,0.01148054376244545,0.03125,0.125,4.564520835876465,0.020278992131352425,36.218753814697266,31.0,-0.618330180644989,4.503084182739258,-4.50363826751709,-4.531763553619385,0.01148054376244545,0.03125,0.125,4.564520835876465,0.020278992131352425,36.218753814697266,31.0,-0.618330180644989,0.37401166558265686,5.924248695373535,42.19938278198242,1.7852591276168823,4.662471771240234,24.0
1670,22.220956802368164,5.674362000718247e-06,9.999999747378752e-06,1.1511998176574707,4.604799270629883,0.15993599593639374,40.966796875,0.008413427509367466,0.0007420609472319484,0.0719928964972496,-0.00016241674893535674,7.90235710144043,7.90235710144043,-4.6003522872924805,-12.502710342407227,0.010420111939311028,0.0014755192678421736,7.902357174316421e-05,-0.8242483139038086,34.92643356323242,15.548727035522461,26.430593490600586,0.0,0.07930397987365723,4.076596260070801,25.415678024291992,0.9821062684059143,0.4184248745441437,0.0516369566321373,1571.0,1604.1600341796875,9.999999747378752e-06,24.0,1.0,331.57379150390625,2.990453004837036,0.08240311592817307,48.825828552246094,1.067442774772644,69.10509490966797,118.99836730957031,2.9903693199157715,5.423813819885254,1.2657225131988525,3.843006134033203,6.759514331817627,10.621108055114746,14.947088241577148,11.716510772705078,-11.898371696472168,-11.163944244384766,0.006540327798575163,0.0,0.0520833358168602,1.3648242950439453,0.5952288508415222,52.66666793823242,51.0,-11.246516227722168,-11.246516227722168,1.042904257774353,4.659489631652832,-4.662471294403076,-4.671441078186035,0.009850246831774712,0.010416666977107525,0.0520833358168602,4.562576770782471,0.020382730290293694,51.65625,51.0,-0.7661352157592773,6.537223815917969,3.1028294563293457,0.5254808664321899,0.0416666679084301,0.9479166865348816,-0.00391429616138339,0.009999999776482582,50.5,0.0168253593146801,0.9895833730697632,0.015310375019907951,0.9998340010643005,0.0,0.0,-7.550591945648193,500.46875,4.659489154815674,-4.662471771240234,-4.67831563949585,0.009850246831774712,0.010416666977107525,0.0520833358168602,4.562576770782471,0.020382732152938843,51.656253814697266,49.75,-0.7661352157592773,4.649205207824707,0.010416666977107525,5.014646530151367,1.0,9.999999747378752e-05,9.999999747378752e-06,4.497448444366455,-4.503084182739258,-4.5292863845825195,0.01148054376244545,0.03125,0.125,4.564520835876465,0.020278992131352425,36.0,29.0,-0.6138510704040527,4.497448444366455,-4.503084182739258,-4.5292863845825195,0.01148054376244545,0.03125,0.125,4.564520835876465,0.020278992131352425,36.0,29.0,-0.6138510704040527,0.3758878707885742,5.906642913818359,42.072879791259766,1.7868727445602417,4.659489154815674,24.0
1680,22.342178344726562,5.626678557746345e-06,9.999999747378752e-06,1.117509126663208,4.470036506652832,0.16089600324630737,40.966796875,0.008413427509367466,0.0007433629361912608,0.08863739669322968,-0.00016241674893535674,9.302886009216309,9.302886009216309,-4.653583526611328,-13.956469535827637,0.00976578425616026,0.0031503080390393734,9.302885882789269e-05,-2.5219626426696777,30.413902282714844,18.59886360168457,29.258413314819336,0.0,0.10036753118038177,4.095720291137695,25.54218292236328,0.982042670249939,0.42038777470588684,0.0516369566321373,1581.0,1613.760009765625,9.999999747378752e-06,24.0,1.0,332.4170227050781,2.990311861038208,0.08502699434757233,47.795555114746094,1.0522751808166504,68.610595703125,117.45842742919922,2.990231513977051,5.665692329406738,1.4596123695373535,4.112086296081543,7.741713523864746,11.534629821777344,15.34933853149414,11.898371696472168,-11.917034149169922,-11.26616382598877,0.0054449643939733505,0.0,0.0520833358168602,1.352426290512085,0.5952288508415222,52.85416793823242,51.0,-11.272456169128418,-11.272456169128418,1.0466171503067017,4.659489631652832,-4.662471294403076,-4.669406890869141,0.009809404611587524,0.010416666977107525,0.0416666679084301,4.563327789306641,0.02015228196978569,51.72916793823242,51.0,-0.7543849945068359,6.674880027770996,3.103459358215332,0.5307478904724121,0.0520833358168602,0.9479166865348816,-0.003962728660553694,0.009999999776482582,50.5,0.015568653121590614,0.9895833730697632,0.015310375019907951,0.9998340010643005,0.0,0.0,-7.550591945648193,502.26043701171875,4.659489154815674,-4.662471771240234,-4.675497055053711,0.009809404611587524,0.010416666977107525,0.0416666679084301,4.563327789306641,0.02015228196978569,51.72916793823242,50.0,-0.7543850541114807,4.6512532234191895,0.010416666977107525,5.127885818481445,1.0,9.999999747378752e-05,9.999999747378752e-06,4.498741149902344,-4.503084182739258,-4.5292863845825195,0.011480322107672691,0.03125,0.125,4.565609931945801,0.020036671310663223,36.0,30.0,-0.6121851205825806,4.498741149902344,-4.503084182739258,-4.5292863845825195,0.011480322107672691,0.03125,0.125,4.565609931945801,0.020036671310663223,36.0,30.0,-0.6121851205825806,0.37775883078575134,5.887802600860596,41.94681930541992,1.7871782779693604,4.659489154815674,24.0
1690,22.074819564819336,4.76837158203125e-06,9.999999747378752e-06,1.1511343717575073,4.604537487030029,0.16185599565505981,40.966796875,0.008413427509367466,0.0007433629361912608,0.08863739669322968,-0.00016241674893535674,6.9982829093933105,6.9982829093933105,-4.6927900314331055,-11.691073417663574,0.009564783424139023,0.0039559220895171165,6.99828306096606e-05,-4.058465480804443,19.137666702270508,15.046268463134766,19.096376419067383,0.0,0.09230659902095795,4.113460063934326,25.668243408203125,0.9818928241729736,0.42220860719680786,0.0516369566321373,1591.0,1623.3599853515625,9.999999747378752e-06,24.0,1.0,330.984130859375,2.990265369415283,0.08510766178369522,47.253665924072266,1.0473809242248535,68.03748321533203,116.33757019042969,2.9901840686798096,5.869418621063232,0.734154462814331,3.8306994438171387,7.549334526062012,11.534629821777344,15.133548736572266,11.898371696472168,-11.917034149169922,-11.26616382598877,0.005271602421998978,0.0,0.0416666679084301,1.352426290512085,0.5952288508415222,52.66666793823242,51.0,-11.272456169128418,-11.272456169128418,1.042904257774353,4.662471294403076,-4.664277076721191,-4.671441078186035,0.009781169705092907,0.010416666977107525,0.0416666679084301,4.563614845275879,0.02015228196978569,51.739585876464844,52.0,-0.7543849945068359,6.795749664306641,3.119454860687256,0.5309829115867615,0.0520833358168602,0.9479166865348816,-0.004509566351771355,0.009999999776482582,50.5,0.015568653121590614,0.9895833730697632,0.015310375019907951,0.9998340010643005,0.0,0.0,-7.550591945648193,502.26043701171875,4.662471771240234,-4.664277076721191,-4.675497055053711,0.009781168773770332,0.010416666977107525,0.0416666679084301,4.563614845275879,0.02015228196978569,51.739585876464844,50.0,-0.7543850541114807,4.644306182861328,0.010416666977107525,5.104690074920654,1.0,9.999999747378752e-05,9.999999747378752e-06,4.503084182739258,-4.50363826751709,-4.5292863845825195,0.01145152561366558,0.03125,0.1145833432674408,4.5659027099609375,0.01981082372367382,36.218753814697266,30.0,-0.5934571027755737,4.503084182739258,-4.50363826751709,-4.5292863845825195,0.01145152561366558,0.03125,0.1145833432674408,4.5659027099609375,0.01981082372367382,36.218753814697266,30.0,-0.5934571027755737,0.3796232044696808,5.870316505432129,41.821083068847656,1.7912991046905518,4.662471771240234,24.0
1700,22.983095169067383,5.054474058852065e-06,9.999999747378752e-06,1.1026737689971924,4.4106950759887695,0.16281600296497345,40.966796875,0.008413427509367466,0.0007420609472319484,0.08863739669322968,-0.00016509441775269806,6.633810997009277,6.633810997009277,-4.7071404457092285,-11.340950012207031,0.009315477684140205,0.0031859553419053555,6.633810698986053e-05,-2.544280529022217,19.088350296020508,13.614753723144531,18.113170623779297,0.0,0.10793736577033997,4.131186485290527,25.793975830078125,0.9817719459533691,0.42402806878089905,0.051330018788576126,1601.0,1632.9599609375,9.999999747378752e-06,24.0,1.0,330.3956298828125,2.99027681350708,0.08611255139112473,47.25346374511719,1.0492444038391113,67.71916961669922,116.06827545166016,2.9902000427246094,5.6746721267700195,1.2349128723144531,3.782693386077881,6.710017681121826,10.58559799194336,14.215571403503418,11.898371696472168,-11.917034149169922,-11.216861724853516,0.004591371864080429,0.0,0.0416666679084301,1.3648242950439453,0.5943509936332703,52.85416793823242,51.0,-11.272456169128418,-11.272456169128418,1.0466171503067017,4.662471294403076,-4.664277076721191,-4.672124862670898,0.009781169705092907,0.010416666977107525,0.03125,4.563614845275879,0.02015228196978569,51.739585876464844,53.0,-0.7543849945068359,6.674880027770996,3.103459358215332,0.5307478904724121,0.0416666679084301,0.9479166865348816,-0.005079231224954128,0.009999999776482582,50.5,0.015568653121590614,0.9895833730697632,0.015310375019907951,0.9998340010643005,0.0,0.0,-7.550591945648193,500.46875,4.662471771240234,-4.664277076721191,-4.67831563949585,0.009781168773770332,0.010416666977107525,0.03125,4.563614845275879,0.02015228196978569,51.739585876464844,50.5,-0.7543850541114807,4.639561653137207,0.010416666977107525,4.939995288848877,1.0,9.999999747378752e-05,9.999999747378752e-06,4.503084182739258,-4.50363826751709,-4.5292863845825195,0.01145152561366558,0.03125,0.1145833432674408,4.5659027099609375,0.01980849914252758,36.218753814697266,31.0,-0.5934571027755737,4.503084182739258,-4.50363826751709,-4.5292863845825195,0.01145152561366558,0.03125,0.1145833432674408,4.5659027099609375,0.01980849914252758,36.218753814697266,31.0,-0.5934571027755737,0.3814827501773834,5.8510260581970215,41.69587707519531,1.7951167821884155,4.662471771240234,24.0
1710,23.125782012939453,5.34057608092553e-06,9.999999747378752e-06,1.1132315397262573,4.452926158905029,0.1637759953737259,40.966796875,0.008413427509367466,0.0007433629361912608,0.09477656334638596,-0.00016509441775269806,7.09558629989624,7.09558629989624,-4.677619457244873,-11.77320671081543,0.009621715173125267,0.007373449858278036,7.095586624927819e-05,-3.883992910385132,25.339599609375,15.675307273864746,23.82874870300293,0.0,0.1643228381872177,4.150113582611084,25.919185638427734,0.9814425110816956,0.42597076296806335,0.051330018788576126,1611.0,1642.56005859375,9.999999747378752e-06,24.0,1.0,330.2462158203125,2.990307092666626,0.08611255139112473,47.411651611328125,1.0537586212158203,67.63438415527344,116.09307098388672,2.9902408123016357,5.287996292114258,0.8301963806152344,3.2330069541931152,6.657761096954346,9.98188304901123,13.182188034057617,11.77320671081543,-11.898371696472168,-11.387964248657227,0.004591371864080429,0.0,0.0416666679084301,1.3740657567977905,0.591300368309021,52.85416793823242,51.0,-11.246516227722168,-11.246516227722168,1.0466171503067017,4.664277076721191,-4.66464900970459,-4.672698497772217,0.00976578425616026,0.010416666977107525,0.03125,4.564436912536621,0.019973423331975937,52.3125,53.0,-0.7431005239486694,6.625457763671875,3.1028294563293457,0.5307478904724121,0.0416666679084301,0.9479166865348816,-0.005079231224954128,0.009999999776482582,50.5,0.015568653121590614,0.9895833730697632,0.015463866293430328,0.9998284578323364,0.0,0.0,-7.583244800567627,500.46875,4.664277076721191,-4.66464900970459,-4.692131042480469,0.009765785187482834,0.010416666977107525,0.03125,4.564436912536621,0.019973425194621086,52.3125,51.75,-0.7431005835533142,4.636850357055664,0.010416666977107525,5.072312355041504,1.0,9.999999747378752e-05,9.999999747378752e-06,4.50363826751709,-4.518641471862793,-4.5292863845825195,0.01132352463901043,0.02083333395421505,0.1145833432674408,4.566080570220947,0.01980849914252758,36.78125,31.25,-0.5934571027755737,4.50363826751709,-4.518641471862793,-4.5292863845825195,0.01132352463901043,0.02083333395421505,0.1145833432674408,4.566080570220947,0.01980849914252758,36.78125,31.25,-0.5934571027755737,0.38333454728126526,5.835216999053955,41.57075500488281,1.7967581748962402,4.664277076721191,24.0
1720,22.20551109313965,4.7922135308908764e-06,9.999999747378752e-06,1.144819974899292,4.579279899597168,0.16473600268363953,40.966796875,0.008413427509367466,0.0007420609472319484,0.08863739669322968,-0.00016509441775269806,6.954726219177246,6.954726219177246,-4.62111759185791,-11.575843811035156,0.01030756626278162,0.01344675850123167,6.954726268304512e-05,-4.265271186828613,21.548717498779297,15.357330322265625,20.262290954589844,0.0,0.10770639032125473,4.168762683868408,26.044309616088867,0.9814051389694214,0.42788490653038025,0.05129486694931984,1621.0,1652.1600341796875,9.999999747378752e-06,24.0,1.0,330.2666320800781,2.990320920944214,0.08816704899072647,47.53738784790039,1.0551482439041138,67.62885284423828,116.16820526123047,2.990253210067749,5.2156758308410645,0.4359619617462158,3.0400564670562744,6.311605453491211,9.862030029296875,13.182957649230957,11.77320671081543,-11.898371696472168,-11.387964248657227,0.005271602421998978,0.0,0.0520833358168602,1.3804566860198975,0.5878256559371948,52.85416793823242,51.0,-11.246516227722168,-11.246516227722168,1.0466171503067017,4.662471294403076,-4.664277076721191,-4.672698497772217,0.009781169705092907,0.010416666977107525,0.0416666679084301,4.565080642700195,0.019903242588043213,51.739585876464844,53.0,-0.7382494807243347,6.674880027770996,3.1028294563293457,0.5307478904724121,0.0416666679084301,0.9479166865348816,-0.004509566351771355,0.009999999776482582,50.5,0.015568653121590614,0.9895833730697632,0.015517565421760082,0.9998223781585693,0.0,0.0,-7.550591945648193,499.4375,4.662471771240234,-4.664277076721191,-4.692131042480469,0.009781168773770332,0.010416666977107525,0.0416666679084301,4.5650811195373535,0.019903242588043213,51.739585876464844,51.75,-0.7382495403289795,4.634327411651611,0.010416666977107525,5.098334312438965,1.0,9.999999747378752e-05,9.999999747378752e-06,4.503084182739258,-4.50363826751709,-4.5292863845825195,0.01145152561366558,0.03125,0.125,4.566080570220947,0.01980849914252758,36.218753814697266,31.25,-0.5934571027755737,4.503084182739258,-4.50363826751709,-4.5292863845825195,0.01145152561366558,0.03125,0.125,4.566080570220947,0.01980849914252758,36.218753814697266,31.25,-0.5934571027755737,0.3851850926876068,5.815585136413574,41.446380615234375,1.7991515398025513,4.662471771240234,24.0
1730,22.233409881591797,5.412101927504409e-06,9.999999747378752e-06,1.152504801750183,4.610019207000732,0.16569599509239197,40.966796875,0.008413427509367466,0.0007288772612810135,0.08863739669322968,-0.0002695846778806299,6.369447231292725,6.369447231292725,-4.6143622398376465,-10.983810424804688,0.010302072390913963,0.017308194190263748,6.369446782628074e-05,-4.56844425201416,18.694761276245117,13.31037712097168,15.525723457336426,0.0,0.08643010258674622,4.186828136444092,26.168678283691406,0.981132447719574,0.4297391474246979,0.051330018788576126,1631.0,1661.760009765625,9.999999747378752e-06,24.0,1.0,331.01397705078125,2.9903154373168945,0.08870254456996918,47.76481246948242,1.0541095733642578,67.82093048095703,116.67623138427734,2.990246057510376,4.91320276260376,0.7716083526611328,3.1548564434051514,6.168877601623535,9.862030029296875,13.182957649230957,11.691073417663574,-11.77320671081543,-11.216861724853516,0.0054449643939733505,0.0,0.0520833358168602,1.396148681640625,0.583969235420227,52.54166793823242,51.0,-11.110342979431152,-11.110342979431152,1.0404291152954102,4.659489631652832,-4.664277076721191,-4.672698497772217,0.009809404611587524,0.010416666977107525,0.0416666679084301,4.565080642700195,0.019903242588043213,51.72916793823242,53.0,-0.7382494807243347,6.625457763671875,3.099820137023926,0.5254808664321899,0.0520833358168602,0.9479166865348816,-0.003962728660553694,0.009999999776482582,50.5,0.015568653121590614,0.9895833730697632,0.015517565421760082,0.9998223781585693,0.0,0.0,-7.550591945648193,500.46875,4.659489154815674,-4.664277076721191,-4.692131042480469,0.009809404611587524,0.010416666977107525,0.0416666679084301,4.5650811195373535,0.019903242588043213,51.72916793823242,50.5,-0.7382495403289795,4.641246795654297,0.010416666977107525,5.0600128173828125,1.0,9.999999747378752e-05,9.999999747378752e-06,4.498741149902344,-4.503084182739258,-4.5244927406311035,0.011480322107672691,0.03125,0.125,4.566080570220947,0.01954042725265026,36.0,31.0,-0.5711286664009094,4.498741149902344,-4.503084182739258,-4.5244927406311035,0.011480322107672691,0.03125,0.125,4.566080570220947,0.01954042725265026,36.0,31.0,-0.5711286664009094,0.387024462223053,5.799528121948242,41.321983337402344,1.8048532009124756,4.659489154815674,24.0
1740,22.195371627807617,5.507469268195564e-06,9.999999747378752e-06,1.1384943723678589,4.5539774894714355,0.1666560024023056,40.966796875,0.008508989587426186,0.0007288772612810135,0.08863739669322968,-0.0002695846778806299,7.283904075622559,7.283904075622559,-4.641009330749512,-11.924914360046387,0.009985361248254776,0.0029172764625400305,7.283903687493876e-05,-3.0261781215667725,19.951377868652344,15.730266571044922,18.49135398864746,0.0,0.11624308675527573,4.204866886138916,26.29307746887207,0.9810749888420105,0.4315906763076782,0.052592091262340546,1641.0,1671.3599853515625,9.999999747378752e-06,24.0,1.0,332.08355712890625,2.9902682304382324,0.09387907385826111,47.99903106689453,1.0492668151855469,67.92681121826172,116.97187042236328,2.990204334259033,4.927183628082275,0.8059508800506592,3.407790184020996,6.037656784057617,9.691250801086426,12.749014854431152,11.691073417663574,-11.77320671081543,-11.163944244384766,0.004591371864080429,0.0,0.0520833358168602,1.396148681640625,0.583969235420227,51.520835876464844,51.0,-11.110342979431152,-11.110342979431152,1.020214557647705,4.657368183135986,-4.664277076721191,-4.671441078186035,0.009809404611587524,0.010416666977107525,0.0416666679084301,4.5656023025512695,0.019898947328329086,51.72916793823242,52.0,-0.7300510406494141,6.625457763671875,3.099820137023926,0.5254808664321899,0.0520833358168602,0.9479166865348816,-0.005079231224954128,0.009999999776482582,50.5,0.015568653121590614,0.9895833730697632,0.015517565421760082,0.999822199344635,0.0,0.0,-7.550591945648193,500.46875,4.657368183135986,-4.664277076721191,-4.675497055053711,0.009809404611587524,0.010416666977107525,0.0416666679084301,4.5656023025512695,0.019898947328329086,51.72916793823242,50.0,-0.7300510406494141,4.6448588371276855,0.0,5.269975662231445,1.0,9.999999747378752e-05,9.999999747378752e-06,4.498741149902344,-4.503084182739258,-4.519338607788086,0.011480322107672691,0.03125,0.125,4.566159248352051,0.019340792670845985,35.66666793823242,30.0,-0.5699756145477295,4.498741149902344,-4.503084182739258,-4.519338607788086,0.011480322107672691,0.03125,0.125,4.566159248352051,0.019340792670845985,35.66666793823242,30.0,-0.5699756145477295,0.38886427879333496,5.781526565551758,41.19814682006836,1.8085130453109741,4.657368183135986,24.0
1750,22.485713958740234,5.495548066392075e-06,9.999999747378752e-06,1.1208969354629517,4.483587741851807,0.16761599481105804,40.966796875,0.008508989587426186,0.0007288772612810135,0.08863739669322968,-0.00016509441775269806,5.978004455566406,5.978004455566406,-4.648196220397949,-10.626200675964355,0.0098918117582798,0.028553012758493423,5.978004264761694e-05,-4.040292739868164,20.26007080078125,17.758989334106445,20.08500862121582,0.0,0.09527642279863358,4.221735000610352,26.416913986206055,0.9808062314987183,0.433322012424469,0.05341804400086403,1651.0,1680.9599609375,9.999999747378752e-06,24.0,1.0,331.7800598144531,2.9902589321136475,0.1002131998538971,48.16057205200195,1.0478779077529907,68.35247039794922,117.56037902832031,2.990192413330078,5.012060642242432,0.5979750156402588,3.129124879837036,5.9453959465026855,9.696393966674805,12.5166015625,11.644388198852539,-11.691073417663574,-10.964762687683105,0.0054449643939733505,0.0,0.0520833358168602,1.396148681640625,0.583969235420227,51.44791793823242,51.0,-11.046648979187012,-11.046648979187012,1.018770694732666,4.653583526611328,-4.657368183135986,-4.652695655822754,0.009850246831774712,0.010416666977107525,0.0416666679084301,4.565808296203613,0.019770734012126923,51.625,51.0,-0.7291960716247559,6.625457763671875,3.099820137023926,0.5254808664321899,0.0520833358168602,0.9479166865348816,-0.003962728660553694,0.009999999776482582,50.5,0.015568653121590614,0.9895833730697632,0.015517565421760082,0.999822199344635,0.0,0.010416666977107525,-7.530709266662598,499.4375,4.653583526611328,-4.657368183135986,-4.662121295928955,0.009850246831774712,0.010416666977107525,0.0416666679084301,4.565808296203613,0.019770734012126923,51.625,50.0,-0.7291961312294006,4.632575511932373,0.010416666977107525,5.399065971374512,1.0,9.999999747378752e-05,9.999999747378752e-06,4.498741149902344,-4.503084182739258,-4.519338607788086,0.011480322107672691,0.03125,0.1354166716337204,4.569299221038818,0.019340792670845985,35.66666793823242,30.0,-0.5683386921882629,4.498741149902344,-4.503084182739258,-4.519338607788086,0.011480322107672691,0.03125,0.1354166716337204,4.569299221038818,0.019340792670845985,35.66666793823242,30.0,-0.5683386921882629,0.3906957507133484,5.763400554656982,41.07471466064453,1.81350839138031,4.653583526611328,24.0
1760,22.383625030517578,5.686283202521736e-06,9.999999747378752e-06,1.1452538967132568,4.581015586853027,0.16857600212097168,40.966796875,0.008508989587426186,0.0007288772612810135,0.08863739669322968,-0.00016509441775269806,6.888600826263428,6.888600826263428,-4.661116600036621,-11.549718856811523,0.00992066040635109,0.012405510060489178,6.888600182719529e-05,-4.225028991699219,27.89266014099121,14.993208885192871,22.977184295654297,0.0,0.0982993096113205,4.241518020629883,26.54034423828125,0.9805999398231506,0.4353525638580322,0.05341804400086403,1661.0,1690.56005859375,9.999999747378752e-06,24.0,1.0,331.701416015625,2.990292549133301,0.09820692241191864,48.263553619384766,1.051959753036499,68.75033569335938,118.06584930419922,2.9902310371398926,4.97832727432251,0.5287742614746094,3.188486337661743,6.42319917678833,9.723708152770996,12.876245498657227,11.575843811035156,-11.691073417663574,-10.964762687683105,0.006540327798575163,0.010416666977107525,0.0520833358168602,1.396148681640625,0.583969235420227,51.44791793823242,50.0,-11.02876091003418,-11.02876091003418,1.018770694732666,4.653583526611328,-4.657368183135986,-4.671441078186035,0.0098918117582798,0.010416666977107525,0.0520833358168602,4.5656023025512695,0.019770734012126923,51.625,52.0,-0.7291960716247559,6.625457763671875,3.1028294563293457,0.5307478904724121,0.0520833358168602,0.9479166865348816,-0.00391429616138339,0.009999999776482582,50.5,0.015568653121590614,1.0,0.015604114159941673,0.9998170137405396,0.0,0.0,-7.530709266662598,498.97918701171875,4.653583526611328,-4.657368183135986,-4.675497055053711,0.0098918117582798,0.010416666977107525,0.0520833358168602,4.5656023025512695,0.019770734012126923,51.625,50.5,-0.7291961312294006,4.6334428787231445,0.010416666977107525,4.8636369705200195,1.0,9.999999747378752e-05,9.999999747378752e-06,4.503084182739258,-4.50363826751709,-4.52371072769165,0.01145152561366558,0.03125,0.1354166716337204,4.569552898406982,0.019340792670845985,36.218753814697266,31.25,-0.5683386921882629,4.503084182739258,-4.50363826751709,-4.52371072769165,0.01145152561366558,0.03125,0.1354166716337204,4.569552898406982,0.019340792670845985,36.218753814697266,31.25,-0.5683386921882629,0.3925212323665619,5.7466959953308105,40.951541900634766,1.8265697956085205,4.653583526611328,24.0
1770,21.890399932861328,5.0902367547678296e-06,9.999999747378752e-06,1.1494319438934326,4.5977277755737305,0.16953599452972412,40.966796875,0.008645238354802132,0.0007288772612810135,0.08863739669322968,-0.0002035649522440508,7.010817527770996,7.010817527770996,-4.655791282653809,-11.666608810424805,0.009825969114899635,0.0007672821520827711,7.010817353148013e-05,-1.0411708354949951,24.241357803344727,14.782604217529297,20.272014617919922,0.0,0.09145551174879074,4.259173393249512,26.66352081298828,0.9804425239562988,0.4371647238731384,0.05341804400086403,1671.0,1700.1600341796875,9.999999747378752e-06,24.0,1.0,333.6242370605469,2.9904210567474365,0.09302350878715515,48.3048095703125,1.0657005310058594,69.14855194091797,118.53956604003906,2.990352153778076,4.914003372192383,1.1391737461090088,3.4185116291046143,6.42319917678833,10.195353507995605,13.362709045410156,11.666608810424805,-11.691073417663574,-11.028143882751465,0.0054449643939733505,0.010416666977107525,0.0520833358168602,1.3804566860198975,0.584396481513977,51.44791793823242,50.0,-11.071104049682617,-11.071104049682617,1.018770694732666,4.653583526611328,-4.655791282653809,-4.658873558044434,0.009850246831774712,0.010416666977107525,0.0416666679084301,4.565808296203613,0.019762877374887466,51.72916793823242,52.0,-0.7203119993209839,6.650257110595703,3.103459358215332,0.5309829115867615,0.0520833358168602,0.9479166865348816,-0.003962728660553694,0.009999999776482582,50.5,0.016640152782201767,1.0,0.015604114159941673,0.9998170137405396,0.0,0.0,-7.528876781463623,496.2396240234375,4.653583526611328,-4.655791282653809,-4.662121295928955,0.009850246831774712,0.010416666977107525,0.0416666679084301,4.565808296203613,0.019762875512242317,51.72916793823242,50.5,-0.7203119993209839,4.638509750366211,0.010416666977107525,4.7108001708984375,1.0,9.999999747378752e-05,9.999999747378752e-06,4.503084182739258,-4.50363826751709,-4.5218119621276855,0.01145152561366558,0.03125,0.1354166716337204,4.569889068603516,0.01923404633998871,36.218753814697266,31.25,-0.567146897315979,4.503084182739258,-4.50363826751709,-4.5218119621276855,0.01145152561366558,0.03125,0.1354166716337204,4.569889068603516,0.01923404633998871,36.218753814697266,31.25,-0.567146897315979,0.39434298872947693,5.728381633758545,40.828853607177734,1.8361563682556152,4.653583526611328,24.0
1780,22.184825897216797,5.674362000718247e-06,9.999999747378752e-06,1.1486537456512451,4.5946149826049805,0.17049600183963776,40.966796875,0.008508989587426186,0.0007288772612810135,0.08863739669322968,-0.0002035649522440508,7.328917503356934,7.328917503356934,-4.657601833343506,-11.986518859863281,0.009820069186389446,0.009978100657463074,7.328917126869783e-05,-4.249691963195801,26.38751983642578,17.878170013427734,22.50669288635254,0.0,0.07294326275587082,4.277606010437012,26.786209106445312,0.9803314208984375,0.4390566647052765,0.05322179198265076,1681.0,1709.760009765625,9.999999747378752e-06,24.0,1.0,334.4855041503906,2.990601062774658,0.08982206881046295,48.18748092651367,1.086764931678772,69.40721893310547,118.7275390625,2.9905309677124023,5.579363822937012,1.2597925662994385,3.6242761611938477,6.66923713684082,10.41191291809082,14.292821884155273,11.691073417663574,-11.77320671081543,-11.028143882751465,0.0054449643939733505,0.010416666977107525,0.0520833358168602,1.374474048614502,0.5878256559371948,51.44791793823242,50.0,-11.110342979431152,-11.110342979431152,1.018770694732666,4.655791282653809,-4.657368183135986,-4.658873558044434,0.009825969114899635,0.010416666977107525,0.0416666679084301,4.565808296203613,0.019762877374887466,51.72916793823242,52.0,-0.7291960716247559,6.795749664306641,3.1391520500183105,0.5333832502365112,0.0520833358168602,0.9479166865348816,-0.003962728660553694,0.009999999776482582,50.5,0.017191875725984573,0.9895833730697632,0.015688065439462662,0.9998135566711426,0.0,0.0,-7.5285468101501465,486.01043701171875,4.655791282653809,-4.657368183135986,-4.662121295928955,0.009825969114899635,0.010416666977107525,0.0416666679084301,4.565808296203613,0.019762875512242317,51.72916793823242,50.5,-0.7291961312294006,4.63624906539917,0.010416666977107525,4.8253607749938965,1.0,9.999999747378752e-05,9.999999747378752e-06,4.50363826751709,-4.512053966522217,-4.5218119621276855,0.011372148990631104,0.03125,0.1145833432674408,4.569889068603516,0.01923404633998871,36.78125,31.5,-0.567146897315979,4.50363826751709,-4.512053966522217,-4.5218119621276855,0.011372148990631104,0.03125,0.1145833432674408,4.569889068603516,0.01923404633998871,36.78125,31.5,-0.567146897315979,0.39615750312805176,5.710014343261719,40.70659255981445,1.843271017074585,4.655791282653809,24.0
1790,22.15312957763672,5.495548066392075e-06,9.999999747378752e-06,1.1523659229278564,4.609463691711426,0.1714559942483902,40.966796875,0.008300570771098137,0.0007288772612810135,0.09477656334638596,-0.0002035649522440508,7.0739970207214355,7.0739970207214355,-4.72709846496582,-11.801095962524414,0.009213821962475777,0.013230247423052788,7.073997403495014e-05,-4.405022144317627,23.36161994934082,15.203965187072754,17.185583114624023,0.0,0.0636269599199295,4.295471668243408,26.908470153808594,0.9800992608070374,0.4408904016017914,0.052592091262340546,1691.0,1719.3599853515625,9.999999747378752e-06,24.0,1.0,334.731689453125,2.9907820224761963,0.07808009535074234,48.18376159667969,1.1085796356201172,69.68314361572266,118.9240493774414,2.990708827972412,5.453752517700195,1.6868863105773926,4.059353828430176,6.951652526855469,10.789566040039062,14.621530532836914,11.77320671081543,-11.801095962524414,-11.163944244384766,0.007373449858278036,0.010416666977107525,0.0520833358168602,1.3740657567977905,0.5878256559371948,51.4375,50.0,-11.246516227722168,-11.246516227722168,1.0185643434524536,4.655791282653809,-4.657368183135986,-4.671441078186035,0.009825969114899635,0.010416666977107525,0.0416666679084301,4.5656023025512695,0.019762877374887466,51.72916793823242,52.0,-0.7291960716247559,6.8276567459106445,3.1416726112365723,0.5339311361312866,0.0520833358168602,0.9375,-0.0022482655476778746,0.009999999776482582,50.5,0.01737257093191147,0.9895833730697632,0.015688065439462662,0.9998170137405396,0.0,0.010416666977107525,-7.516619682312012,486.01043701171875,4.655791282653809,-4.657368183135986,-4.675497055053711,0.009825969114899635,0.010416666977107525,0.0416666679084301,4.5656023025512695,0.019762875512242317,51.72916793823242,51.75,-0.7291961312294006,4.63624906539917,0.010416666977107525,4.87014627456665,1.0,9.999999747378752e-05,9.999999747378752e-06,4.512053966522217,-4.518641471862793,-4.52371072769165,0.01131624635308981,0.03125,0.1145833358168602,4.569889068603516,0.019093792885541916,37.57291793823242,32.0,-0.567146897315979,4.512053966522217,-4.518641471862793,-4.52371072769165,0.01131624635308981,0.03125,0.1145833358168602,4.569889068603516,0.019093792885541916,37.57291793823242,32.0,-0.567146897315979,0.397965669631958,5.693490028381348,40.58449935913086,1.8437769412994385,4.655791282653809,24.0
1800,22.37184715270996,4.51803225587355e-06,9.999999747378752e-06,1.0852017402648926,4.34080696105957,0.17241600155830383,40.966796875,0.007780040614306927,0.0007288772612810135,0.09665548801422119,-0.0002713699941523373,8.340315818786621,8.340315818786621,-4.631604194641113,-12.971920013427734,0.01019170694053173,0.01778450421988964,8.340315253008157e-05,-4.5404767990112305,25.24142074584961,16.8402099609375,24.446792602539062,0.0,0.08588134497404099,4.3132405281066895,27.030563354492188,0.979986310005188,0.44271421432495117,0.052592091262340546,1701.0,1728.9599609375,9.999999747378752e-06,24.0,1.0,334.01214599609375,2.9909300804138184,0.07558578252792358,48.67790985107422,1.1261515617370605,70.28943634033203,120.09449005126953,2.9908504486083984,5.545920372009277,1.6316454410552979,4.083736896514893,7.211394309997559,11.008251190185547,14.882844924926758,11.801095962524414,-11.898371696472168,-11.216861724853516,0.007373449858278036,0.010416666977107525,0.0520833358168602,1.3648242950439453,0.5878256559371948,51.44791793823242,50.0,-11.253393173217773,-11.253393173217773,1.018770694732666,4.655791282653809,-4.657368183135986,-4.671441078186035,0.009825969114899635,0.010416666977107525,0.0416666679084301,4.5656023025512695,0.019770734012126923,51.72916793823242,52.0,-0.7291960716247559,6.8286848068237305,3.1592299938201904,0.534106969833374,0.0625,0.9375,-0.0022482655476778746,0.009999999776482582,50.5,0.01737257093191147,0.9895833730697632,0.01587720401585102,0.9998135566711426,0.0,0.010416666977107525,-7.516619682312012,486.01043701171875,4.655791282653809,-4.657368183135986,-4.6771464347839355,0.009825969114899635,0.010416666977107525,0.0416666679084301,4.5656023025512695,0.019770734012126923,51.72916793823242,51.75,-0.7291961312294006,4.631604194641113,0.010416666977107525,4.900707721710205,1.0,9.999999747378752e-05,9.999999747378752e-06,4.512053966522217,-4.518641471862793,-4.5244927406311035,0.01131624635308981,0.03125,0.1145833358168602,4.569889068603516,0.01923404633998871,37.57291793823242,32.0,-0.5683386921882629,4.512053966522217,-4.518641471862793,-4.5244927406311035,0.01131624635308981,0.03125,0.1145833358168602,4.569889068603516,0.01923404633998871,37.57291793823242,32.0,-0.5683386921882629,0.39977139234542847,5.676314353942871,40.46284866333008,1.8498750925064087,4.655791282653809,24.0
1810,23.113750457763672,5.2213667913747486e-06,9.999999747378752e-06,1.0857956409454346,4.343182563781738,0.17337599396705627,40.966796875,0.008300570771098137,0.0007288772612810135,0.09665548801422119,-0.0002713699941523373,5.731442928314209,5.731442928314209,-4.684075355529785,-10.415517807006836,0.009527817368507385,0.00392538495361805,5.731442433898337e-05,-2.417006492614746,20.467792510986328,12.943244934082031,17.39438247680664,0.0,0.10365457832813263,4.330043315887451,27.152212142944336,0.979766845703125,0.4444388747215271,0.051330018788576126,1711.0,1738.56005859375,9.999999747378752e-06,24.0,1.0,332.2227783203125,2.990903377532959,0.07925605773925781,49.11914825439453,1.1228654384613037,70.74161529541016,120.96430206298828,2.990828514099121,5.4620361328125,1.0742862224578857,3.6370034217834473,7.159041404724121,10.552400588989258,14.525424003601074,11.77320671081543,-11.801095962524414,-11.216861724853516,0.0054449643939733505,0.010416666977107525,0.0520833358168602,1.3648242950439453,0.5926640033721924,51.4375,50.0,-11.246516227722168,-11.246516227722168,1.0185643434524536,4.655791282653809,-4.657601833343506,-4.671441078186035,0.009820069186389446,0.010416666977107525,0.0416666679084301,4.565808296203613,0.019770734012126923,51.72916793823242,52.0,-0.7203119993209839,6.8276567459106445,3.1592299938201904,0.534106969833374,0.0625,0.9375,-0.003962728660553694,0.009999999776482582,50.5,0.01737257093191147,0.9895833730697632,0.016097676008939743,0.9998119473457336,0.0,0.010416666977107525,-7.516619682312012,486.01043701171875,4.655791282653809,-4.657601356506348,-4.6771464347839355,0.009820070117712021,0.010416666977107525,0.0416666679084301,4.565808296203613,0.019770734012126923,51.72916793823242,51.75,-0.7203119993209839,4.631604194641113,0.010416666977107525,4.953507423400879,1.0,9.999999747378752e-05,9.999999747378752e-06,4.512053966522217,-4.520021438598633,-4.5244927406311035,0.01129072718322277,0.0416666679084301,0.1145833358168602,4.571135520935059,0.01923404633998871,37.57291793823242,32.0,-0.5683386921882629,4.512053966522217,-4.520021438598633,-4.5244927406311035,0.01129072718322277,0.0416666679084301,0.1145833358168602,4.571135520935059,0.01923404633998871,37.57291793823242,32.0,-0.5683386921882629,0.40157052874565125,5.659185886383057,40.34160614013672,1.8544093370437622,4.655791282653809,24.0
1820,22.51422119140625,5.578994660027092e-06,9.999999747378752e-06,1.157312035560608,4.629248142242432,0.1743360012769699,40.966796875,0.008508989587426186,0.0007490036659874022,0.09665548801422119,-0.0002713699941523373,7.3120245933532715,7.3120245933532715,-4.632292747497559,-11.944316864013672,0.010119526647031307,0.0062335459515452385,7.312024536076933e-05,-3.2561941146850586,19.964200973510742,17.35772705078125,19.271484375,0.0,0.06093034893274307,4.348147392272949,27.273456573486328,0.9795986413955688,0.4462970793247223,0.052592091262340546,1721.0,1748.1600341796875,9.999999747378752e-06,24.0,1.0,332.12042236328125,2.990699291229248,0.08059322088956833,49.06187438964844,1.0982681512832642,70.69390869140625,120.85404968261719,2.9906318187713623,5.085870742797852,0.8205533027648926,3.0398874282836914,6.4364166259765625,9.688570022583008,13.17165756225586,11.801095962524414,-11.898371696472168,-11.387964248657227,0.0054449643939733505,0.010416666977107525,0.0520833358168602,1.3370347023010254,0.5952288508415222,51.44791793823242,49.0,-11.253393173217773,-11.253393173217773,1.018770694732666,4.653583526611328,-4.655791282653809,-4.659031867980957,0.009825969114899635,0.010416666977107525,0.0416666679084301,4.56674861907959,0.019663061946630478,51.625,51.0,-0.7091447710990906,6.8286848068237305,3.1642704010009766,0.534186065196991,0.0625,0.9375,-0.003962728660553694,0.009999999776482582,50.5,0.01737257093191147,0.9895833730697632,0.016097676008939743,0.9998119473457336,0.0,0.010416666977107525,-7.516619682312012,486.01043701171875,4.653583526611328,-4.655791282653809,-4.6771464347839355,0.009825969114899635,0.010416666977107525,0.0416666679084301,4.56674861907959,0.019663061946630478,51.625,51.75,-0.7091448307037354,4.635074138641357,0.010416666977107525,4.970890998840332,1.0,9.999999747378752e-05,9.999999747378752e-06,4.512053966522217,-4.520021438598633,-4.5244927406311035,0.01129072718322277,0.03125,0.1145833358168602,4.571135520935059,0.01909094676375389,37.57291793823242,31.5,-0.5683386921882629,4.512053966522217,-4.520021438598633,-4.5244927406311035,0.01129072718322277,0.03125,0.1145833358168602,4.571135520935059,0.01909094676375389,37.57291793823242,31.5,-0.5683386921882629,0.4033637046813965,5.641153335571289,40.220741271972656,1.855589509010315,4.653583526611328,24.0
1830,21.83774185180664,4.756450834975112e-06,9.999999747378752e-06,1.1559171676635742,4.623668670654297,0.17529599368572235,40.966796875,0.00876768771559,0.0007533375755883753,0.09665548801422119,-0.0002713699941523373,6.612260341644287,6.612260341644287,-4.669857025146484,-11.28211784362793,0.009636934846639633,0.005952872335910797,6.612260040128604e-05,-2.770648956298828,21.204055786132812,16.25332260131836,21.04084014892578,0.0,0.09514865279197693,4.366389751434326,27.394319534301758,0.9795422554016113,0.4481694996356964,0.052592091262340546,1731.0,1757.760009765625,9.999999747378752e-06,24.0,1.0,331.67645263671875,2.9904978275299072,0.07649717479944229,48.58192825317383,1.0756911039352417,69.92219543457031,119.5798110961914,2.9904403686523438,5.252708911895752,0.7799499034881592,3.060929298400879,6.241681098937988,9.499451637268066,13.156982421875,11.77320671081543,-11.801095962524414,-11.216861724853516,0.005952872335910797,0.010416666977107525,0.0520833358168602,1.3648242950439453,0.5926640033721924,50.66666793823242,49.0,-11.246516227722168,-11.246516227722168,1.0033003091812134,4.655791282653809,-4.657601833343506,-4.659031867980957,0.009820069186389446,0.010416666977107525,0.0416666679084301,4.56696891784668,0.0192042775452137,51.72916793823242,54.0,-0.6930047869682312,6.8286848068237305,3.1592299938201904,0.534106969833374,0.0625,0.9375,-0.003885981161147356,0.009999999776482582,50.5,0.01737257093191147,0.9895833730697632,0.01609926111996174,0.9997965097427368,0.0,0.010416666977107525,-7.516619682312012,486.01043701171875,4.655791282653809,-4.657601356506348,-4.6771464347839355,0.009820070117712021,0.010416666977107525,0.0416666679084301,4.566969394683838,0.0192042775452137,51.72916793823242,51.75,-0.6930047869682312,4.638077735900879,0.010416666977107525,4.970890998840332,1.0,9.999999747378752e-05,9.999999747378752e-06,4.520021438598633,-4.52236270904541,-4.5244927406311035,0.01122246216982603,0.03125,0.1041666716337204,4.571235179901123,0.018759259954094887,37.614585876464844,31.75,-0.567146897315979,4.520021438598633,-4.52236270904541,-4.5244927406311035,0.01122246216982603,0.03125,0.1041666716337204,4.571235179901123,0.018759259954094887,37.614585876464844,31.75,-0.567146897315979,0.40515121817588806,5.6233320236206055,40.100250244140625,1.8560805320739746,4.655791282653809,24.0
1840,22.5199031829834,4.649162292480469e-06,9.999999747378752e-06,1.0853679180145264,4.3414716720581055,0.176256000995636,40.966796875,0.009049195796251297,0.0007533375755883753,0.09665548801422119,-0.0002713699941523373,7.681344509124756,7.681344509124756,-4.64658260345459,-12.327926635742188,0.010066693648695946,0.004962400533258915,7.68134486861527e-05,-3.5800905227661133,25.655864715576172,18.26243782043457,23.033430099487305,0.0,0.1170799508690834,4.383032321929932,27.51481056213379,0.979264497756958,0.44987770915031433,0.05322179198265076,1741.0,1767.3599853515625,9.999999747378752e-06,24.0,1.0,332.6099853515625,2.990492105484009,0.084015391767025,48.19028091430664,1.073749303817749,68.7405776977539,118.00377655029297,2.990422248840332,5.402406215667725,0.5300116539001465,3.1086039543151855,6.290444374084473,9.499451637268066,13.646526336669922,11.77320671081543,-11.801095962524414,-11.216861724853516,0.0054449643939733505,0.010416666977107525,0.0520833358168602,1.3648242950439453,0.5926640033721924,50.66666793823242,48.0,-11.246516227722168,-11.246516227722168,1.0033003091812134,4.655791282653809,-4.657601833343506,-4.659031867980957,0.009820069186389446,0.010416666977107525,0.0416666679084301,4.56674861907959,0.019663061946630478,51.72916793823242,51.0,-0.7091447710990906,6.938175201416016,3.1592299938201904,0.534186065196991,0.0625,0.9375,-0.003962728660553694,0.009999999776482582,50.5,0.01737257093191147,0.9895833730697632,0.016097676008939743,0.9997965097427368,0.0,0.010416666977107525,-7.516619682312012,479.26043701171875,4.655791282653809,-4.657601356506348,-4.6771464347839355,0.009820070117712021,0.010416666977107525,0.0416666679084301,4.56674861907959,0.019663061946630478,51.72916793823242,51.0,-0.7091448307037354,4.643043518066406,0.010416666977107525,4.9748430252075195,1.0,9.999999747378752e-05,9.999999747378752e-06,4.520021438598633,-4.52236270904541,-4.5244927406311035,0.01122246216982603,0.03125,0.1041666716337204,4.571235179901123,0.018759259954094887,37.614585876464844,31.75,-0.567146897315979,4.520021438598633,-4.52236270904541,-4.5244927406311035,0.01122246216982603,0.03125,0.1041666716337204,4.571235179901123,0.018759259954094887,37.614585876464844,31.75,-0.567146897315979,0.4069332182407379,5.60813045501709,39.97995376586914,1.8574535846710205,4.655791282653809,24.0
1850,22.73687744140625,5.054474058852065e-06,9.999999747378752e-06,1.114644169807434,4.458576679229736,0.17721599340438843,40.966796875,0.00929589569568634,0.0007533375755883753,0.09477656334638596,-0.0002035649522440508,8.08991527557373,8.08991527557373,-4.6653547286987305,-12.755270004272461,0.009636237286031246,0.005345141049474478,8.08991608209908e-05,-2.8961639404296875,29.376956939697266,23.32777976989746,28.84687042236328,0.0,0.10317622870206833,4.400083065032959,27.635107040405273,0.9790760278701782,0.45162779092788696,0.05322179198265076,1751.0,1776.9599609375,9.999999747378752e-06,24.0,1.0,333.1063232421875,2.990532398223877,0.09259811043739319,47.84013366699219,1.0781253576278687,67.91448211669922,116.83296203613281,2.9904537200927734,6.4233880043029785,0.8043925762176514,3.445305347442627,6.669363021850586,10.416973114013672,15.302075386047363,11.77320671081543,-11.801095962524414,-11.216861724853516,0.0054449643939733505,0.010416666977107525,0.0520833358168602,1.3217315673828125,0.5937929153442383,50.66666793823242,48.0,-11.253393173217773,-11.253393173217773,1.0033003091812134,4.655791282653809,-4.657601833343506,-4.659031867980957,0.009820069186389446,0.010416666977107525,0.0416666679084301,4.565808296203613,0.019663061946630478,51.72916793823242,51.0,-0.7091447710990906,7.005169868469238,3.1642704010009766,0.5342862010002136,0.0625,0.9375,-0.003962728660553694,0.009999999776482582,50.5,0.017191875725984573,0.9895833730697632,0.01587720401585102,0.9997965097427368,0.0,0.010416666977107525,-7.516619682312012,477.3437805175781,4.655791282653809,-4.657601356506348,-4.659015655517578,0.009820070117712021,0.010416666977107525,0.0416666679084301,4.565808296203613,0.019663061946630478,51.72916793823242,50.75,-0.7091448307037354,4.633685111999512,0.010416666977107525,4.971765518188477,1.0,9.999999747378752e-05,9.999999747378752e-06,4.512053966522217,-4.520021438598633,-4.549869537353516,0.01122246216982603,0.03125,0.1041666716337204,4.571135520935059,0.018759259954094887,37.57291793823242,32.25,-0.567146897315979,4.512053966522217,-4.520021438598633,-4.549869537353516,0.01122246216982603,0.03125,0.1041666716337204,4.571135520935059,0.018759259954094887,37.57291793823242,32.25,-0.567146897315979,0.40871235728263855,5.590370178222656,39.86017990112305,1.857798457145691,4.655791282653809,24.0
1860,22.589229583740234,5.447864623420173e-06,9.999999747378752e-06,1.1268775463104248,4.507510185241699,0.17817600071430206,40.966796875,0.00929589569568634,0.0007490036659874022,0.09110060334205627,-0.0002035649522440508,7.950623989105225,7.950623989105225,-4.641589164733887,-12.592214584350586,0.009960679337382317,0.0025289743207395077,7.95062369434163e-05,-1.7795372009277344,33.45356750488281,21.942520141601562,24.630382537841797,0.0,0.11966696381568909,4.41828727722168,27.7548828125,0.9790418148040771,0.4534963071346283,0.054099082946777344,1761.0,1786.56005859375,9.999999747378752e-06,24.0,1.0,333.0173034667969,2.9905714988708496,0.09289070218801498,47.597557067871094,1.082984209060669,67.2218246459961,115.89202880859375,2.9904918670654297,6.4233880043029785,0.8043925762176514,3.435375690460205,6.846269607543945,10.931640625,16.000593185424805,11.77320671081543,-11.801095962524414,-11.387964248657227,0.005345141049474478,0.010416666977107525,0.0520833358168602,1.3122620582580566,0.5937929153442383,50.66666793823242,49.0,-11.253393173217773,-11.253393173217773,1.0033003091812134,4.653583526611328,-4.655791282653809,-4.658873558044434,0.009825969114899635,0.010416666977107525,0.0416666679084301,4.56674861907959,0.019663061946630478,51.427085876464844,51.0,-0.6930047869682312,7.0422210693359375,3.1642704010009766,0.5359522700309753,0.0625,0.9375,-0.004291096702218056,0.009999999776482582,50.5,0.017585383728146553,0.9895833730697632,0.016850300133228302,0.9997901320457458,0.0,0.010416666977107525,-7.5285468101501465,477.3437805175781,4.653583526611328,-4.655791282653809,-4.654573440551758,0.009825969114899635,0.010416666977107525,0.0416666679084301,4.56674861907959,0.019663061946630478,51.427085876464844,50.75,-0.6930047869682312,4.640271186828613,0.0,4.971765518188477,1.0,9.999999747378752e-05,9.999999747378752e-06,4.510541915893555,-4.512053966522217,-4.548242568969727,0.01133051048964262,0.03125,0.125,4.571135520935059,0.018617840483784676,37.57291793823242,32.25,-0.5385472178459167,4.510541915893555,-4.512053966522217,-4.548242568969727,0.01133051048964262,0.03125,0.125,4.571135520935059,0.018617840483784676,37.57291793823242,32.25,-0.5385472178459167,0.41048380732536316,5.572484970092773,39.74080276489258,1.8668402433395386,4.653583526611328,24.0
1870,22.43594741821289,5.388259978644783e-06,9.999999747378752e-06,1.148911714553833,4.595646858215332,0.1791359931230545,40.966796875,0.00968892127275467,0.0007490036659874022,0.09110060334205627,-0.00015580689068883657,7.589755535125732,7.589755535125732,-4.613691329956055,-12.203447341918945,0.010214066132903099,0.005921103060245514,7.589755114167929e-05,-3.1901040077209473,47.490478515625,16.772720336914062,37.26832962036133,0.0,0.3233509063720703,4.434697151184082,27.874258041381836,0.9788200855255127,0.4551806151866913,0.054099082946777344,1771.0,1796.1600341796875,9.999999747378752e-06,24.0,1.0,332.2930908203125,2.9905707836151123,0.09181332588195801,47.667633056640625,1.0828297138214111,67.03076171875,115.82245635986328,2.990490674972534,6.216660499572754,0.8969502449035645,3.3576104640960693,6.745552062988281,10.743806838989258,15.823227882385254,11.77320671081543,-11.801095962524414,-11.257652282714844,0.005921103060245514,0.010416666977107525,0.0520833358168602,1.2983063459396362,0.6158272624015808,50.66666793823242,48.0,-11.253393173217773,-11.253393173217773,1.0033003091812134,4.653583526611328,-4.655791282653809,-4.658873558044434,0.009825969114899635,0.010416666977107525,0.0416666679084301,4.56674861907959,0.0192246250808239,51.427085876464844,51.0,-0.6930047869682312,7.0422210693359375,3.169457197189331,0.5359978675842285,0.0625,0.9375,-0.004291096702218056,0.009999999776482582,50.5,0.01762791909277439,0.9895833730697632,0.01699766330420971,0.999786376953125,0.0,0.010416666977107525,-7.5285468101501465,474.3020935058594,4.653583526611328,-4.655791282653809,-4.659015655517578,0.009825969114899635,0.010416666977107525,0.0416666679084301,4.56674861907959,0.0192246250808239,51.427085876464844,50.75,-0.6930047869682312,4.640271186828613,0.010416666977107525,4.625316143035889,1.0,9.999999747378752e-05,9.999999747378752e-06,4.510541915893555,-4.512053966522217,-4.548242568969727,0.01133051048964262,0.0416666679084301,0.1145833358168602,4.571135520935059,0.018531616777181625,37.57291793823242,32.25,-0.5189803838729858,4.510541915893555,-4.512053966522217,-4.548242568969727,0.01133051048964262,0.0416666679084301,0.1145833358168602,4.571135520935059,0.018531616777181625,37.57291793823242,32.25,-0.5189803838729858,0.41224929690361023,5.555110454559326,39.62174606323242,1.8732447624206543,4.653583526611328,24.0
1880,21.998287200927734,5.3524972827290185e-06,9.999999747378752e-06,1.1509451866149902,4.603780746459961,0.18009600043296814,40.966796875,0.00968892127275467,0.0007288772612810135,0.0814749002456665,-0.00015580689068883657,7.998106956481934,7.998106956481934,-4.678953647613525,-12.677061080932617,0.00958908163011074,0.022220125421881676,7.998106593731791e-05,-4.695873737335205,23.052818298339844,20.835147857666016,22.875751495361328,0.0,0.41786059737205505,4.452938079833984,27.993314743041992,0.9786930084228516,0.45705288648605347,0.05322179198265076,1781.0,1805.760009765625,9.999999747378752e-06,24.0,1.0,332.32666015625,2.990558624267578,0.12912525236606598,48.235328674316406,1.081896424293518,67.01669311523438,116.3252944946289,2.9904842376708984,5.958941459655762,1.148644208908081,3.3554282188415527,6.375247001647949,10.02776050567627,15.315776824951172,11.77320671081543,-11.801095962524414,-11.257652282714844,0.005952872335910797,0.010416666977107525,0.0416666679084301,1.3122620582580566,0.6012800931930542,50.66666793823242,48.0,-11.253393173217773,-11.253393173217773,1.0033003091812134,4.655791282653809,-4.657601833343506,-4.659031867980957,0.009825969114899635,0.010416666977107525,0.0416666679084301,4.56674861907959,0.0192246250808239,51.427085876464844,51.0,-0.6930047869682312,7.005169868469238,3.169457197189331,0.5359522700309753,0.0520833358168602,0.9375,-0.003885981161147356,0.009999999776482582,50.5,0.01875501498579979,0.9895833730697632,0.017107224091887474,0.9997678995132446,0.0,0.010416666977107525,-7.5285468101501465,474.3020935058594,4.655791282653809,-4.657601356506348,-4.6717610359191895,0.009825969114899635,0.010416666977107525,0.0416666679084301,4.56674861907959,0.0192246250808239,51.427085876464844,51.0,-0.6930047869682312,4.634903907775879,0.010416666977107525,4.468031883239746,1.0,9.999999747378752e-05,9.999999747378752e-06,4.512053966522217,-4.520021438598633,-4.549869537353516,0.01122246216982603,0.0416666679084301,0.1041666716337204,4.571135520935059,0.018531616777181625,37.59375,32.5,-0.5189803838729858,4.512053966522217,-4.520021438598633,-4.549869537353516,0.01122246216982603,0.0416666679084301,0.1041666716337204,4.571135520935059,0.018531616777181625,37.59375,32.5,-0.5189803838729858,0.41401010751724243,5.5391106605529785,39.502891540527344,1.879762053489685,4.655791282653809,24.0
1890,22.310413360595703,5.769729796156753e-06,9.999999747378752e-06,1.1127402782440186,4.450961112976074,0.18105599284172058,40.966796875,0.00968892127275467,0.0007019755430519581,0.07918624579906464,-0.0001763906911946833,12.050570487976074,12.050570487976074,-4.631926536560059,-16.682498931884766,0.010078517720103264,0.015500782057642937,0.00012050571240251884,-4.391745567321777,30.569286346435547,26.47378158569336,28.689899444580078,0.0,0.27323582768440247,4.468784332275391,28.112171173095703,0.9785735011100769,0.45867934823036194,0.052592091262340546,1791.0,1815.3599853515625,9.999999747378752e-06,24.0,1.0,335.1986083984375,2.990577220916748,0.12912525236606598,48.88979721069336,1.0842828750610352,67.0207290649414,117.0617904663086,2.9905080795288086,6.224957466125488,0.9570448398590088,3.426234006881714,6.523117542266846,10.546566009521484,15.862241744995117,11.801095962524414,-11.924914360046387,-11.387964248657227,0.0062335459515452385,0.010416666977107525,0.0520833358168602,1.2983063459396362,0.6158272624015808,50.5,48.0,-11.253929138183594,-11.253929138183594,1.0,4.648196220397949,-4.655791282653809,-4.658873558044434,0.0098918117582798,0.010416666977107525,0.0416666679084301,4.56696891784668,0.0192246250808239,51.16666793823242,51.0,-0.6930047869682312,7.005169868469238,3.1816697120666504,0.5359978675842285,0.0520833358168602,0.9375,-0.003684061346575618,0.009999999776482582,50.5,0.0192651879042387,0.9895833730697632,0.017580531537532806,0.9997566938400269,0.0,0.010416666977107525,-7.5285468101501465,479.26043701171875,4.648196220397949,-4.655791282653809,-4.659015655517578,0.0098918117582798,0.010416666977107525,0.0416666679084301,4.566969394683838,0.0192246250808239,51.16667175292969,50.75,-0.6930047869682312,4.632665634155273,0.010416666977107525,4.485252857208252,1.0,9.999999747378752e-05,9.999999747378752e-06,4.512053966522217,-4.515028953552246,-4.548242568969727,0.011323759332299232,0.0416666679084301,0.1041666716337204,4.571135520935059,0.01842634752392769,37.57291793823242,32.25,-0.5116961002349854,4.512053966522217,-4.515028953552246,-4.548242568969727,0.011323759332299232,0.0416666679084301,0.1041666716337204,4.571135520935059,0.01842634752392769,37.57291793823242,32.25,-0.5116961002349854,0.41576793789863586,5.522228240966797,39.38451385498047,1.8835623264312744,4.648196220397949,24.0
1900,22.453474044799805,5.817413239128655e-06,9.999999747378752e-06,1.1176258325576782,4.470503330230713,0.18201600015163422,40.966796875,0.00968892127275467,0.0007019755430519581,0.07394537329673767,-0.00015580689068883657,9.278743743896484,9.278743743896484,-4.633230209350586,-13.91197395324707,0.01002778671681881,0.011378077790141106,9.278743527829647e-05,-4.713632583618164,24.473575592041016,21.539459228515625,24.105928421020508,0.0,0.09880316257476807,4.486294746398926,28.230548858642578,0.978492259979248,0.4604766368865967,0.05322179198265076,1801.0,1824.9599609375,9.999999747378752e-06,24.0,1.0,333.7341613769531,2.990734100341797,0.13420850038528442,49.552635192871094,1.0968365669250488,66.86253356933594,117.3948974609375,2.9906136989593506,7.541464328765869,1.1905696392059326,4.938733100891113,9.685869216918945,15.864046096801758,21.742048263549805,11.924914360046387,-11.944316864013672,-11.412205696105957,0.007373449858278036,0.010416666977107525,0.0520833358168602,1.290376901626587,0.6171810626983643,50.21875,48.0,-11.39253044128418,-11.39253044128418,0.9944307208061218,4.64658260345459,-4.648196220397949,-4.652055263519287,0.00992066040635109,0.010416666977107525,0.0520833358168602,4.567709922790527,0.018970739096403122,51.0625,50.0,-0.671818196773529,7.099514007568359,3.192748785018921,0.537763237953186,0.0625,0.9375,-0.0022482655476778746,0.009999999776482582,50.5,0.02240726724267006,0.9895833730697632,0.017580531537532806,0.9997208714485168,0.0,0.010416666977107525,-7.5285468101501465,479.26043701171875,4.64658260345459,-4.648196220397949,-4.659015655517578,0.00992066040635109,0.010416666977107525,0.0520833358168602,4.567709922790527,0.018970739096403122,51.062503814697266,50.0,-0.671818196773529,4.631287097930908,0.010416666977107525,4.717830181121826,1.0,9.999999747378752e-05,9.999999747378752e-06,4.510541915893555,-4.512053966522217,-4.548242568969727,0.01133051048964262,0.0416666679084301,0.1145833358168602,4.571135520935059,0.01842634752392769,37.468753814697266,32.25,-0.5116961002349854,4.510541915893555,-4.512053966522217,-4.548242568969727,0.01133051048964262,0.0416666679084301,0.1145833358168602,4.571135520935059,0.01842634752392769,37.468753814697266,32.25,-0.5116961002349854,0.4175187051296234,5.504069805145264,39.26655578613281,1.8837697505950928,4.64658260345459,24.0
1910,22.515005111694336,5.304813385009766e-06,9.999999747378752e-06,1.0933024883270264,4.3732099533081055,0.18297599256038666,40.966796875,0.00968892127275467,0.0007019755430519581,0.06857839971780777,-0.00015580689068883657,6.723382472991943,6.723382472991943,-4.655282974243164,-11.37866497039795,0.009822695516049862,0.0289270281791687,6.72338210279122e-05,-4.547024250030518,26.68356704711914,15.384265899658203,19.1563663482666,0.0,0.2405834197998047,4.5015692710876465,28.34850311279297,0.9780014753341675,0.4620444178581238,0.054099082946777344,1811.0,1834.56005859375,9.999999747378752e-06,24.0,1.0,333.2772216796875,2.99088716506958,0.13420850038528442,50.252620697021484,1.119338870048523,66.7798843383789,118.10272216796875,2.990795612335205,6.898449897766113,1.59670090675354,4.899221420288086,8.32995319366455,13.371976852416992,19.619583129882812,11.924914360046387,-11.944316864013672,-11.412205696105957,0.009978100657463074,0.010416666977107525,0.0520833358168602,1.2571802139282227,0.6201459169387817,50.21875,48.0,-11.39253044128418,-11.39253044128418,0.9944307208061218,4.64658260345459,-4.648196220397949,-4.649930953979492,0.00992066040635109,0.010416666977107525,0.0520833358168602,4.569535255432129,0.018373046070337296,51.0625,50.0,-0.6671699285507202,7.217807769775391,3.1983418464660645,0.5393021702766418,0.0625,0.9375,0.00015803023416083306,0.009999999776482582,50.5,0.023117613047361374,0.9895833730697632,0.01880747452378273,0.9997208714485168,0.0,0.010416666977107525,-7.5285468101501465,479.26043701171875,4.64658260345459,-4.648196220397949,-4.654573440551758,0.00992066040635109,0.010416666977107525,0.0520833358168602,4.569535255432129,0.018373046070337296,51.062503814697266,50.0,-0.6671699285507202,4.635075569152832,0.010416666977107525,4.5678791999816895,1.0,9.999999747378752e-05,9.999999747378752e-06,4.508365631103516,-4.510541915893555,-4.548242568969727,0.01133051048964262,0.0416666679084301,0.1145833358168602,4.571135520935059,0.01842634752392769,37.04166793823242,31.75,-0.5116961002349854,4.508365631103516,-4.510541915893555,-4.548242568969727,0.01133051048964262,0.0416666679084301,0.1145833358168602,4.571135520935059,0.01842634752392769,37.04166793823242,31.75,-0.5116961002349854,0.41926321387290955,5.490216255187988,39.148681640625,1.8842047452926636,4.64658260345459,24.0
1920,22.684551239013672,5.674362000718247e-06,9.999999747378752e-06,1.1531866788864136,4.612746715545654,0.1839359998703003,40.966796875,0.00876768771559,0.0007019755430519581,0.06857839971780777,-0.00015580689068883657,7.700791358947754,7.700791358947754,-4.6061859130859375,-12.306976318359375,0.010374454781413078,0.0022843931801617146,7.700791320530698e-05,-2.5889980792999268,25.92563819885254,18.06846046447754,21.17013168334961,0.0,0.1178579106926918,4.520774841308594,28.46638298034668,0.977999210357666,0.4640156924724579,0.05464056879281998,1821.0,1844.1600341796875,9.999999747378752e-06,24.0,1.0,332.588134765625,2.990852117538452,0.10256586968898773,49.853878021240234,1.1172010898590088,66.46935272216797,117.4404296875,2.9907774925231934,6.045654773712158,1.1973965167999268,3.623810291290283,7.046674728393555,10.992984771728516,15.29224967956543,11.944316864013672,-11.986518859863281,-11.443922996520996,0.0062335459515452385,0.010416666977107525,0.0520833358168602,1.2363767623901367,0.6229597330093384,50.5,48.0,-11.542106628417969,-11.542106628417969,1.0,4.64658260345459,-4.648196220397949,-4.649930953979492,0.00992066040635109,0.010416666977107525,0.0520833358168602,4.569858074188232,0.018373046070337296,51.0625,50.0,-0.6671699285507202,7.267369270324707,3.2255797386169434,0.5423621535301208,0.0625,0.9375,-0.003684061346575618,0.009999999776482582,50.5,0.02240726724267006,0.9895833730697632,0.01880747452378273,0.9997208714485168,0.0,0.010416666977107525,-7.5285468101501465,479.26043701171875,4.64658260345459,-4.648196220397949,-4.654573440551758,0.00992066040635109,0.010416666977107525,0.0520833358168602,4.569858074188232,0.018373046070337296,51.062503814697266,48.5,-0.6671699285507202,4.633419990539551,0.0,4.542990684509277,1.0,9.999999747378752e-05,9.999999747378752e-06,4.508365631103516,-4.510541915893555,-4.52371072769165,0.01133051048964262,0.0416666679084301,0.1145833358168602,4.571135520935059,0.01842634752392769,37.04166793823242,31.5,-0.5116961002349854,4.508365631103516,-4.510541915893555,-4.52371072769165,0.01133051048964262,0.0416666679084301,0.1145833358168602,4.571135520935059,0.01842634752392769,37.04166793823242,31.5,-0.5116961002349854,0.42100659012794495,5.472157001495361,39.031471252441406,1.8846197128295898,4.64658260345459,24.0
1930,22.164867401123047,5.674362000718247e-06,9.999999747378752e-06,1.154151201248169,4.616604804992676,0.18489600718021393,40.966796875,0.00968892127275467,0.0007197944214567542,0.06857839971780777,-6.969793321331963e-05,6.87813663482666,6.87813663482666,-4.667759418487549,-11.545896530151367,0.009787967428565025,0.021791858598589897,6.87813590047881e-05,-4.527334213256836,26.94611358642578,13.851959228515625,21.11018943786621,0.0,0.17387329041957855,4.536886692047119,28.58359146118164,0.9777328372001648,0.4656694233417511,0.05464056879281998,1831.0,1853.760009765625,9.999999747378752e-06,24.0,1.0,331.7558898925781,2.9907445907592773,0.09111999720335007,48.93806457519531,1.1049847602844238,65.7208023071289,115.76385498046875,2.9906749725341797,5.250512599945068,0.7378718852996826,3.425325632095337,6.652618885040283,10.250554084777832,13.421965599060059,11.944316864013672,-11.986518859863281,-11.443922996520996,0.0062335459515452385,0.010416666977107525,0.0520833358168602,1.2363767623901367,0.6229597330093384,50.66666793823242,49.0,-11.542106628417969,-11.542106628417969,1.0033003091812134,4.648196220397949,-4.655282974243164,-4.652055263519287,0.0098918117582798,0.010416666977107525,0.0520833358168602,4.569858074188232,0.018373046070337296,51.16666793823242,51.0,-0.6671699285507202,7.267369270324707,3.2255797386169434,0.5423621535301208,0.0625,0.9375,-0.003684061346575618,0.009999999776482582,50.5,0.02240726724267006,0.9895833730697632,0.01880747452378273,0.9997208714485168,0.0,0.010416666977107525,-7.539522647857666,479.26043701171875,4.648196220397949,-4.655282974243164,-4.659015655517578,0.0098918117582798,0.010416666977107525,0.0520833358168602,4.569858074188232,0.018373046070337296,51.16667175292969,50.25,-0.6671699285507202,4.6334991455078125,0.010416666977107525,4.540191650390625,1.0,9.999999747378752e-05,9.999999747378752e-06,4.510541915893555,-4.512053966522217,-4.548242568969727,0.011323759332299232,0.0416666679084301,0.1145833283662796,4.571135520935059,0.01842634752392769,37.468753814697266,31.75,-0.5189803838729858,4.510541915893555,-4.512053966522217,-4.548242568969727,0.011323759332299232,0.0416666679084301,0.1145833283662796,4.571135520935059,0.01842634752392769,37.468753814697266,31.75,-0.5189803838729858,0.42274007201194763,5.45681619644165,38.9144287109375,1.8857150077819824,4.648196220397949,24.0
1940,22.142080307006836,6.3538550421071704e-06,9.999999747378752e-06,1.1502962112426758,4.601184844970703,0.18585599958896637,40.966796875,0.00968892127275467,0.0007019755430519581,0.06676866114139557,-6.969793321331963e-05,6.796058654785156,6.796058654785156,-4.631220817565918,-11.427279472351074,0.009975481778383255,0.003287854604423046,6.796058733016253e-05,-2.348757028579712,37.77663803100586,15.2550630569458,19.327865600585938,0.0,0.08139161020517349,4.553744792938232,28.700632095336914,0.9775469303131104,0.4673997461795807,0.05464056879281998,1841.0,1863.3599853515625,9.999999747378752e-06,24.0,1.0,330.9706726074219,2.990644931793213,0.08982156217098236,48.179622650146484,1.093058466911316,65.31559753417969,114.5882797241211,2.9905736446380615,5.165645122528076,0.7467701435089111,3.260676860809326,6.292319297790527,9.569498062133789,12.855682373046875,11.944316864013672,-11.986518859863281,-11.443922996520996,0.0062335459515452385,0.010416666977107525,0.0520833358168602,1.2363767623901367,0.6229597330093384,50.66666793823242,49.0,-11.542106628417969,-11.542106628417969,1.0033003091812134,4.648196220397949,-4.655282974243164,-4.652055263519287,0.0098918117582798,0.010416666977107525,0.0416666679084301,4.569858074188232,0.018373046070337296,51.16666793823242,52.0,-0.6671699285507202,7.267369270324707,3.2255797386169434,0.5423621535301208,0.0625,0.9375,-0.003684061346575618,0.009999999776482582,50.5,0.020664142444729805,0.9895833730697632,0.01880747452378273,0.9997208714485168,0.0,0.010416666977107525,-7.539522647857666,474.3020935058594,4.648196220397949,-4.655282974243164,-4.659015655517578,0.0098918117582798,0.010416666977107525,0.0416666679084301,4.569858074188232,0.018373046070337296,51.16667175292969,50.25,-0.6671699285507202,4.642899036407471,0.010416666977107525,4.303993225097656,1.0,9.999999747378752e-05,9.999999747378752e-06,4.512053966522217,-4.515028953552246,-4.548242568969727,0.011320354416966438,0.0416666679084301,0.1041666716337204,4.571135520935059,0.01842634752392769,37.468753814697266,32.25,-0.5189803838729858,4.512053966522217,-4.515028953552246,-4.548242568969727,0.011320354416966438,0.0416666679084301,0.1041666716337204,4.571135520935059,0.01842634752392769,37.468753814697266,32.25,-0.5189803838729858,0.42447105050086975,5.440858840942383,38.79777526855469,1.887721061706543,4.648196220397949,24.0
1950,22.3182430267334,5.948543730482925e-06,9.999999747378752e-06,1.1407902240753174,4.5631608963012695,0.18681600689888,40.966796875,0.00968892127275467,0.0007197944214567542,0.06857839971780777,-0.00015580689068883657,6.917020797729492,6.917020797729492,-4.625340461730957,-11.54236125946045,0.010126763954758644,0.010929557494819164,6.91702080075629e-05,-4.1652350425720215,25.141738891601562,15.6858549118042,23.940826416015625,0.0,0.13918255269527435,4.570165634155273,28.817289352416992,0.9774734973907471,0.4690852165222168,0.054099082946777344,1851.0,1872.9599609375,9.999999747378752e-06,24.0,1.0,330.937255859375,2.990534543991089,0.09409401565790176,47.66011428833008,1.0802017450332642,65.06928253173828,113.80760192871094,2.990463972091675,5.132953643798828,0.8754868507385254,3.281313896179199,6.249110221862793,9.216255187988281,12.635891914367676,11.944316864013672,-11.986518859863281,-11.443922996520996,0.0062335459515452385,0.010416666977107525,0.0520833358168602,1.2363767623901367,0.6287664771080017,50.90625,49.0,-11.542106628417969,-11.542106628417969,1.0080446004867554,4.64658260345459,-4.655282974243164,-4.652055263519287,0.00992066040635109,0.010416666977107525,0.0416666679084301,4.569858074188232,0.018970739096403122,51.16666793823242,52.0,-0.671818196773529,7.267369270324707,3.2484679222106934,0.5423621535301208,0.0625,0.9375,-0.003684061346575618,0.009999999776482582,50.5,0.019432105123996735,0.9895833730697632,0.017870640382170677,0.9997586607933044,0.0,0.010416666977107525,-7.542912006378174,486.03125,4.64658260345459,-4.655282974243164,-4.659015655517578,0.00992066040635109,0.010416666977107525,0.0416666679084301,4.569858074188232,0.018970739096403122,51.16667175292969,49.75,-0.671818196773529,4.635787487030029,0.010416666977107525,4.356403827667236,1.0,9.999999747378752e-05,9.999999747378752e-06,4.510541915893555,-4.515028953552246,-4.528492450714111,0.011320354416966438,0.03125,0.1041666716337204,4.570640563964844,0.018531616777181625,37.375003814697266,31.75,-0.5385472178459167,4.510541915893555,-4.515028953552246,-4.528492450714111,0.011320354416966438,0.03125,0.1041666716337204,4.570640563964844,0.018531616777181625,37.375003814697266,31.75,-0.5385472178459167,0.4261963665485382,5.422239303588867,38.68164825439453,1.8877488374710083,4.64658260345459,24.0
1960,22.383581161499023,4.708766937255859e-06,9.999999747378752e-06,1.0908406972885132,4.363362789154053,0.18777599930763245,40.966796875,0.00968892127275467,0.0007197944214567542,0.06676866114139557,-6.969793321331963e-05,7.140594482421875,7.140594482421875,-4.624547004699707,-11.765140533447266,0.01006794348359108,0.02259078621864319,7.140594243537635e-05,-4.088505268096924,22.8988094329834,15.1610746383667,16.36314582824707,0.0,0.0969867929816246,4.5876545906066895,28.933414459228516,0.9771575927734375,0.47088027000427246,0.05464056879281998,1861.0,1882.56005859375,9.999999747378752e-06,24.0,1.0,331.48333740234375,2.9903922080993652,0.0969867929816246,47.495357513427734,1.064929723739624,64.89706420898438,113.45735168457031,2.99033260345459,4.933471202850342,1.0900986194610596,3.104928493499756,6.225776672363281,9.275700569152832,12.779505729675293,11.944316864013672,-11.986518859863281,-11.47062873840332,0.0062335459515452385,0.010416666977107525,0.0520833358168602,1.2363767623901367,0.6287664771080017,50.90625,49.0,-11.542106628417969,-11.542106628417969,1.0080446004867554,4.641589164733887,-4.64658260345459,-4.649930953979492,0.009960679337382317,0.010416666977107525,0.0416666679084301,4.570436000823975,0.018373046070337296,50.989585876464844,51.0,-0.6671699285507202,7.267369270324707,3.2484679222106934,0.5423621535301208,0.0625,0.9375,-0.003684061346575618,0.009999999776482582,50.5,0.019432105123996735,0.9895833730697632,0.017870640382170677,0.9997586607933044,0.0,0.010416666977107525,-7.542912006378174,486.03125,4.641589164733887,-4.64658260345459,-4.654573440551758,0.009960678406059742,0.010416666977107525,0.0416666679084301,4.570436000823975,0.018373046070337296,50.989585876464844,48.5,-0.6671699285507202,4.631140232086182,0.010416666977107525,4.584019660949707,1.0,9.999999747378752e-05,9.999999747378752e-06,4.508365631103516,-4.510541915893555,-4.528492450714111,0.011323759332299232,0.0416666679084301,0.1145833283662796,4.570640563964844,0.018199140205979347,37.04166793823242,31.5,-0.5189803838729858,4.508365631103516,-4.510541915893555,-4.528492450714111,0.011323759332299232,0.0416666679084301,0.1145833283662796,4.570640563964844,0.018199140205979347,37.04166793823242,31.5,-0.5189803838729858,0.4279138147830963,5.407558441162109,38.565616607666016,1.8877594470977783,4.641589164733887,24.0
1970,22.469274520874023,5.7458878472971264e-06,9.999999747378752e-06,1.1527330875396729,4.610932350158691,0.18873600661754608,40.966796875,0.009736040607094765,0.0007490036659874022,0.06857839971780777,-6.969793321331963e-05,8.131467819213867,8.131467819213867,-4.639713287353516,-12.771181106567383,0.009897774085402489,0.00408474076539278,8.131467620842159e-05,-2.8493077754974365,34.71895980834961,16.501087188720703,22.013832092285156,0.0,0.08041524887084961,4.604398727416992,29.0494441986084,0.9769905805587769,0.4725989103317261,0.05464056879281998,1871.0,1892.1600341796875,9.999999747378752e-06,24.0,1.0,331.52264404296875,2.990280866622925,0.0969867929816246,46.996212005615234,1.051208734512329,64.52464294433594,112.57206726074219,2.9902091026306152,5.114395618438721,0.8013360500335693,3.4327945709228516,6.32761287689209,9.840167999267578,13.596997261047363,11.986518859863281,-12.203447341918945,-11.609048843383789,0.0062335459515452385,0.010416666977107525,0.0520833358168602,1.2363767623901367,0.6287664771080017,51.21875,50.0,-11.628257751464844,-11.628257751464844,1.0142326354980469,4.639713287353516,-4.641589164733887,-4.646297931671143,0.009960679337382317,0.010416666977107525,0.0416666679084301,4.570436000823975,0.018970739096403122,50.625,50.0,-0.671818196773529,7.346782684326172,3.2484679222106934,0.5424520373344421,0.0520833358168602,0.9375,-0.003684061346575618,0.009999999776482582,50.5,0.0192651879042387,0.9895833730697632,0.017580531537532806,0.9997678995132446,0.0,0.010416666977107525,-7.542912006378174,486.03125,4.639713764190674,-4.641589164733887,-4.652756690979004,0.009960678406059742,0.010416666977107525,0.0416666679084301,4.570436000823975,0.018970739096403122,50.625,48.5,-0.671818196773529,4.635469436645508,0.010416666977107525,4.557450294494629,1.0,9.999999747378752e-05,9.999999747378752e-06,4.508365631103516,-4.510541915893555,-4.528492450714111,0.011323759332299232,0.03125,0.1145833283662796,4.570640563964844,0.018018096685409546,37.04166793823242,31.5,-0.5116961002349854,4.508365631103516,-4.510541915893555,-4.528492450714111,0.011323759332299232,0.03125,0.1145833283662796,4.570640563964844,0.018018096685409546,37.04166793823242,31.5,-0.5116961002349854,0.4296298623085022,5.390775203704834,38.450050354003906,1.8882933855056763,4.639713764190674,24.0
1980,22.00834083557129,5.853175935044419e-06,9.999999747378752e-06,1.1572506427764893,4.629002571105957,0.18969599902629852,40.966796875,0.009911028668284416,0.0007533375755883753,0.06857839971780777,-6.803910946473479e-05,7.42459774017334,7.42459774017334,-4.638928413391113,-12.063526153564453,0.009867848828434944,0.0023723351769149303,7.424597424687818e-05,-1.9248192310333252,20.475059509277344,15.281495094299316,20.089784622192383,0.0,0.1058015376329422,4.6212944984436035,29.16501235961914,0.9767098426818848,0.47433310747146606,0.05480222776532173,1881.0,1901.760009765625,9.999999747378752e-06,24.0,1.0,330.86395263671875,2.9902114868164062,0.08850891888141632,46.4372673034668,1.0434768199920654,63.93925476074219,111.41999816894531,2.990135908126831,5.179576873779297,0.9815311431884766,3.510871410369873,6.740133285522461,10.497702598571777,13.869922637939453,12.063526153564453,-12.203447341918945,-11.86190414428711,0.005952872335910797,0.0,0.0520833358168602,1.2656145095825195,0.6229597330093384,51.35416793823242,51.0,-11.628257751464844,-11.628257751464844,1.0169142484664917,4.638928413391113,-4.639713287353516,-4.643853187561035,0.009960679337382317,0.010416666977107525,0.03125,4.571166515350342,0.018373046070337296,50.625,51.0,-0.6671699285507202,7.267369270324707,3.2255797386169434,0.5423621535301208,0.0520833358168602,0.9375,-0.003885981161147356,0.009999999776482582,50.5,0.0192651879042387,0.9895833730697632,0.017580531537532806,0.9997813701629639,0.0,0.010416666977107525,-7.563241958618164,486.03125,4.6389288902282715,-4.639713764190674,-4.652756690979004,0.009960678406059742,0.010416666977107525,0.03125,4.571166515350342,0.018373046070337296,50.625,48.5,-0.6671699285507202,4.635469436645508,0.010416666977107525,4.52483606338501,1.0,9.999999747378752e-05,9.999999747378752e-06,4.508365631103516,-4.510541915893555,-4.548242568969727,0.011323759332299232,0.0416666679084301,0.1145833358168602,4.571423530578613,0.017974331974983215,37.04166793823242,31.5,-0.5102781653404236,4.508365631103516,-4.510541915893555,-4.548242568969727,0.011323759332299232,0.0416666679084301,0.1145833358168602,4.571423530578613,0.017974331974983215,37.04166793823242,31.5,-0.5102781653404236,0.4313390552997589,5.374644756317139,38.334835052490234,1.8901422023773193,4.6389288902282715,24.0
1990,22.006017684936523,5.054474058852065e-06,9.999999747378752e-06,1.1061632633209229,4.424653053283691,0.19065600633621216,40.966796875,0.009911028668284416,0.0007705394527874887,0.06857839971780777,-6.53238530503586e-05,7.685449600219727,7.685449600219727,-4.617688179016113,-12.30313777923584,0.010234215296804905,0.02157873474061489,7.68544923630543e-05,-3.44124436378479,27.290103912353516,18.3128662109375,22.920326232910156,0.0,0.11175155639648438,4.638877868652344,29.280227661132812,0.9764068722724915,0.4761378765106201,0.05480222776532173,1891.0,1911.3599853515625,9.999999747378752e-06,24.0,1.0,331.77642822265625,2.990156888961792,0.08698885887861252,45.95655822753906,1.0379371643066406,63.6829719543457,110.6774673461914,2.9900829792022705,5.387975215911865,1.1722221374511719,3.9520812034606934,7.206175804138184,10.848716735839844,14.110031127929688,12.203447341918945,-12.30313777923584,-11.891546249389648,0.005952872335910797,0.0,0.0520833358168602,1.2656145095825195,0.6229597330093384,51.35416793823242,51.0,-11.687922477722168,-11.687922477722168,1.0169142484664917,4.633230209350586,-4.638928413391113,-4.643853187561035,0.009975481778383255,0.010416666977107525,0.0416666679084301,4.571215629577637,0.018308540806174278,50.28125,51.0,-0.6593921184539795,7.267369270324707,3.2255797386169434,0.5423621535301208,0.0520833358168602,0.9479166865348816,-0.003885981161147356,0.009999999776482582,50.5,0.019328901544213295,0.9895833730697632,0.017580531537532806,0.9997813701629639,0.0,0.010416666977107525,-7.563241958618164,486.03125,4.633230209350586,-4.6389288902282715,-4.649808883666992,0.00997548270970583,0.010416666977107525,0.0416666679084301,4.571216106414795,0.018308542668819427,50.281253814697266,48.25,-0.6593921184539795,4.6353373527526855,0.010416666977107525,4.5754170417785645,1.0,9.999999747378752e-05,9.999999747378752e-06,4.502934455871582,-4.508365631103516,-4.528492450714111,0.01133051048964262,0.0416666679084301,0.1145833432674408,4.571423530578613,0.018018096685409546,36.47916793823242,31.0,-0.49133554100990295,4.502934455871582,-4.508365631103516,-4.528492450714111,0.01133051048964262,0.0416666679084301,0.1145833432674408,4.571423530578613,0.018018096685409546,36.47916793823242,31.0,-0.49133554100990295,0.4330430328845978,5.358903884887695,38.219886779785156,1.8954882621765137,4.633230209350586,24.0
2000,22.375967025756836,5.459785370476311e-06,9.999999747378752e-06,1.1524509191513062,4.609803676605225,0.1916159987449646,40.966796875,0.009911028668284416,0.0007351386593654752,0.06857839971780777,-6.53238530503586e-05,8.694475173950195,8.694475173950195,-4.591231346130371,-13.28570556640625,0.010498042218387127,0.016891706734895706,8.69447467266582e-05,-3.1223461627960205,30.42551040649414,20.8065185546875,25.42746925354004,0.0,0.07484281808137894,4.656332969665527,29.39517593383789,0.9760156869888306,0.4779294729232788,0.05464056879281998,1901.0,1920.9599609375,9.999999747378752e-06,24.0,1.0,332.8135986328125,2.990138530731201,0.08773523569107056,45.67272186279297,1.0345344543457031,63.550716400146484,110.2511215209961,2.9900505542755127,5.909426212310791,1.3825292587280273,4.390908241271973,8.198579788208008,12.173053741455078,15.712736129760742,12.203447341918945,-12.30313777923584,-11.891546249389648,0.005952872335910797,0.0,0.0520833358168602,1.2656145095825195,0.6229597330093384,51.21875,50.0,-11.687922477722168,-11.687922477722168,1.0142326354980469,4.633230209350586,-4.638928413391113,-4.642367839813232,0.009975481778383255,0.010416666977107525,0.0416666679084301,4.571567535400391,0.018308540806174278,50.28125,51.0,-0.6592762470245361,7.267369270324707,3.2255797386169434,0.5423621535301208,0.0520833358168602,0.9479166865348816,-0.003885981161147356,0.009999999776482582,50.5,0.019432105123996735,0.9895833730697632,0.017535611987113953,0.999786376953125,0.0,0.010416666977107525,-7.563241958618164,486.03125,4.633230209350586,-4.6389288902282715,-4.64693546295166,0.00997548270970583,0.010416666977107525,0.0416666679084301,4.571567535400391,0.018308542668819427,50.281253814697266,48.0,-0.6592762470245361,4.628780364990234,0.010416666977107525,4.573273658752441,1.0,9.999999747378752e-05,9.999999747378752e-06,4.502934455871582,-4.508365631103516,-4.526779651641846,0.01133051048964262,0.0416666679084301,0.1145833432674408,4.571423530578613,0.018018096685409546,36.47916793823242,31.0,-0.49133554100990295,4.502934455871582,-4.508365631103516,-4.526779651641846,0.01133051048964262,0.0416666679084301,0.1145833432674408,4.571423530578613,0.018018096685409546,36.47916793823242,31.0,-0.49133554100990295,0.43474307656288147,5.344579696655273,38.10521697998047,1.8975530862808228,4.633230209350586,24.0
2010,22.59554672241211,5.757808594353264e-06,9.999999747378752e-06,1.0932527780532837,4.373011112213135,0.19257600605487823,40.966796875,0.009911028668284416,0.0007197944214567542,0.06676866114139557,-6.11578652751632e-05,8.257899284362793,8.257899284362793,-4.67294979095459,-12.930849075317383,0.00962119735777378,0.007830265909433365,8.257899025920779e-05,-3.6144635677337646,28.788578033447266,18.293415069580078,21.607227325439453,0.0,0.08265022188425064,4.6734771728515625,29.50984764099121,0.9759351015090942,0.47968918085098267,0.05464056879281998,1911.0,1930.56005859375,9.999999747378752e-06,24.0,1.0,332.0615539550781,2.990142345428467,0.08577235788106918,45.719295501708984,1.0349479913711548,63.64689636230469,110.40072631835938,2.990053653717041,5.959427833557129,1.5349490642547607,4.905129432678223,8.384749412536621,12.366585731506348,16.649864196777344,12.30313777923584,-12.306976318359375,-11.9668607711792,0.0062335459515452385,0.010416666977107525,0.0520833358168602,1.2363767623901367,0.6287664771080017,51.21875,50.0,-11.726595878601074,-11.726595878601074,1.0142326354980469,4.633230209350586,-4.638928413391113,-4.642367839813232,0.009975481778383255,0.010416666977107525,0.0416666679084301,4.571567535400391,0.018328610807657242,50.28125,51.0,-0.6592762470245361,7.346782684326172,3.2484679222106934,0.5424520373344421,0.0416666679084301,0.9479166865348816,-0.003684061346575618,0.009999999776482582,50.5,0.01997571438550949,0.9895833730697632,0.01692812144756317,0.9997916221618652,0.0,0.010416666977107525,-7.535869121551514,484.375,4.633230209350586,-4.6389288902282715,-4.64693546295166,0.00997548270970583,0.010416666977107525,0.0416666679084301,4.571567535400391,0.018328610807657242,50.281253814697266,48.0,-0.6592762470245361,4.6321001052856445,0.010416666977107525,4.714144706726074,1.0,9.999999747378752e-05,9.999999747378752e-06,4.502934455871582,-4.508365631103516,-4.526779651641846,0.01133051048964262,0.03125,0.1145833432674408,4.571423530578613,0.018018096685409546,36.47916793823242,31.0,-0.49133554100990295,4.502934455871582,-4.508365631103516,-4.526779651641846,0.01133051048964262,0.03125,0.1145833432674408,4.571423530578613,0.018018096685409546,36.47916793823242,31.0,-0.49133554100990295,0.43643903732299805,5.327428817749023,37.99114227294922,1.898899793624878,4.633230209350586,24.0
2020,22.61471939086914,5.209446044318611e-06,9.999999747378752e-06,1.0981695652008057,4.392678260803223,0.19353599846363068,40.966796875,0.009736040607094765,0.0007197944214567542,0.06676866114139557,-6.11578652751632e-05,7.874642848968506,7.874642848968506,-4.622616767883301,-12.497259140014648,0.010059184394776821,0.014556418173015118,7.874642324168235e-05,-3.92575740814209,20.177616119384766,16.190458297729492,18.008325576782227,0.0,0.08003392070531845,4.689659118652344,29.62392234802246,0.9758506417274475,0.4813500940799713,0.05264878273010254,1921.0,1940.1600341796875,9.999999747378752e-06,24.0,1.0,332.36517333984375,2.990159273147583,0.08362854272127151,46.24459457397461,1.0361354351043701,63.989952087402344,111.27236938476562,2.9900684356689453,5.72106409072876,1.6614258289337158,4.89233922958374,8.170547485351562,12.261428833007812,15.923582077026367,12.306976318359375,-12.327926635742188,-11.999704360961914,0.007830265909433365,0.010416666977107525,0.0520833358168602,1.2656145095825195,0.6229597330093384,50.90625,50.0,-11.781736373901367,-11.781736373901367,1.0080446004867554,4.633230209350586,-4.638928413391113,-4.643853187561035,0.009975481778383255,0.010416666977107525,0.0416666679084301,4.572109222412109,0.018308540806174278,50.28125,51.0,-0.6294655203819275,7.396729946136475,3.2255797386169434,0.5424520373344421,0.0416666679084301,0.9583333730697632,-0.001790931448340416,0.009999999776482582,50.5,0.01997571438550949,0.9895833730697632,0.01692812144756317,0.9997916221618652,0.0,0.010416666977107525,-7.563241958618164,486.03125,4.633230209350586,-4.6389288902282715,-4.64693546295166,0.00997548270970583,0.010416666977107525,0.0416666679084301,4.572109222412109,0.018308542668819427,50.281253814697266,48.0,-0.6294655799865723,4.643301010131836,0.010416666977107525,4.714144706726074,1.0,9.999999747378752e-05,9.999999747378752e-06,4.508365631103516,-4.510541915893555,-4.528492450714111,0.011323759332299232,0.0416666679084301,0.1145833358168602,4.571700096130371,0.018018096685409546,36.47916793823242,31.0,-0.5102781653404236,4.508365631103516,-4.510541915893555,-4.528492450714111,0.011323759332299232,0.0416666679084301,0.1145833358168602,4.571700096130371,0.018018096685409546,36.47916793823242,31.0,-0.5102781653404236,0.4381261467933655,5.310521125793457,37.877288818359375,1.9023995399475098,4.633230209350586,24.0
2030,22.43558120727539,5.5670739129709546e-06,9.999999747378752e-06,1.1540111303329468,4.616044521331787,0.1944960057735443,40.966796875,0.00968892127275467,0.0007019755430519581,0.06676866114139557,-6.53238530503586e-05,6.682661056518555,6.682661056518555,-4.638423442840576,-11.321083068847656,0.009999371133744717,0.008357006125152111,6.682661478407681e-05,-3.3108651638031006,27.563518524169922,15.738393783569336,19.98543930053711,0.0,0.09434115141630173,4.705666542053223,29.737775802612305,0.9757100343704224,0.48299312591552734,0.05409405007958412,1931.0,1949.760009765625,9.999999747378752e-06,24.0,1.0,333.3415222167969,2.990041494369507,0.08469463139772415,46.78878402709961,1.0233834981918335,64.33503723144531,112.18746185302734,2.9899544715881348,5.451401710510254,1.50618577003479,4.215095043182373,7.657478332519531,11.220298767089844,15.507716178894043,12.306976318359375,-12.327926635742188,-11.999704360961914,0.008357006125152111,0.010416666977107525,0.0520833358168602,1.2656145095825195,0.6229597330093384,50.90625,50.0,-11.781736373901367,-11.781736373901367,1.0080446004867554,4.633230209350586,-4.638423442840576,-4.644510746002197,0.009999371133744717,0.010416666977107525,0.0520833358168602,4.5733113288879395,0.018328610807657242,50.28125,50.0,-0.6294655203819275,7.396729946136475,3.2255797386169434,0.5424520373344421,0.0416666679084301,0.9583333730697632,-0.001642364775761962,0.009999999776482582,50.5,0.01997571438550949,0.9895833730697632,0.01692812144756317,0.99979168176651,0.0,0.010416666977107525,-7.544671535491943,484.375,4.633230209350586,-4.638423442840576,-4.64370059967041,0.009999372065067291,0.010416666977107525,0.0520833358168602,4.5733113288879395,0.018328610807657242,50.281253814697266,47.75,-0.6294655799865723,4.638423442840576,0.010416666977107525,4.35025691986084,1.0,9.999999747378752e-05,9.999999747378752e-06,4.508365631103516,-4.510098457336426,-4.528492450714111,0.011323759332299232,0.03125,0.1145833358168602,4.571700096130371,0.018018096685409546,36.26041793823242,30.0,-0.49133554100990295,4.508365631103516,-4.510098457336426,-4.528492450714111,0.011323759332299232,0.03125,0.1145833358168602,4.571700096130371,0.018018096685409546,36.26041793823242,30.0,-0.49133554100990295,0.43981000781059265,5.293984413146973,37.763771057128906,1.9113507270812988,4.633230209350586,24.0
2040,22.03174591064453,5.388259978644783e-06,9.999999747378752e-06,1.1585935354232788,4.634374141693115,0.19545599818229675,40.966796875,0.008779648691415787,0.0007197944214567542,0.06857839971780777,-6.53238530503586e-05,6.820664882659912,6.820664882659912,-4.598363399505615,-11.419028282165527,0.010344257578253746,0.003399650100618601,6.820664566475898e-05,-2.213862895965576,21.048349380493164,14.539881706237793,18.858556747436523,0.0,0.08458485454320908,4.721957683563232,29.851293563842773,0.9753480553627014,0.48466524481773376,0.05264878273010254,1941.0,1959.3599853515625,9.999999747378752e-06,24.0,1.0,333.82867431640625,2.9899215698242188,0.08458485454320908,46.62896728515625,1.0128610134124756,64.41890716552734,112.11442565917969,2.9898521900177,5.378046989440918,1.13267183303833,3.620588779449463,6.668574810028076,10.425251960754395,14.526762008666992,12.30313777923584,-12.306976318359375,-11.999704360961914,0.008357006125152111,0.010416666977107525,0.0520833358168602,1.2656145095825195,0.6229597330093384,50.5,51.0,-11.781736373901367,-11.781736373901367,1.0,4.631926536560059,-4.633230209350586,-4.643853187561035,0.009999371133744717,0.010416666977107525,0.0520833358168602,4.5733113288879395,0.018307898193597794,50.083335876464844,50.0,-0.6224339008331299,7.346782684326172,3.2255797386169434,0.5424520373344421,0.0416666679084301,0.9583333730697632,-0.001642364775761962,0.009999999776482582,50.5,0.01997571438550949,0.9895833730697632,0.01709253340959549,0.9997916221618652,0.0,0.0,-7.544671535491943,493.8645935058594,4.631926536560059,-4.633230209350586,-4.643293380737305,0.009999372065067291,0.010416666977107525,0.0520833358168602,4.5733113288879395,0.018307898193597794,50.083335876464844,47.75,-0.6224339008331299,4.629347801208496,0.010416666977107525,4.35025691986084,1.0,9.999999747378752e-05,9.999999747378752e-06,4.508365631103516,-4.510098457336426,-4.526779651641846,0.011323759332299232,0.03125,0.1145833358168602,4.571700096130371,0.018018096685409546,36.09375,29.5,-0.4892377555370331,4.508365631103516,-4.510098457336426,-4.526779651641846,0.011323759332299232,0.03125,0.1145833358168602,4.571700096130371,0.018018096685409546,36.09375,29.5,-0.4892377555370331,0.4414888918399811,5.278675079345703,37.650550842285156,1.9218180179595947,4.631926536560059,24.0
2050,22.023540496826172,5.948543730482925e-06,9.999999747378752e-06,1.1541454792022705,4.616581916809082,0.1964160054922104,40.966796875,0.00837501510977745,0.0007197944214567542,0.06857839971780777,-6.53238530503586e-05,7.532995223999023,7.532995223999023,-4.664336681365967,-12.197332382202148,0.009799955412745476,0.006627505179494619,7.532995368819684e-05,-3.4555282592773438,23.83858871459961,18.036924362182617,21.19447135925293,0.0,0.07283879816532135,4.73954963684082,29.96451187133789,0.9752231240272522,0.48647090792655945,0.05264878273010254,1951.0,1968.9599609375,9.999999747378752e-06,24.0,1.0,334.56524658203125,2.9899685382843018,0.07905726879835129,46.010826110839844,1.01804780960083,64.22663879394531,111.25711059570312,2.9899003505706787,5.378046989440918,1.3695974349975586,3.7594783306121826,6.76953125,10.216087341308594,14.526762008666992,12.203447341918945,-12.30313777923584,-11.999704360961914,0.008357006125152111,0.010416666977107525,0.0520833358168602,1.2656145095825195,0.6229597330093384,50.15625,51.0,-11.726595878601074,-11.726595878601074,0.9931930899620056,4.631926536560059,-4.633230209350586,-4.643853187561035,0.009999371133744717,0.010416666977107525,0.0520833358168602,4.5733113288879395,0.018307898193597794,50.083335876464844,50.0,-0.6224339008331299,7.346782684326172,3.2255797386169434,0.5424520373344421,0.0416666679084301,0.9583333730697632,-0.001642364775761962,0.009999999776482582,50.5,0.01997571438550949,0.9895833730697632,0.017456363886594772,0.9997813701629639,0.0,0.0,-7.544671535491943,495.125,4.631926536560059,-4.633230209350586,-4.643293380737305,0.009999372065067291,0.010416666977107525,0.0520833358168602,4.5733113288879395,0.018307898193597794,50.083335876464844,47.75,-0.6224339008331299,4.62811803817749,0.0,4.475400447845459,1.0,9.999999747378752e-05,9.999999747378752e-06,4.510098457336426,-4.510541915893555,-4.526779651641846,0.011320354416966438,0.03125,0.1145833283662796,4.571700096130371,0.018018096685409546,36.09375,29.5,-0.4892377555370331,4.510098457336426,-4.510541915893555,-4.526779651641846,0.011320354416966438,0.03125,0.1145833283662796,4.571700096130371,0.018018096685409546,36.09375,29.5,-0.4892377555370331,0.44316333532333374,5.261573791503906,37.53775405883789,1.9235130548477173,4.631926536560059,24.0
2060,22.081485748291016,5.7220458984375e-06,9.999999747378752e-06,1.1510313749313354,4.604125499725342,0.19737599790096283,40.966796875,0.008071256801486015,0.0007197944214567542,0.06857839971780777,-6.803910946473479e-05,8.181462287902832,8.181462287902832,-4.5968523025512695,-12.778314590454102,0.010467544198036194,0.0017458254005759954,8.181462180800736e-05,-1.9271533489227295,25.756561279296875,16.707387924194336,24.211772918701172,0.0,0.07671806961297989,4.756142616271973,30.077308654785156,0.9750232100486755,0.4881740212440491,0.05264878273010254,1961.0,1978.56005859375,9.999999747378752e-06,24.0,1.0,333.53350830078125,2.990145683288574,0.07865562289953232,45.45574188232422,1.0367498397827148,63.885108947753906,110.38313293457031,2.990070343017578,5.338817119598389,1.420973777770996,3.9144203662872314,6.830792427062988,10.216087341308594,14.406814575195312,12.203447341918945,-12.30313777923584,-11.999704360961914,0.008357006125152111,0.010416666977107525,0.0520833358168602,1.2656145095825195,0.6194290518760681,50.15625,51.0,-11.726595878601074,-11.726595878601074,0.9931930899620056,4.631220817565918,-4.631926536560059,-4.643853187561035,0.01002778671681881,0.010416666977107525,0.0520833358168602,4.5733113288879395,0.018328610807657242,50.03125,49.0,-0.6294655203819275,7.346782684326172,3.2255797386169434,0.5424520373344421,0.0416666679084301,0.9583333730697632,-0.001642364775761962,0.009999999776482582,50.5,0.019810695201158524,0.9895833730697632,0.0171893909573555,0.9997916221618652,0.0,0.0,-7.544671535491943,495.125,4.63122034072876,-4.631926536560059,-4.643293380737305,0.01002778671681881,0.010416666977107525,0.0520833358168602,4.5733113288879395,0.018328610807657242,50.031253814697266,47.5,-0.6294655799865723,4.6292595863342285,0.0,4.1905059814453125,1.0,9.999999747378752e-05,9.999999747378752e-06,4.508365631103516,-4.510098457336426,-4.524539947509766,0.011320354416966438,0.03125,0.1145833283662796,4.571700096130371,0.018109340220689774,36.08333206176758,28.75,-0.49133554100990295,4.508365631103516,-4.510098457336426,-4.524539947509766,0.011320354416966438,0.03125,0.1145833283662796,4.571700096130371,0.018109340220689774,36.08333206176758,28.75,-0.49133554100990295,0.4448315501213074,5.246267318725586,37.42521667480469,1.9285516738891602,4.63122034072876,24.0
2070,21.808988571166992,4.637241545424331e-06,9.999999747378752e-06,1.156318187713623,4.625272750854492,0.19833600521087646,40.966796875,0.008071256801486015,0.0007019755430519581,0.06676866114139557,-0.00012809058534912765,7.428267478942871,7.428267478942871,-4.643830299377441,-12.072096824645996,0.010056795552372932,0.004139548167586327,7.428267417708412e-05,-2.3323628902435303,29.49567413330078,19.402246475219727,27.65439224243164,0.0,0.10186817497015,4.771933078765869,30.189847946166992,0.9747352004051208,0.4897947609424591,0.05139109864830971,1971.0,1988.1600341796875,9.999999747378752e-06,24.0,1.0,332.0688171386719,2.9901745319366455,0.08060119301080704,45.332130432128906,1.040355920791626,63.85211944580078,110.22374725341797,2.990102767944336,5.563540935516357,0.8411426544189453,3.5988059043884277,6.597306728363037,10.164692878723145,14.313846588134766,12.197332382202148,-12.30313777923584,-11.999704360961914,0.008357006125152111,0.010416666977107525,0.0520833358168602,1.2656145095825195,0.6169006824493408,50.90625,51.0,-11.726595878601074,-11.726595878601074,1.0080446004867554,4.631926536560059,-4.633230209350586,-4.643853187561035,0.01002778671681881,0.010416666977107525,0.0520833358168602,4.5733113288879395,0.018328610807657242,50.083335876464844,49.0,-0.6294655203819275,7.346782684326172,3.2255797386169434,0.5424520373344421,0.0416666679084301,0.9583333730697632,-0.001642364775761962,0.009999999776482582,50.5,0.019810695201158524,0.9895833730697632,0.0171893909573555,0.9997916221618652,0.0,0.0,-7.544671535491943,495.125,4.631926536560059,-4.633230209350586,-4.643293380737305,0.01002778671681881,0.010416666977107525,0.0520833358168602,4.5733113288879395,0.018328610807657242,50.083335876464844,47.5,-0.6294655799865723,4.631462097167969,0.0,4.567237854003906,1.0,9.999999747378752e-05,9.999999747378752e-06,4.508365631103516,-4.510098457336426,-4.526779651641846,0.011320354416966438,0.02083333395421505,0.1145833283662796,4.572049617767334,0.018109340220689774,36.08333206176758,29.25,-0.5102781653404236,4.508365631103516,-4.510098457336426,-4.526779651641846,0.011320354416966438,0.02083333395421505,0.1145833283662796,4.572049617767334,0.018109340220689774,36.08333206176758,29.25,-0.5102781653404236,0.44649598002433777,5.230086803436279,37.31306457519531,1.9321192502975464,4.631926536560059,24.0
2080,22.375064849853516,5.7220458984375e-06,9.999999747378752e-06,1.0801982879638672,4.320793151855469,0.1992959976196289,40.966796875,0.008071256801486015,0.0006386333843693137,0.06676866114139557,-0.00012809058534912765,7.121088981628418,7.121088981628418,-4.639767646789551,-11.760856628417969,0.009959518909454346,0.015069950371980667,7.121088856365532e-05,-4.738542556762695,28.76804542541504,16.01346778869629,22.48471450805664,0.0,0.09306848049163818,4.789424896240234,30.302001953125,0.9744907021522522,0.49159014225006104,0.05139109864830971,1981.0,1997.760009765625,9.999999747378752e-06,24.0,1.0,330.4652404785156,2.9900083541870117,0.09645216166973114,45.33430862426758,1.023077130317688,63.74505615234375,110.13927459716797,2.989943027496338,5.740382194519043,0.7812709808349609,3.175870895385742,6.015881538391113,9.63671588897705,14.28936767578125,12.072096824645996,-12.197332382202148,-11.787343978881836,0.008357006125152111,0.010416666977107525,0.0520833358168602,1.2656145095825195,0.6169006824493408,50.90625,51.0,-11.68844223022461,-11.68844223022461,1.0080446004867554,4.631926536560059,-4.633230209350586,-4.643853187561035,0.01002778671681881,0.010416666977107525,0.0520833358168602,4.5733113288879395,0.018328610807657242,50.083335876464844,49.0,-0.6294655203819275,7.346782684326172,3.25223970413208,0.5424520373344421,0.0416666679084301,0.9583333730697632,-0.001642364775761962,0.009999999776482582,50.5,0.019810695201158524,0.9895833730697632,0.0171893909573555,0.9997916221618652,0.0,0.0,-7.544671535491943,495.125,4.631926536560059,-4.633230209350586,-4.643293380737305,0.01002778671681881,0.010416666977107525,0.0520833358168602,4.5733113288879395,0.018328610807657242,50.083335876464844,47.5,-0.6294655799865723,4.639767646789551,0.010416666977107525,4.691900730133057,1.0,9.999999747378752e-05,9.999999747378752e-06,4.508365631103516,-4.510098457336426,-4.526779651641846,0.011320354416966438,0.03125,0.1145833358168602,4.572049617767334,0.018109340220689774,36.08333206176758,29.25,-0.49133554100990295,4.508365631103516,-4.510098457336426,-4.526779651641846,0.011320354416966438,0.03125,0.1145833358168602,4.572049617767334,0.018109340220689774,36.08333206176758,29.25,-0.49133554100990295,0.4481546878814697,5.213738918304443,37.20127487182617,1.9328210353851318,4.631926536560059,24.0
2090,22.415945053100586,5.602836608886719e-06,9.999999747378752e-06,1.1522862911224365,4.609145164489746,0.20025600492954254,40.966796875,0.00837501510977745,0.0007197944214567542,0.06857839971780777,-0.00012809058534912765,6.434691905975342,6.434691905975342,-4.6369853019714355,-11.071677207946777,0.00990857370197773,0.01724136620759964,6.434692477341741e-05,-4.382442474365234,31.784944534301758,15.945541381835938,30.345073699951172,0.0,0.12509603798389435,4.806578636169434,30.413789749145508,0.974260151386261,0.4933508038520813,0.05139109864830971,1991.0,2007.3599853515625,9.999999747378752e-06,24.0,1.0,330.009521484375,2.9899215698242188,0.09645216166973114,45.33735275268555,1.013587236404419,63.54317092895508,109.88431549072266,2.9898524284362793,5.3963093757629395,0.690427303314209,2.9341647624969482,5.725360870361328,9.16568374633789,13.314687728881836,12.063526153564453,-12.072096824645996,-11.443922996520996,0.008357006125152111,0.010416666977107525,0.0520833358168602,1.2705864906311035,0.6149249076843262,50.90625,51.0,-11.441157341003418,-11.441157341003418,1.0080446004867554,4.633230209350586,-4.6369853019714355,-4.643853187561035,0.009999371133744717,0.010416666977107525,0.0520833358168602,4.573565483093262,0.018328610807657242,50.28125,49.0,-0.6294655203819275,7.267369270324707,3.25223970413208,0.5394126772880554,0.0416666679084301,0.9583333730697632,-0.001642364775761962,0.009999999776482582,50.5,0.019810695201158524,0.9895833730697632,0.01709253340959549,0.99979168176651,0.0,0.0,-7.544671535491943,493.8645935058594,4.633230209350586,-4.636984825134277,-4.640260696411133,0.009999372065067291,0.010416666977107525,0.0520833358168602,4.573565483093262,0.018328610807657242,50.281253814697266,47.25,-0.6294655799865723,4.6412248611450195,0.010416666977107525,4.321502685546875,1.0,9.999999747378752e-05,9.999999747378752e-06,4.508365631103516,-4.510098457336426,-4.526779651641846,0.011283846572041512,0.03125,0.1145833432674408,4.572852611541748,0.018109340220689774,36.08333206176758,29.5,-0.49489670991897583,4.508365631103516,-4.510098457336426,-4.526779651641846,0.011283846572041512,0.03125,0.1145833432674408,4.572852611541748,0.018109340220689774,36.08333206176758,29.5,-0.49489670991897583,0.4498079717159271,5.197580814361572,37.08983612060547,1.9337857961654663,4.633230209350586,24.0
2100,21.815317153930664,4.7922135308908764e-06,9.999999747378752e-06,1.1582287549972534,4.632915019989014,0.20121599733829498,40.966796875,0.008779648691415787,0.0007197944214567542,0.07412347942590714,-0.00018239411292597651,7.351778984069824,7.351778984069824,-4.6353440284729,-11.98712158203125,0.010024737566709518,0.025774067267775536,7.351778913289309e-05,-4.285999774932861,26.921924591064453,18.517425537109375,24.08251953125,0.0,0.07611668854951859,4.823395252227783,30.52522850036621,0.9740971326828003,0.49507689476013184,0.05139109864830971,2001.0,2016.9599609375,9.999999747378752e-06,24.0,1.0,331.0621337890625,2.989948034286499,0.07688506692647934,45.4112548828125,1.0168838500976562,63.544761657714844,109.97332763671875,2.989884853363037,5.6057047843933105,0.9691286087036133,3.1719107627868652,5.677254676818848,9.203866958618164,12.833843231201172,11.98712158203125,-12.063526153564453,-11.382312774658203,0.008357006125152111,0.010416666977107525,0.0520833358168602,1.2705864906311035,0.6149249076843262,51.083335876464844,52.0,-11.399190902709961,-11.399190902709961,1.0115512609481812,4.6353440284729,-4.6369853019714355,-4.640239715576172,0.009999371133744717,0.010416666977107525,0.0416666679084301,4.573565483093262,0.018328610807657242,50.083335876464844,49.0,-0.6518141031265259,7.267369270324707,3.25223970413208,0.5394126772880554,0.03125,0.9583333730697632,-0.001642364775761962,0.009999999776482582,50.5,0.019432105123996735,0.9895833730697632,0.01692812144756317,0.9997944831848145,0.0,0.0,-7.544671535491943,493.8645935058594,4.6353440284729,-4.636984825134277,-4.638639450073242,0.009999372065067291,0.010416666977107525,0.0416666679084301,4.573565483093262,0.018328610807657242,50.083335876464844,46.75,-0.6518141031265259,4.6353440284729,0.010416666977107525,4.20896577835083,1.0,9.999999747378752e-05,9.999999747378752e-06,4.510098457336426,-4.511435508728027,-4.526779651641846,0.011283846572041512,0.03125,0.1145833432674408,4.572852611541748,0.018109340220689774,36.08333206176758,29.5,-0.49489670991897583,4.510098457336426,-4.511435508728027,-4.526779651641846,0.011283846572041512,0.03125,0.1145833432674408,4.572852611541748,0.018109340220689774,36.08333206176758,29.5,-0.49489670991897583,0.45145612955093384,5.182188987731934,36.97859191894531,1.9342396259307861,4.6353440284729,24.0
2110,22.12594985961914,5.757808594353264e-06,9.999999747378752e-06,1.1513310670852661,4.6053242683410645,0.20217600464820862,40.966796875,0.00837501510977745,0.0007197944214567542,0.07446204125881195,-0.00018239411292597651,7.054244041442871,7.054244041442871,-4.672297954559326,-11.726542472839355,0.009649250656366348,0.0034972901921719313,7.054243906168267e-05,-2.6493589878082275,34.9052848815918,17.853609085083008,34.43308639526367,0.0,0.08005783706903458,4.838804244995117,30.636470794677734,0.9737439155578613,0.49665847420692444,0.05139109864830971,2011.0,2026.56005859375,9.999999747378752e-06,24.0,1.0,330.466552734375,2.9898996353149414,0.07611668854951859,45.55773162841797,1.0112802982330322,63.67158508300781,110.26690673828125,2.9898321628570557,5.9839067459106445,1.0876035690307617,3.4254469871520996,5.960712432861328,9.348299026489258,14.712118148803711,11.98712158203125,-12.063526153564453,-11.382312774658203,0.007830265909433365,0.010416666977107525,0.0520833358168602,1.275175929069519,0.6089727282524109,51.083335876464844,51.0,-11.399190902709961,-11.399190902709961,1.0115512609481812,4.6353440284729,-4.6369853019714355,-4.640239715576172,0.009999371133744717,0.010416666977107525,0.0520833358168602,4.573565483093262,0.018328610807657242,50.083335876464844,49.0,-0.6518141031265259,7.219917297363281,3.209284543991089,0.5373013615608215,0.03125,0.9583333730697632,-0.001790931448340416,0.009999999776482582,50.5,0.019328901544213295,0.9895833730697632,0.016423597931861877,0.9997956156730652,0.0,0.0,-7.5376362800598145,489.7083740234375,4.6353440284729,-4.636984825134277,-4.638639450073242,0.009999372065067291,0.010416666977107525,0.0520833358168602,4.573565483093262,0.018328610807657242,50.083335876464844,46.75,-0.6518141031265259,4.6257710456848145,0.010416666977107525,4.288992404937744,1.0,9.999999747378752e-05,9.999999747378752e-06,4.511435508728027,-4.513433933258057,-4.528492450714111,0.011269289068877697,0.03125,0.1145833432674408,4.572852611541748,0.018109340220689774,36.26041793823242,30.0,-0.5299999713897705,4.511435508728027,-4.513433933258057,-4.528492450714111,0.011269289068877697,0.03125,0.1145833432674408,4.572852611541748,0.018109340220689774,36.26041793823242,30.0,-0.5299999713897705,0.45310133695602417,5.167419910430908,36.86766815185547,1.9384721517562866,4.6353440284729,24.0
2120,22.356164932250977,6.163120360724861e-06,9.999999747378752e-06,1.1239827871322632,4.495931148529053,0.20313599705696106,40.966796875,0.008779648691415787,0.0007351386593654752,0.07536940276622772,-0.00012809058534912765,7.665911674499512,7.665911674499512,-4.670623779296875,-12.336535453796387,0.009652494452893734,0.0013336497358977795,7.665911107324064e-05,-0.8895623683929443,30.517799377441406,16.542177200317383,18.311786651611328,0.0,0.11688828468322754,4.8556227684021,30.747398376464844,0.9737210869789124,0.4983847439289093,0.05139109864830971,2021.0,2036.1600341796875,9.999999747378752e-06,24.0,1.0,331.1163330078125,2.9897429943084717,0.07810993492603302,45.76860809326172,0.995329737663269,63.68872833251953,110.44035339355469,2.989677906036377,6.074763298034668,0.8208339214324951,3.31260347366333,6.121213436126709,9.802258491516113,14.103912353515625,11.98712158203125,-12.063526153564453,-11.382312774658203,0.007830265909433365,0.010416666977107525,0.0520833358168602,1.301599144935608,0.6089727282524109,50.90625,51.0,-11.399190902709961,-11.399190902709961,1.0080446004867554,4.6369853019714355,-4.638423442840576,-4.644510746002197,0.009975481778383255,0.010416666977107525,0.0416666679084301,4.573565483093262,0.018328610807657242,50.41666793823242,50.0,-0.6518141031265259,7.219917297363281,3.1980700492858887,0.536696195602417,0.03125,0.9583333730697632,-0.001790931448340416,0.009999999776482582,50.5,0.0191313698887825,0.9895833730697632,0.016231002286076546,0.9998019933700562,0.0,0.0,-7.541990280151367,489.7083740234375,4.636984825134277,-4.638423442840576,-4.64370059967041,0.00997548270970583,0.010416666977107525,0.0416666679084301,4.573565483093262,0.018328610807657242,50.41666793823242,47.5,-0.6518141031265259,4.6297149658203125,0.010416666977107525,4.288992404937744,1.0,9.999999747378752e-05,9.999999747378752e-06,4.513433933258057,-4.517756462097168,-4.529903411865234,0.011257577687501907,0.02083333395421505,0.1145833358168602,4.573079586029053,0.017900066450238228,37.07291793823242,31.0,-0.49489670991897583,4.513433933258057,-4.517756462097168,-4.529903411865234,0.011257577687501907,0.02083333395421505,0.1145833358168602,4.573079586029053,0.017900066450238228,37.07291793823242,31.0,-0.49489670991897583,0.4547419250011444,5.1511006355285645,36.75727844238281,1.9479292631149292,4.636984825134277,24.0
2130,22.201833724975586,5.2213667913747486e-06,9.999999747378752e-06,1.1318999528884888,4.527599811553955,0.2040960043668747,40.966796875,0.008779648691415787,0.0007351386593654752,0.07536940276622772,-0.00012809058534912765,6.835679531097412,6.835679531097412,-4.577810287475586,-11.413490295410156,0.010480045340955257,0.013593439012765884,6.835679232608527e-05,-4.317692756652832,31.96479606628418,15.314535140991211,22.5689697265625,0.0,0.08669372648000717,4.870380878448486,30.857786178588867,0.9736091494560242,0.4998995065689087,0.05153448507189751,2031.0,2045.760009765625,9.999999747378752e-06,24.0,1.0,331.62200927734375,2.9896247386932373,0.08275149017572403,45.917030334472656,0.9830536842346191,63.68595504760742,110.55431365966797,2.989555835723877,5.401179313659668,0.9265820980072021,3.302826404571533,6.010380268096924,9.086080551147461,12.819485664367676,11.98712158203125,-12.063526153564453,-11.514167785644531,0.007830265909433365,0.010416666977107525,0.0520833358168602,1.301599144935608,0.6089727282524109,50.90625,51.0,-11.399190902709961,-11.399190902709961,1.0080446004867554,4.6353440284729,-4.6369853019714355,-4.640239715576172,0.009999371133744717,0.010416666977107525,0.0416666679084301,4.574977874755859,0.018307898193597794,50.083335876464844,49.0,-0.6506373286247253,7.219917297363281,3.1980700492858887,0.536696195602417,0.03125,0.9583333730697632,-0.001790931448340416,0.009999999776482582,50.5,0.0191313698887825,0.9895833730697632,0.016423597931861877,0.9997956156730652,0.0,0.0,-7.5376362800598145,489.7083740234375,4.6353440284729,-4.636984825134277,-4.638639450073242,0.009999372065067291,0.010416666977107525,0.0416666679084301,4.574977874755859,0.018307898193597794,50.083335876464844,46.75,-0.6506373882293701,4.6297149658203125,0.010416666977107525,4.383714199066162,1.0,9.999999747378752e-05,9.999999747378752e-06,4.511435508728027,-4.513433933258057,-4.528492450714111,0.011269289068877697,0.03125,0.1145833432674408,4.573079586029053,0.017900066450238228,36.26041793823242,30.0,-0.48705679178237915,4.511435508728027,-4.513433933258057,-4.528492450714111,0.011269289068877697,0.03125,0.1145833432674408,4.573079586029053,0.017900066450238228,36.26041793823242,30.0,-0.48705679178237915,0.45637452602386475,5.135092735290527,36.64714431762695,1.9479864835739136,4.6353440284729,24.0
2140,22.439985275268555,6.008148375258315e-06,9.999999747378752e-06,1.1194788217544556,4.477915287017822,0.20505599677562714,40.966796875,0.009093303233385086,0.0007351386593654752,0.07536940276622772,-0.00018239411292597651,6.962471961975098,6.962471961975098,-4.6425604820251465,-11.605032920837402,0.009982876479625702,0.0028326231986284256,6.96247152518481e-05,-2.3777382373809814,25.70110321044922,16.631694793701172,19.14951515197754,0.0,0.0964808464050293,4.885782718658447,30.967920303344727,0.9733697175979614,0.5014804005622864,0.05139109864830971,2041.0,2055.360107421875,9.999999747378752e-06,24.0,1.0,331.25933837890625,2.989530086517334,0.08852662146091461,45.90092086791992,0.9748096466064453,63.470890045166016,110.3476333618164,2.9894704818725586,5.111443996429443,0.9833786487579346,3.2309927940368652,5.942312240600586,9.063172340393066,12.76733112335205,11.98712158203125,-12.063526153564453,-11.514167785644531,0.007830265909433365,0.010416666977107525,0.0520833358168602,1.301599144935608,0.6089727282524109,50.90625,51.0,-11.399190902709961,-11.399190902709961,1.0080446004867554,4.6369853019714355,-4.638423442840576,-4.640239715576172,0.009999371133744717,0.010416666977107525,0.0520833358168602,4.573565483093262,0.018328610807657242,50.083335876464844,48.0,-0.6518141031265259,7.219917297363281,3.1980700492858887,0.536696195602417,0.03125,0.96875,-0.001790931448340416,0.009999999776482582,50.5,0.019328901544213295,0.9895833730697632,0.01692812144756317,0.9997944831848145,0.0,0.0,-7.541990280151367,493.8645935058594,4.636984825134277,-4.638423442840576,-4.64370059967041,0.009999372065067291,0.010416666977107525,0.0520833358168602,4.573565483093262,0.018328610807657242,50.083335876464844,46.75,-0.6518141031265259,4.6408491134643555,0.010416666977107525,4.248904228210449,1.0,9.999999747378752e-05,9.999999747378752e-06,4.511435508728027,-4.513433933258057,-4.529903411865234,0.011269289068877697,0.02083333395421505,0.1145833432674408,4.572916030883789,0.018109340220689774,36.26041793823242,30.0,-0.49489670991897583,4.511435508728027,-4.513433933258057,-4.529903411865234,0.011269289068877697,0.02083333395421505,0.1145833432674408,4.572916030883789,0.018109340220689774,36.26041793823242,30.0,-0.49489670991897583,0.45800334215164185,5.119358062744141,36.537322998046875,1.9499417543411255,4.636984825134277,24.0
2150,22.306875228881836,6.10351571594947e-06,9.999999747378752e-06,1.1485769748687744,4.594307899475098,0.20601600408554077,40.966796875,0.009093303233385086,0.0006603563670068979,0.07446204125881195,-0.00012809058534912765,7.344700813293457,7.344700813293457,-4.646309852600098,-11.991010665893555,0.009985281154513359,0.007194105535745621,7.344700861722231e-05,-3.5148048400878906,28.62220573425293,15.892237663269043,24.385896682739258,0.0,0.13071994483470917,4.90223503112793,31.077739715576172,0.9728536009788513,0.503169059753418,0.05153448507189751,2051.0,2064.9599609375,9.999999747378752e-06,24.0,1.0,332.1220397949219,2.9894745349884033,0.10729857534170151,45.764461517333984,0.9688128232955933,63.25466537475586,109.9879379272461,2.9894070625305176,5.186092376708984,0.8520658016204834,3.0647096633911133,5.8718061447143555,9.314602851867676,13.146480560302734,11.991010665893555,-12.063526153564453,-11.514167785644531,0.007194105535745621,0.010416666977107525,0.0520833358168602,1.3208836317062378,0.6089727282524109,51.083335876464844,51.0,-11.399190902709961,-11.399190902709961,1.0115512609481812,4.638423442840576,-4.638928413391113,-4.640239715576172,0.009985281154513359,0.010416666977107525,0.0520833358168602,4.573565483093262,0.018307898193597794,50.41666793823242,48.0,-0.6506373286247253,7.219917297363281,3.196934223175049,0.5366014242172241,0.03125,0.96875,-0.0027911760844290257,0.009999999776482582,50.5,0.019328901544213295,0.9895833730697632,0.01692812144756317,0.9997944831848145,0.0,0.0,-7.5376362800598145,493.8645935058594,4.638423442840576,-4.6389288902282715,-4.64370059967041,0.009985281154513359,0.010416666977107525,0.0520833358168602,4.573565483093262,0.018307898193597794,50.41666793823242,46.75,-0.6506373882293701,4.6357197761535645,0.010416666977107525,4.13087797164917,1.0,9.999999747378752e-05,9.999999747378752e-06,4.513433933258057,-4.518429756164551,-4.534383773803711,0.011257577687501907,0.03125,0.1145833358168602,4.573079586029053,0.018109340220689774,37.07291793823242,31.0,-0.49489670991897583,4.513433933258057,-4.518429756164551,-4.534383773803711,0.011257577687501907,0.03125,0.1145833358168602,4.573079586029053,0.018109340220689774,37.07291793823242,31.0,-0.49489670991897583,0.45962753891944885,5.105472087860107,36.4277229309082,1.9561340808868408,4.638423442840576,24.0
2160,22.29971694946289,6.401538939826423e-06,9.999999747378752e-06,1.1443274021148682,4.577309608459473,0.2069759964942932,40.966796875,0.00837501510977745,0.0006603563670068979,0.07536940276622772,-0.000348386267432943,9.980630874633789,9.980630874633789,-4.628204822540283,-14.60883617401123,0.009918995201587677,0.002145707607269287,9.980630420614034e-05,-2.923084259033203,27.76498794555664,21.634862899780273,25.12582778930664,0.0,0.10062017291784286,4.919821262359619,31.187339782714844,0.9727343916893005,0.5049741268157959,0.05153448507189751,2061.0,2074.56005859375,9.999999747378752e-06,24.0,1.0,334.32269287109375,2.9893763065338135,0.11660665273666382,44.948184967041016,0.959736168384552,62.25697326660156,108.16302490234375,2.9893038272857666,5.89154052734375,1.6100046634674072,3.8534820079803467,6.724247932434082,11.231267929077148,14.626794815063477,12.063526153564453,-12.072096824645996,-11.514167785644531,0.006627505179494619,0.0,0.0520833358168602,1.301599144935608,0.6149249076843262,50.60416793823242,51.0,-11.441157341003418,-11.441157341003418,1.0020626783370972,4.638423442840576,-4.638928413391113,-4.640239715576172,0.009982876479625702,0.010416666977107525,0.0520833358168602,4.573565483093262,0.018307898193597794,50.677085876464844,49.0,-0.6506373286247253,7.3076090812683105,3.1980700492858887,0.536696195602417,0.03125,0.96875,-0.0031724504660815,0.009999999776482582,50.5,0.019328901544213295,0.9895833730697632,0.01692812144756317,0.9997956156730652,0.0,0.0,-7.541990280151367,494.97918701171875,4.638423442840576,-4.6389288902282715,-4.64370059967041,0.009982876479625702,0.010416666977107525,0.0520833358168602,4.573565483093262,0.018307898193597794,50.677085876464844,47.5,-0.6506373882293701,4.635036468505859,0.0,4.196496486663818,1.0,9.999999747378752e-05,9.999999747378752e-06,4.513433933258057,-4.518429756164551,-4.534383773803711,0.011257577687501907,0.02083333395421505,0.1145833358168602,4.574650764465332,0.018109340220689774,37.07291793823242,31.0,-0.49489670991897583,4.513433933258057,-4.518429756164551,-4.534383773803711,0.011257577687501907,0.02083333395421505,0.1145833358168602,4.574650764465332,0.018109340220689774,37.07291793823242,31.0,-0.49489670991897583,0.4612484872341156,5.089687347412109,36.31852340698242,1.9671738147735596,4.638423442840576,24.0
2170,22.27694320678711,6.473064331657952e-06,9.999999747378752e-06,1.14580237865448,4.58320951461792,0.20793600380420685,40.966796875,0.008296715095639229,0.0006256009801290929,0.07536940276622772,-0.00013358303112909198,13.882535934448242,13.882535934448242,-4.63610315322876,-18.518638610839844,0.01000971905887127,0.000674657872878015,0.00013882535859011114,-0.8205046653747559,30.202245712280273,26.065820693969727,29.46657943725586,0.0,0.15699902176856995,4.935060501098633,31.296539306640625,0.9727337956428528,0.5065382719039917,0.05264878273010254,2071.0,2084.159912109375,9.999999747378752e-06,24.0,1.0,336.0238037109375,2.9894378185272217,0.09767595678567886,44.60733413696289,0.9633055925369263,61.34479904174805,107.0257797241211,2.989337921142578,6.491036415100098,2.0454113483428955,4.923228740692139,8.848407745361328,13.550806045532227,18.744464874267578,12.063526153564453,-12.072096824645996,-11.514167785644531,0.006627505179494619,0.0,0.0520833358168602,1.301599144935608,0.6157844066619873,50.60416793823242,51.0,-11.441157341003418,-11.441157341003418,1.0020626783370972,4.6369853019714355,-4.638423442840576,-4.644510746002197,0.009985281154513359,0.010416666977107525,0.0520833358168602,4.574977874755859,0.018056493252515793,50.85416793823242,50.0,-0.6177273988723755,7.3076090812683105,3.1980700492858887,0.536696195602417,0.02083333395421505,0.96875,-0.0031724504660815,0.009999999776482582,50.5,0.01937512308359146,0.9895833730697632,0.01709253340959549,0.9997944831848145,0.0,0.0,-7.544671535491943,497.7708740234375,4.636984825134277,-4.638423442840576,-4.64693546295166,0.009985281154513359,0.010416666977107525,0.0520833358168602,4.574977874755859,0.018056493252515793,50.85416793823242,47.5,-0.6177273988723755,4.63610315322876,0.0,4.17926549911499,1.0,9.999999747378752e-05,9.999999747378752e-06,4.513433933258057,-4.519768714904785,-4.534383773803711,0.011260551400482655,0.02083333395421505,0.1145833358168602,4.574650764465332,0.01849476620554924,37.28125,30.0,-0.5299999713897705,4.513433933258057,-4.519768714904785,-4.534383773803711,0.011260551400482655,0.02083333395421505,0.1145833358168602,4.574650764465332,0.01849476620554924,37.28125,30.0,-0.5299999713897705,0.4628635048866272,5.073399543762207,36.20970916748047,1.96781325340271,4.636984825134277,24.0
2180,21.826053619384766,4.804134277947014e-06,9.999999747378752e-06,1.1529178619384766,4.611671447753906,0.2088959962129593,40.966796875,0.007525053806602955,0.0006256009801290929,0.08792182803153992,-0.00013358303112909198,9.107675552368164,9.107675552368164,-4.592431545257568,-13.700106620788574,0.010364358313381672,0.0018931770464405417,9.107675577979535e-05,-2.2739171981811523,26.962932586669922,18.10542869567871,23.51480484008789,0.0,0.1002117246389389,4.949540138244629,31.405353546142578,0.9726847410202026,0.5080245137214661,0.05264878273010254,2081.0,2093.760009765625,9.999999747378752e-06,24.0,1.0,334.057373046875,2.9898738861083984,0.10321367532014847,45.058563232421875,1.0021612644195557,61.27174758911133,107.3134994506836,2.9897351264953613,6.820398807525635,2.0454113483428955,5.465231418609619,9.145719528198242,14.147882461547852,20.06505584716797,12.072096824645996,-12.197332382202148,-11.514167785644531,0.006627505179494619,0.0,0.0520833358168602,1.2705864906311035,0.6169006824493408,50.60416793823242,51.0,-11.68844223022461,-11.68844223022461,1.0020626783370972,4.63610315322876,-4.6369853019714355,-4.644510746002197,0.009999371133744717,0.010416666977107525,0.0520833358168602,4.574855804443359,0.018056493252515793,50.677085876464844,49.0,-0.6177273988723755,7.365386009216309,3.2726123332977295,0.5373013615608215,0.02083333395421505,0.96875,-0.0031724504660815,0.009999999776482582,50.5,0.019810695201158524,0.9895833730697632,0.01709253340959549,0.9997916221618652,0.0,0.0,-7.541990280151367,499.9583740234375,4.63610315322876,-4.636984825134277,-4.64370059967041,0.009999372065067291,0.010416666977107525,0.0520833358168602,4.574855804443359,0.018056493252515793,50.677085876464844,47.5,-0.6177273988723755,4.62724494934082,0.010416666977107525,3.9965219497680664,1.0,9.999999747378752e-05,9.999999747378752e-06,4.511435508728027,-4.513433933258057,-4.529903411865234,0.011262785643339157,0.02083333395421505,0.1145833358168602,4.572985649108887,0.018634922802448273,36.26041793823242,29.5,-0.538227915763855,4.511435508728027,-4.513433933258057,-4.529903411865234,0.011262785643339157,0.02083333395421505,0.1145833358168602,4.572985649108887,0.018634922802448273,36.26041793823242,29.5,-0.538227915763855,0.46447283029556274,5.057154178619385,36.10126495361328,1.9715960025787354,4.63610315322876,24.0
2190,22.10232925415039,5.841255187988281e-06,9.999999747378752e-06,1.1502004861831665,4.600801944732666,0.20985600352287292,40.966796875,0.007525053806602955,0.0005662097246386111,0.07536940276622772,-0.00013358303112909198,8.04330062866211,8.04330062866211,-4.628221035003662,-12.67152214050293,0.010181074030697346,0.005319379270076752,8.04330047685653e-05,-3.162355899810791,24.391803741455078,15.567493438720703,20.85141372680664,0.0,0.11986150592565536,4.964492321014404,31.51380157470703,0.9725134968757629,0.5095592141151428,0.05409405007958412,2091.0,2103.360107421875,9.999999747378752e-06,24.0,1.0,332.7305603027344,2.990072727203369,0.11981870234012604,45.449283599853516,1.0287302732467651,61.53800582885742,108.09489440917969,2.9899895191192627,6.0775837898254395,1.6829802989959717,4.688124656677246,7.994855880737305,12.362165451049805,16.609588623046875,12.072096824645996,-12.197332382202148,-11.514167785644531,0.005319379270076752,0.0,0.0416666679084301,1.2705864906311035,0.6169006824493408,51.083335876464844,51.0,-11.68844223022461,-11.68844223022461,1.0115512609481812,4.63610315322876,-4.6369853019714355,-4.644510746002197,0.009999371133744717,0.010416666977107525,0.0520833358168602,4.5733113288879395,0.018307898193597794,50.677085876464844,49.0,-0.6506373286247253,7.365386009216309,3.2726123332977295,0.5373013615608215,0.02083333395421505,0.9791666865348816,-0.004861694760620594,0.009999999776482582,50.5,0.01937512308359146,0.9895833730697632,0.01709253340959549,0.9997916221618652,0.0,0.0,-7.541990280151367,499.9583740234375,4.63610315322876,-4.636984825134277,-4.64370059967041,0.009999372065067291,0.010416666977107525,0.0520833358168602,4.5733113288879395,0.018307898193597794,50.677085876464844,47.5,-0.6506373882293701,4.6179704666137695,0.010416666977107525,4.190824031829834,1.0,9.999999747378752e-05,9.999999747378752e-06,4.511435508728027,-4.513433933258057,-4.534383773803711,0.011262785643339157,0.02083333395421505,0.1145833358168602,4.572916030883789,0.01864694431424141,36.76042175292969,29.5,-0.545288622379303,4.511435508728027,-4.513433933258057,-4.534383773803711,0.011262785643339157,0.02083333395421505,0.1145833358168602,4.572916030883789,0.01864694431424141,36.76042175292969,29.5,-0.545288622379303,0.46607673168182373,5.041179180145264,35.99314498901367,1.9728111028671265,4.63610315322876,24.0
2200,22.17984390258789,5.781650543212891e-06,9.999999747378752e-06,1.139527678489685,4.55811071395874,0.21081599593162537,40.966796875,0.007525053806602955,0.0005568226333707571,0.07536940276622772,-0.00012809058534912765,7.321285247802734,7.321285247802734,-4.651032447814941,-11.97231674194336,0.009835696779191494,0.0032150547485798597,7.321285374928266e-05,-2.1253604888916016,22.92062759399414,16.922195434570312,22.83133316040039,0.0,0.08344899117946625,4.980408191680908,31.621919631958008,0.9721437692642212,0.511192798614502,0.05409405007958412,2101.0,2112.9599609375,9.999999747378752e-06,24.0,1.0,332.4813537597656,2.9900615215301514,0.10213379561901093,44.97556686401367,1.0283242464065552,61.566062927246094,107.57093811035156,2.9899845123291016,5.5932536125183105,1.082078456878662,3.7208492755889893,7.1556901931762695,11.021352767944336,15.347696304321289,11.991010665893555,-12.072096824645996,-11.382312774658203,0.004139548167586327,0.0,0.0416666679084301,1.2705864906311035,0.6169006824493408,51.083335876464844,51.0,-11.409500122070312,-11.409500122070312,1.0115512609481812,4.6369853019714355,-4.638423442840576,-4.644824981689453,0.009985281154513359,0.010416666977107525,0.0520833358168602,4.574855804443359,0.018307898193597794,50.85416793823242,50.0,-0.6518141031265259,7.365386009216309,3.280460834503174,0.5373013615608215,0.02083333395421505,0.9791666865348816,-0.005917247384786606,0.009999999776482582,50.5,0.0191313698887825,0.9895833730697632,0.01709253340959549,0.9997944831848145,0.0,0.0,-7.544671535491943,499.9583740234375,4.636984825134277,-4.638423442840576,-4.650976657867432,0.009985281154513359,0.010416666977107525,0.0520833358168602,4.574855804443359,0.018307898193597794,50.85416793823242,47.75,-0.6518141031265259,4.628220558166504,0.010416666977107525,4.190824031829834,1.0,9.999999747378752e-05,9.999999747378752e-06,4.513433933258057,-4.519768714904785,-4.538174629211426,0.011260551400482655,0.02083333395421505,0.1145833358168602,4.572985649108887,0.01849476620554924,37.60416793823242,31.25,-0.538227915763855,4.513433933258057,-4.519768714904785,-4.538174629211426,0.011260551400482655,0.02083333395421505,0.1145833358168602,4.572985649108887,0.01849476620554924,37.60416793823242,31.25,-0.538227915763855,0.46767574548721313,5.025943756103516,35.885250091552734,1.9755909442901611,4.636984825134277,24.0
2210,21.863943099975586,4.732608886115486e-06,9.999999747378752e-06,1.1585556268692017,4.634222507476807,0.211776003241539,40.966796875,0.007525053806602955,0.0005662097246386111,0.07536940276622772,-0.00012809058534912765,7.611386775970459,7.611386775970459,-4.666205883026123,-12.277593612670898,0.009620915167033672,0.00840729009360075,7.611386536154896e-05,-3.1743063926696777,24.274173736572266,16.962139129638672,22.73098373413086,0.0,0.09207604080438614,4.997599124908447,31.729812622070312,0.9718172550201416,0.5129572749137878,0.05409405007958412,2111.0,2122.56005859375,9.999999747378752e-06,24.0,1.0,331.35430908203125,2.990011692047119,0.08894322067499161,44.45673751831055,1.0232895612716675,61.572914123535156,107.07688903808594,2.9899349212646484,5.489712238311768,1.316087007522583,3.7208492755889893,6.799614429473877,10.567968368530273,15.042171478271484,11.991010665893555,-12.072096824645996,-11.382312774658203,0.004139548167586327,0.0,0.0416666679084301,1.277265191078186,0.6169006824493408,51.489585876464844,51.0,-11.409500122070312,-11.409500122070312,1.019595742225647,4.6369853019714355,-4.638423442840576,-4.644824981689453,0.009985281154513359,0.010416666977107525,0.0520833358168602,4.574855804443359,0.018307898193597794,50.85416793823242,50.0,-0.6518141031265259,7.365386009216309,3.2738728523254395,0.5373013615608215,0.02083333395421505,0.9791666865348816,-0.005917247384786606,0.009999999776482582,50.5,0.018485240638256073,0.9895833730697632,0.01709253340959549,0.9997944831848145,0.0,0.0,-7.544671535491943,499.9583740234375,4.636984825134277,-4.638423442840576,-4.650976657867432,0.009985281154513359,0.010416666977107525,0.0520833358168602,4.574855804443359,0.018307898193597794,50.85416793823242,47.75,-0.6518141031265259,4.640756130218506,0.010416666977107525,4.200057029724121,1.0,9.999999747378752e-05,9.999999747378752e-06,4.513433933258057,-4.519768714904785,-4.534383773803711,0.011260551400482655,0.02083333395421505,0.1145833358168602,4.572985649108887,0.01849476620554924,37.60416793823242,29.5,-0.538227915763855,4.513433933258057,-4.519768714904785,-4.534383773803711,0.011260551400482655,0.02083333395421505,0.1145833358168602,4.572985649108887,0.01849476620554924,37.60416793823242,29.5,-0.538227915763855,0.4692714512348175,5.012293338775635,35.77761459350586,1.9787095785140991,4.636984825134277,24.0
2220,22.663257598876953,5.769729796156753e-06,9.999999747378752e-06,1.0813897848129272,4.325559139251709,0.21273599565029144,40.966796875,0.008296715095639229,0.0005662097246386111,0.0701642781496048,-0.00012809058534912765,6.950275421142578,6.950275421142578,-4.660327434539795,-11.610603332519531,0.00968923233449459,0.022228654474020004,6.950275565031916e-05,-4.617563724517822,26.86373519897461,17.179115295410156,25.79387092590332,0.0,0.0759715884923935,5.012928009033203,31.837448120117188,0.9716088771820068,0.5145306587219238,0.05409405007958412,2121.0,2132.159912109375,9.999999747378752e-06,24.0,1.0,330.8427734375,2.989964008331299,0.08392075449228287,44.21223068237305,1.0184584856033325,61.71846008300781,107.0088119506836,2.9898886680603027,5.5321526527404785,1.2115349769592285,3.754765510559082,6.714174270629883,10.481683731079102,14.253265380859375,11.98712158203125,-11.991010665893555,-11.382312774658203,0.004139548167586327,0.0,0.0520833358168602,1.277265191078186,0.6169006824493408,51.489585876464844,51.0,-11.399190902709961,-11.399190902709961,1.019595742225647,4.638423442840576,-4.639767646789551,-4.646787643432617,0.009982876479625702,0.010416666977107525,0.0520833358168602,4.5733232498168945,0.01843932829797268,50.85416793823242,50.0,-0.6694009304046631,7.3076090812683105,3.2738728523254395,0.5373013615608215,0.02083333395421505,0.9791666865348816,-0.005917247384786606,0.009999999776482582,50.5,0.01848464086651802,0.9895833730697632,0.01709253340959549,0.9997944831848145,0.0,0.0,-7.541990280151367,499.9583740234375,4.638423442840576,-4.639767169952393,-4.654536724090576,0.009982876479625702,0.010416666977107525,0.0520833358168602,4.5733232498168945,0.01843932829797268,50.85417175292969,48.25,-0.6694009304046631,4.631228446960449,0.0,4.17549991607666,1.0,9.999999747378752e-05,9.999999747378752e-06,4.519768714904785,-4.520146369934082,-4.534383773803711,0.011257577687501907,0.02083333395421505,0.1145833358168602,4.572985649108887,0.01830838993191719,37.63541793823242,31.25,-0.5329502820968628,4.519768714904785,-4.520146369934082,-4.534383773803711,0.011257577687501907,0.02083333395421505,0.1145833358168602,4.572985649108887,0.01830838993191719,37.63541793823242,31.25,-0.5329502820968628,0.47086334228515625,4.998371601104736,35.670318603515625,1.9812310934066772,4.638423442840576,24.0
2230,22.77073097229004,5.4717065722798e-06,9.999999747378752e-06,1.1475179195404053,4.590071678161621,0.21369600296020508,40.966796875,0.009093303233385086,0.0005811071605421603,0.07536940276622772,-7.290413486771286e-05,6.7241034507751465,6.7241034507751465,-4.602377891540527,-11.3264799118042,0.010318418964743614,0.03169192373752594,6.724103877786547e-05,-4.879877090454102,24.84284210205078,15.662494659423828,21.345439910888672,0.0,0.09775973856449127,5.02732515335083,31.944746017456055,0.9714405536651611,0.5160083770751953,0.05435357987880707,2131.0,2141.760009765625,9.999999747378752e-06,24.0,1.0,330.61810302734375,2.989854335784912,0.09068204462528229,44.02496337890625,1.007570505142212,61.70060348510742,106.75297546386719,2.989783763885498,5.545546531677246,0.6435410976409912,3.3547606468200684,6.192260265350342,9.859597206115723,14.15644645690918,11.98712158203125,-11.991010665893555,-11.382312774658203,0.004139548167586327,0.0,0.0520833358168602,1.277265191078186,0.6169006824493408,51.489585876464844,51.0,-11.399190902709961,-11.399190902709961,1.019595742225647,4.6369853019714355,-4.639767646789551,-4.644824981689453,0.009982876479625702,0.010416666977107525,0.0520833358168602,4.5733232498168945,0.01843932829797268,50.85416793823242,50.0,-0.6694009304046631,7.3076090812683105,3.2738728523254395,0.5373013615608215,0.02083333395421505,0.9791666865348816,-0.005917247384786606,0.009999999776482582,50.5,0.01848464086651802,0.9895833730697632,0.01697343960404396,0.9997944831848145,0.0,0.0,-7.5376362800598145,499.9583740234375,4.636984825134277,-4.639767169952393,-4.654536724090576,0.009982876479625702,0.010416666977107525,0.0520833358168602,4.5733232498168945,0.01843932829797268,50.85416793823242,48.25,-0.6694009304046631,4.627725601196289,0.010416666977107525,4.0636420249938965,1.0,9.999999747378752e-05,9.999999747378752e-06,4.519768714904785,-4.520146369934082,-4.534383773803711,0.011257577687501907,0.02083333395421505,0.1145833358168602,4.572985649108887,0.01830838993191719,37.63541793823242,31.25,-0.5329502820968628,4.519768714904785,-4.520146369934082,-4.534383773803711,0.011257577687501907,0.02083333395421505,0.1145833358168602,4.572985649108887,0.01830838993191719,37.63541793823242,31.25,-0.5329502820968628,0.47245022654533386,4.983152866363525,35.563411712646484,1.9881315231323242,4.636984825134277,24.0
2240,22.23179054260254,5.054474058852065e-06,9.999999747378752e-06,1.1093106269836426,4.43724250793457,0.21465599536895752,40.966796875,0.009769756346940994,0.0005811071605421603,0.0701642781496048,-7.160547829698771e-05,7.997959136962891,7.997959136962891,-4.571135520935059,-12.56909465789795,0.010701107792556286,0.006300021894276142,7.997958891792223e-05,-3.4953653812408447,30.187562942504883,17.346750259399414,23.345802307128906,0.0,0.1361483633518219,5.04247522354126,32.05165481567383,0.9711276292800903,0.5175634026527405,0.05458527058362961,2141.0,2151.360107421875,9.999999747378752e-06,24.0,1.0,331.066650390625,2.9897961616516113,0.09783157706260681,43.721412658691406,1.002191424369812,61.391143798828125,106.11474609375,2.9897289276123047,5.456892013549805,0.6364831924438477,3.398189067840576,6.0751447677612305,9.629617691040039,14.15644645690918,11.991010665893555,-12.072096824645996,-11.414234161376953,0.005319379270076752,0.0,0.0520833358168602,1.277265191078186,0.6169006824493408,51.66666793823242,51.0,-11.409500122070312,-11.409500122070312,1.0231022834777832,4.6369853019714355,-4.639767646789551,-4.644824981689453,0.009982876479625702,0.010416666977107525,0.0520833358168602,4.574153423309326,0.01843932829797268,50.85416793823242,50.0,-0.6694009304046631,7.365386009216309,3.280460834503174,0.5413841009140015,0.02083333395421505,0.9791666865348816,-0.004861694760620594,0.009999999776482582,50.5,0.01848464086651802,0.9895833730697632,0.01697343960404396,0.9997956156730652,0.0,0.0,-7.536088943481445,497.7708740234375,4.636984825134277,-4.639767169952393,-4.654536724090576,0.009982876479625702,0.010416666977107525,0.0520833358168602,4.574153900146484,0.01843932829797268,50.85416793823242,48.25,-0.6694009304046631,4.626086711883545,0.010416666977107525,4.087160587310791,1.0,9.999999747378752e-05,9.999999747378752e-06,4.519768714904785,-4.520146369934082,-4.534383773803711,0.011257577687501907,0.02083333395421505,0.1145833358168602,4.572985649108887,0.01849476620554924,37.63541793823242,31.25,-0.545288622379303,4.519768714904785,-4.520146369934082,-4.534383773803711,0.011257577687501907,0.02083333395421505,0.1145833358168602,4.572985649108887,0.01849476620554924,37.63541793823242,31.25,-0.545288622379303,0.47403135895729065,4.967594623565674,35.45685958862305,1.9930458068847656,4.636984825134277,24.0
2250,22.629037857055664,5.888939085707534e-06,9.999999747378752e-06,1.1103012561798096,4.441205024719238,0.21561600267887115,40.966796875,0.009786941111087799,0.0005662097246386111,0.06658421456813812,-7.290413486771286e-05,8.967300415039062,8.967300415039062,-4.592485427856445,-13.559785842895508,0.010361790657043457,0.012802801094949245,8.967300527729094e-05,-4.18747091293335,31.096731185913086,19.832351684570312,28.848163604736328,0.0,0.0951385423541069,5.05930233001709,32.158203125,0.9710946083068848,0.519290566444397,0.05458527058362961,2151.0,2160.9599609375,9.999999747378752e-06,24.0,1.0,331.25787353515625,2.9897468090057373,0.09650428593158722,43.52603530883789,0.9968140125274658,61.231849670410156,105.7029800415039,2.9896745681762695,5.383492946624756,0.7862129211425781,3.593531608581543,6.768208980560303,10.412004470825195,14.38787841796875,11.991010665893555,-12.072096824645996,-11.414234161376953,0.005319379270076752,0.0,0.0520833358168602,1.277265191078186,0.6169006824493408,51.864585876464844,51.0,-11.409500122070312,-11.409500122070312,1.0270215272903442,4.63610315322876,-4.6369853019714355,-4.633577346801758,0.009985281154513359,0.010416666977107525,0.0520833358168602,4.574855804443359,0.018269238993525505,50.677085876464844,48.0,-0.6518141031265259,7.365386009216309,3.280460834503174,0.5413841009140015,0.02083333395421505,0.9791666865348816,-0.004861694760620594,0.009999999776482582,50.5,0.01848464086651802,0.9895833730697632,0.016423597931861877,0.9998013973236084,0.0,0.0,-7.533422946929932,497.7708740234375,4.63610315322876,-4.636984825134277,-4.650976657867432,0.009985281154513359,0.010416666977107525,0.0520833358168602,4.574855804443359,0.018269238993525505,50.677085876464844,47.5,-0.6518141031265259,4.636719703674316,0.010416666977107525,4.041819095611572,1.0,9.999999747378752e-05,9.999999747378752e-06,4.511435508728027,-4.519768714904785,-4.529903411865234,0.011260551400482655,0.02083333395421505,0.1145833358168602,4.572985649108887,0.01849476620554924,37.60416793823242,29.25,-0.545288622379303,4.511435508728027,-4.519768714904785,-4.529903411865234,0.011260551400482655,0.02083333395421505,0.1145833358168602,4.572985649108887,0.01849476620554924,37.60416793823242,29.25,-0.545288622379303,0.47560715675354004,4.950849533081055,35.350677490234375,1.9997843503952026,4.63610315322876,24.0
2260,22.60010528564453,5.376338776841294e-06,9.999999747378752e-06,1.1075876951217651,4.4303507804870605,0.2165759950876236,40.966796875,0.009929953143000603,0.0005811071605421603,0.0701642781496048,-7.160547829698771e-05,8.108879089355469,8.108879089355469,-4.643651962280273,-12.752531051635742,0.009863795712590218,0.00041464794776402414,8.108878682833165e-05,-0.4622650146484375,18.901844024658203,16.067726135253906,18.311309814453125,0.0,0.16348567605018616,5.074495792388916,32.26438522338867,0.9704810380935669,0.5208500027656555,0.05435357987880707,2161.0,2170.56005859375,9.999999747378752e-06,24.0,1.0,330.0817565917969,2.989675760269165,0.09543363004922867,43.285858154296875,0.9893484115600586,61.2229118347168,105.56449127197266,2.9895992279052734,5.63161039352417,0.9529519081115723,3.4089722633361816,6.8499908447265625,10.972634315490723,15.131661415100098,11.991010665893555,-12.072096824645996,-11.514167785644531,0.005319379270076752,0.0,0.0520833358168602,1.277265191078186,0.618315577507019,51.864585876464844,51.0,-11.409500122070312,-11.409500122070312,1.0270215272903442,4.6369853019714355,-4.639767646789551,-4.633577346801758,0.009982876479625702,0.010416666977107525,0.0520833358168602,4.574855804443359,0.018269238993525505,50.677085876464844,49.0,-0.6518141031265259,7.365386009216309,3.280460834503174,0.5413841009140015,0.02083333395421505,0.9791666865348816,-0.004861694760620594,0.009999999776482582,50.5,0.01937512308359146,0.9895833730697632,0.016423597931861877,0.9998013973236084,0.0,0.0,-7.533422946929932,497.7708740234375,4.636984825134277,-4.639767169952393,-4.650976657867432,0.009982876479625702,0.010416666977107525,0.0520833358168602,4.574855804443359,0.018269238993525505,50.677085876464844,47.5,-0.6518141031265259,4.625959396362305,0.0,3.920689582824707,1.0,9.999999747378752e-05,9.999999747378752e-06,4.519768714904785,-4.520146369934082,-4.53749942779541,0.011257577687501907,0.02083333395421505,0.1145833358168602,4.573134422302246,0.01830838993191719,37.63541793823242,30.0,-0.5329502820968628,4.519768714904785,-4.520146369934082,-4.53749942779541,0.011257577687501907,0.02083333395421505,0.1145833358168602,4.573134422302246,0.01830838993191719,37.63541793823242,30.0,-0.5329502820968628,0.47717756032943726,4.938830375671387,35.244544982910156,2.001169443130493,4.636984825134277,24.0
2270,22.37773323059082,6.139278411865234e-06,9.999999747378752e-06,1.1571364402770996,4.628545761108398,0.21753600239753723,40.966796875,0.009786941111087799,0.0005811071605421603,0.0701642781496048,-7.160547829698771e-05,7.984350204467773,7.984350204467773,-4.607135772705078,-12.591486930847168,0.010231812484562397,0.0022723800502717495,7.984350668266416e-05,-2.2719879150390625,23.433597564697266,17.918537139892578,23.288497924804688,0.0,0.09087466448545456,5.090982913970947,32.370521545410156,0.9703369140625,0.5225422978401184,0.05435357987880707,2171.0,2180.159912109375,9.999999747378752e-06,24.0,1.0,331.0712890625,2.9895362854003906,0.10893544554710388,43.308380126953125,0.9750551581382751,61.34703826904297,105.6308364868164,2.9894564151763916,5.803933143615723,1.2869269847869873,3.438446521759033,6.7163920402526855,11.187726974487305,15.636505126953125,11.991010665893555,-12.277593612670898,-11.514167785644531,0.005319379270076752,0.0,0.0416666679084301,1.2342612743377686,0.6213096380233765,51.864585876464844,51.0,-11.679037094116211,-11.679037094116211,1.0270215272903442,4.63610315322876,-4.6369853019714355,-4.633485794067383,0.009982876479625702,0.010416666977107525,0.0520833358168602,4.577213764190674,0.018056493252515793,50.677085876464844,50.0,-0.6506373286247253,7.365386009216309,3.3120851516723633,0.5470160245895386,0.02083333395421505,0.9791666865348816,-0.004861694760620594,0.009999999776482582,50.5,0.01937512308359146,0.9895833730697632,0.016423597931861877,0.9998013973236084,0.0,0.010416666977107525,-7.530129432678223,497.7708740234375,4.63610315322876,-4.636984825134277,-4.635560989379883,0.009982876479625702,0.010416666977107525,0.0520833358168602,4.577213764190674,0.018056493252515793,50.677085876464844,46.5,-0.6506373882293701,4.634130001068115,0.0,3.941828966140747,1.0,9.999999747378752e-05,9.999999747378752e-06,4.519768714904785,-4.520146369934082,-4.529903411865234,0.011257577687501907,0.02083333395421505,0.1145833358168602,4.574530124664307,0.018230309709906578,37.63541793823242,30.5,-0.5327115654945374,4.519768714904785,-4.520146369934082,-4.529903411865234,0.011257577687501907,0.02083333395421505,0.1145833358168602,4.574530124664307,0.018230309709906578,37.63541793823242,30.5,-0.5327115654945374,0.47874727845191956,4.922903060913086,35.13901138305664,2.00205135345459,4.63610315322876,24.0
2280,22.07267951965332,6.282329650275642e-06,9.999999747378752e-06,1.1542352437973022,4.616940975189209,0.21849599480628967,40.966796875,0.009769756346940994,0.0006256009801290929,0.07536940276622772,-7.160547829698771e-05,7.726586818695068,7.726586818695068,-4.659509658813477,-12.386096954345703,0.009852922521531582,0.010191553272306919,7.726586773060262e-05,-3.7780513763427734,31.023834228515625,16.797693252563477,29.313215255737305,0.0,0.09873907268047333,5.106472492218018,32.476051330566406,0.9699655175209045,0.5241321325302124,0.05435357987880707,2181.0,2189.760009765625,9.999999747378752e-06,24.0,1.0,331.9052734375,2.9895362854003906,0.10297967493534088,43.504661560058594,0.9750551581382751,61.673641204833984,106.15335845947266,2.9894564151763916,5.781556129455566,1.1063554286956787,3.495622158050537,6.665951251983643,11.031435012817383,15.636505126953125,12.277593612670898,-12.336535453796387,-11.599916458129883,0.005319379270076752,0.0,0.0416666679084301,1.1832619905471802,0.6314443349838257,51.66666793823242,51.0,-11.732316970825195,-11.732316970825195,1.0231022834777832,4.63610315322876,-4.6369853019714355,-4.633485794067383,0.009982876479625702,0.010416666977107525,0.0520833358168602,4.5767364501953125,0.018269238993525505,50.677085876464844,50.0,-0.6518141031265259,7.387208461761475,3.3120851516723633,0.5478165149688721,0.02083333395421505,0.96875,-0.004861694760620594,0.009999999776482582,50.5,0.01937512308359146,0.9895833730697632,0.016423597931861877,0.9998013973236084,0.0,0.010416666977107525,-7.526262283325195,496.9062805175781,4.63610315322876,-4.636984825134277,-4.635560989379883,0.009982876479625702,0.010416666977107525,0.0520833358168602,4.5767364501953125,0.018269238993525505,50.677085876464844,46.5,-0.6518141031265259,4.635324001312256,0.010416666977107525,4.107985973358154,1.0,9.999999747378752e-05,9.999999747378752e-06,4.520146369934082,-4.524168968200684,-4.529903411865234,0.011169462464749813,0.02083333395421505,0.1145833358168602,4.574530124664307,0.01830838993191719,37.63541793823242,30.5,-0.5329502820968628,4.520146369934082,-4.524168968200684,-4.529903411865234,0.011169462464749813,0.02083333395421505,0.1145833358168602,4.574530124664307,0.01830838993191719,37.63541793823242,30.5,-0.5329502820968628,0.48030802607536316,4.909724712371826,35.03361511230469,2.0128707885742188,4.63610315322876,24.0
2290,21.814117431640625,4.673004241340095e-06,9.999999747378752e-06,1.156377911567688,4.625511646270752,0.2194560021162033,40.966796875,0.009093303233385086,0.0006256009801290929,0.07536940276622772,2.6926099963020533e-05,8.981172561645508,8.981172561645508,-4.644759178161621,-13.625930786132812,0.009866888634860516,0.0006251621525734663,8.981172140920535e-05,-0.41755008697509766,23.92130470275879,18.31040382385254,19.972698211669922,0.0,0.06968563795089722,5.121943473815918,32.581451416015625,0.9699327945709229,0.5257201194763184,0.05435357987880707,2191.0,2199.360107421875,9.999999747378752e-06,24.0,1.0,331.7125244140625,2.989861488342285,0.09873907268047333,43.93521499633789,1.0074663162231445,62.4971923828125,107.43987274169922,2.9897842407226562,5.770850658416748,1.0302095413208008,3.414417266845703,6.87272834777832,11.368502616882324,15.093864440917969,12.336535453796387,-12.386096954345703,-11.880979537963867,0.0034972901921719313,0.0,0.0416666679084301,1.1331207752227783,0.6401650905609131,51.864585876464844,51.0,-11.839949607849121,-11.839949607849121,1.0270215272903442,4.63610315322876,-4.6425604820251465,-4.633485794067383,0.009982876479625702,0.010416666977107525,0.0520833358168602,4.5767364501953125,0.018056493252515793,50.677085876464844,51.0,-0.6506373286247253,7.452037811279297,3.3201417922973633,0.5491626858711243,0.02083333395421505,0.96875,-0.006151961162686348,0.009999999776482582,50.5,0.01937512308359146,0.9895833730697632,0.01697343960404396,0.9997981786727905,0.0,0.0,-7.530129432678223,497.7708740234375,4.63610315322876,-4.6425604820251465,-4.654536724090576,0.009982876479625702,0.010416666977107525,0.0520833358168602,4.5767364501953125,0.018056493252515793,50.677085876464844,47.5,-0.6506373882293701,4.629024505615234,0.010416666977107525,4.185012340545654,1.0,9.999999747378752e-05,9.999999747378752e-06,4.520146369934082,-4.528353214263916,-4.53749942779541,0.011169462464749813,0.02083333395421505,0.1145833358168602,4.574530124664307,0.01830838993191719,37.63541793823242,30.5,-0.5329502820968628,4.520146369934082,-4.528353214263916,-4.53749942779541,0.011169462464749813,0.02083333395421505,0.1145833358168602,4.574530124664307,0.01830838993191719,37.63541793823242,30.5,-0.5329502820968628,0.48186683654785156,4.892879962921143,34.92873764038086,2.0153300762176514,4.63610315322876,24.0
2300,22.458221435546875,5.6147573559428565e-06,9.999999747378752e-06,1.0993536710739136,4.397414684295654,0.22041599452495575,40.966796875,0.008296715095639229,0.0005811071605421603,0.0701642781496048,6.651277362834662e-05,8.355714797973633,8.355714797973633,-4.626206398010254,-12.981921195983887,0.010051243007183075,0.006821648683398962,8.355714817298576e-05,-3.5347015857696533,51.173065185546875,18.421592712402344,34.96253967285156,0.0,0.09572023898363113,5.136577129364014,32.68632507324219,0.969613254070282,0.5272220969200134,0.05435357987880707,2201.0,2208.9599609375,9.999999747378752e-06,24.0,1.0,332.65167236328125,2.989956855773926,0.09659627079963684,44.30826187133789,1.017086386680603,62.744606018066406,108.0756607055664,2.9898784160614014,6.415517807006836,0.9869251251220703,3.5703177452087402,7.056553840637207,11.619546890258789,16.02510643005371,12.386096954345703,-12.56909465789795,-11.880979537963867,0.0034972901921719313,0.0,0.0416666679084301,1.1331207752227783,0.6470609903335571,51.82291793823242,51.0,-12.0828857421875,-12.0828857421875,1.0261963605880737,4.63610315322876,-4.6425604820251465,-4.633485794067383,0.009982876479625702,0.0,0.0520833358168602,4.5767364501953125,0.018056493252515793,50.677085876464844,51.0,-0.6506373286247253,7.5102081298828125,3.3201417922973633,0.5491626858711243,0.03125,0.96875,-0.006151961162686348,0.009999999776482582,50.5,0.020119784399867058,0.9895833730697632,0.017272619530558586,0.9997956156730652,0.0,0.0,-7.533422946929932,497.7708740234375,4.63610315322876,-4.6425604820251465,-4.654536724090576,0.009982876479625702,0.0,0.0520833358168602,4.5767364501953125,0.018056493252515793,50.677085876464844,47.5,-0.6506373882293701,4.627328872680664,0.010416666977107525,4.185012340545654,1.0,9.999999747378752e-05,9.999999747378752e-06,4.520146369934082,-4.528353214263916,-4.5300493240356445,0.011169462464749813,0.02083333395421505,0.1145833358168602,4.574716567993164,0.01830838993191719,37.60416793823242,30.25,-0.5327115654945374,4.520146369934082,-4.528353214263916,-4.5300493240356445,0.011169462464749813,0.02083333395421505,0.1145833358168602,4.574716567993164,0.01830838993191719,37.60416793823242,30.25,-0.5327115654945374,0.48341789841651917,4.878937244415283,34.824005126953125,2.0190269947052,4.63610315322876,24.0
2310,22.633350372314453,6.258487701416016e-06,9.999999747378752e-06,1.1253643035888672,4.501457214355469,0.22137600183486938,40.966796875,0.009679987095296383,0.0005811071605421603,0.0701642781496048,6.651277362834662e-05,9.284102439880371,9.284102439880371,-4.671050071716309,-13.95515251159668,0.009600955992937088,0.0014378729974851012,9.284102270612493e-05,-2.2434980869293213,36.29054260253906,24.229276657104492,30.99759292602539,0.0,0.1894337385892868,5.152202129364014,32.79105758666992,0.9692364931106567,0.5288258790969849,0.05435357987880707,2211.0,2218.56005859375,9.999999747378752e-06,24.0,1.0,334.05865478515625,2.9896974563598633,0.10019930452108383,44.489898681640625,0.9903640151023865,62.73912048339844,108.197998046875,2.989619731903076,6.786424160003662,1.060004472732544,3.673558473587036,6.890931129455566,11.979888916015625,16.756919860839844,12.56909465789795,-12.591486930847168,-12.006120681762695,0.0032150547485798597,0.0,0.0416666679084301,1.1331207752227783,0.6470609903335571,51.864585876464844,52.0,-12.120767593383789,-12.120767593383789,1.0270215272903442,4.63610315322876,-4.6425604820251465,-4.633485794067383,0.009982876479625702,0.010416666977107525,0.0520833358168602,4.5767364501953125,0.018056493252515793,50.677085876464844,51.0,-0.6506373286247253,7.777107238769531,3.3201417922973633,0.5501978397369385,0.02083333395421505,0.96875,-0.006620641797780991,0.009999999776482582,50.5,0.020119784399867058,0.9895833730697632,0.01731153205037117,0.9997918605804443,0.0,0.0,-7.533422946929932,497.7708740234375,4.63610315322876,-4.6425604820251465,-4.654536724090576,0.009982876479625702,0.010416666977107525,0.0520833358168602,4.5767364501953125,0.018056493252515793,50.677085876464844,47.5,-0.6506373882293701,4.635483741760254,0.010416666977107525,4.036835193634033,1.0,9.999999747378752e-05,9.999999747378752e-06,4.520146369934082,-4.528353214263916,-4.5300493240356445,0.011169462464749813,0.02083333395421505,0.1145833358168602,4.574716567993164,0.01830838993191719,37.60416793823242,30.25,-0.5327115654945374,4.520146369934082,-4.528353214263916,-4.5300493240356445,0.011169462464749813,0.02083333395421505,0.1145833358168602,4.574716567993164,0.01830838993191719,37.60416793823242,30.25,-0.5327115654945374,0.48496684432029724,4.864906311035156,34.719600677490234,2.021008014678955,4.63610315322876,24.0
2320,22.03404426574707,5.185604095458984e-06,9.999999747378752e-06,1.1539714336395264,4.6158857345581055,0.22233599424362183,40.966796875,0.008296715095639229,0.0005811071605421603,0.0701642781496048,2.6926099963020533e-05,9.945266723632812,9.945266723632812,-4.642800331115723,-14.588066101074219,0.00985843874514103,0.0010491844732314348,9.945266356226057e-05,-1.421492576599121,40.739280700683594,27.66168975830078,33.89400100708008,0.0,0.07370220869779587,5.168102264404297,32.89546585083008,0.9692134857177734,0.5304578542709351,0.05435357987880707,2221.0,2228.159912109375,9.999999747378752e-06,24.0,1.0,334.50897216796875,2.989320755004883,0.09367722272872925,44.51164245605469,0.9537456631660461,62.42683410644531,107.8661880493164,2.989238977432251,7.407086372375488,1.1501970291137695,3.877702474594116,7.075145244598389,11.547487258911133,18.02654266357422,12.591486930847168,-12.67152214050293,-12.006120681762695,0.0032150547485798597,0.0,0.0416666679084301,1.1331207752227783,0.6529693603515625,51.958335876464844,53.0,-12.205963134765625,-12.205963134765625,1.0288779735565186,4.63610315322876,-4.6425604820251465,-4.63215970993042,0.009982876479625702,0.010416666977107525,0.0520833358168602,4.577325344085693,0.01803187094628811,50.677085876464844,50.0,-0.6244912147521973,7.849812984466553,3.3201417922973633,0.5501978397369385,0.02083333395421505,0.96875,-0.006620641797780991,0.009999999776482582,50.5,0.020119784399867058,0.9895833730697632,0.01731153205037117,0.9997918605804443,0.0,0.0,-7.533422946929932,497.8020935058594,4.63610315322876,-4.6425604820251465,-4.635560989379883,0.009982876479625702,0.010416666977107525,0.0520833358168602,4.577324867248535,0.01803186908364296,50.677085876464844,47.5,-0.6244912147521973,4.642129898071289,0.010416666977107525,4.035910606384277,1.0,9.999999747378752e-05,9.999999747378752e-06,4.520146369934082,-4.528252601623535,-4.5300493240356445,0.011169462464749813,0.02083333395421505,0.1041666716337204,4.574716567993164,0.01830838993191719,37.60416793823242,30.0,-0.5327115654945374,4.520146369934082,-4.528252601623535,-4.5300493240356445,0.011169462464749813,0.02083333395421505,0.1041666716337204,4.574716567993164,0.01830838993191719,37.60416793823242,30.0,-0.5327115654945374,0.4865109920501709,4.8496809005737305,34.615604400634766,2.024121046066284,4.63610315322876,24.0
2330,22.3680362701416,6.2227250055002514e-06,9.999999747378752e-06,1.1114270687103271,4.445708274841309,0.22329600155353546,40.966796875,0.007758605759590864,0.0006256009801290929,0.07195988297462463,-7.160547829698771e-05,9.555572509765625,9.555572509765625,-4.613767623901367,-14.169340133666992,0.010159981437027454,0.009293325245380402,9.555572614772245e-05,-3.569411516189575,34.5244255065918,19.322017669677734,29.239707946777344,0.0,0.09248702228069305,5.1818037033081055,32.99945831298828,0.9688135385513306,0.5318641662597656,0.05244255065917969,2231.0,2237.760009765625,9.999999747378752e-06,24.0,1.0,333.862060546875,2.9893040657043457,0.08263751119375229,44.61498260498047,0.95146244764328,62.197513580322266,107.81611633300781,2.9892146587371826,7.407086372375488,1.1501970291137695,4.087714672088623,7.475384712219238,12.090453147888184,17.903902053833008,12.67152214050293,-12.752531051635742,-12.226876258850098,0.0032150547485798597,0.0,0.0416666679084301,1.128169059753418,0.6529693603515625,51.958335876464844,54.0,-12.261942863464355,-12.261942863464355,1.0288779735565186,4.63610315322876,-4.6425604820251465,-4.633485794067383,0.009982876479625702,0.010416666977107525,0.0520833358168602,4.577325344085693,0.01803187094628811,50.677085876464844,50.0,-0.6244912147521973,8.021472930908203,3.3315505981445312,0.5518040060997009,0.03125,0.96875,-0.006620641797780991,0.009999999776482582,50.5,0.020119784399867058,0.9895833730697632,0.017272619530558586,0.9997918605804443,0.0,0.0,-7.533422946929932,497.8020935058594,4.63610315322876,-4.6425604820251465,-4.647380828857422,0.009982876479625702,0.010416666977107525,0.0520833358168602,4.577324867248535,0.01803186908364296,50.677085876464844,48.0,-0.6244912147521973,4.632140636444092,0.010416666977107525,4.086399555206299,1.0,9.999999747378752e-05,9.999999747378752e-06,4.520146369934082,-4.528252601623535,-4.53749942779541,0.011169462464749813,0.02083333395421505,0.1041666716337204,4.574716567993164,0.01830838993191719,37.63541793823242,30.25,-0.5329502820968628,4.520146369934082,-4.528252601623535,-4.53749942779541,0.011169462464749813,0.02083333395421505,0.1041666716337204,4.574716567993164,0.01830838993191719,37.63541793823242,30.25,-0.5329502820968628,0.4880490005016327,4.8362836837768555,34.511775970458984,2.0243990421295166,4.63610315322876,24.0
2340,22.63286781311035,6.544590178236831e-06,9.999999747378752e-06,1.102907657623291,4.411630630493164,0.2242559939622879,40.966796875,0.007758605759590864,0.00069392379373312,0.0896715298295021,-7.160547829698771e-05,8.110589981079102,8.110589981079102,-4.615633010864258,-12.726222038269043,0.010140209458768368,0.006985785439610481,8.110589988064021e-05,-3.2933192253112793,27.658058166503906,18.684261322021484,22.4351863861084,0.0,0.08485224097967148,5.197396278381348,33.10329055786133,0.9688040018081665,0.5334646105766296,0.05435357987880707,2241.0,2247.360107421875,9.999999747378752e-06,24.0,1.0,334.10498046875,2.9895100593566895,0.08114642649888992,44.84282684326172,0.9702519178390503,62.038299560546875,107.84229278564453,2.9894144535064697,6.564471244812012,1.435215950012207,3.9930148124694824,7.382497310638428,12.075106620788574,17.20011329650879,12.726222038269043,-12.752531051635742,-12.226876258850098,0.005319379270076752,0.0,0.0416666679084301,1.128169059753418,0.6529693603515625,51.864585876464844,53.0,-12.261942863464355,-12.261942863464355,1.0270215272903442,4.628221035003662,-4.63610315322876,-4.641767501831055,0.009985281154513359,0.0,0.0520833358168602,4.577325344085693,0.017981745302677155,50.427085876464844,50.0,-0.6047216653823853,8.160196304321289,3.3396079540252686,0.5544252395629883,0.03125,0.96875,-0.004861694760620594,0.009999999776482582,50.5,0.020119784399867058,0.9895833730697632,0.01697343960404396,0.9997956156730652,0.0,0.0,-7.530129432678223,497.7708740234375,4.628220558166504,-4.63610315322876,-4.635560989379883,0.009985281154513359,0.0,0.0520833358168602,4.577324867248535,0.017981747165322304,50.427085876464844,47.5,-0.6047216653823853,4.628316879272461,0.010416666977107525,4.140926361083984,1.0,9.999999747378752e-05,9.999999747378752e-06,4.515615463256836,-4.520146369934082,-4.5300493240356445,0.011224360205233097,0.02083333395421505,0.1145833358168602,4.5749921798706055,0.018230309709906578,37.60416793823242,30.0,-0.5327115654945374,4.515615463256836,-4.520146369934082,-4.5300493240356445,0.011224360205233097,0.02083333395421505,0.1145833358168602,4.5749921798706055,0.018230309709906578,37.60416793823242,30.0,-0.5327115654945374,0.48958465456962585,4.819809913635254,34.408443450927734,2.030888319015503,4.628220558166504,24.0
2350,22.196239471435547,5.102157501823967e-06,9.999999747378752e-06,1.1530511379241943,4.612204551696777,0.22521600127220154,40.966796875,0.007758605759590864,0.0007264459854923189,0.09280337393283844,-7.160547829698771e-05,7.901882171630859,7.901882171630859,-4.602611541748047,-12.504493713378906,0.010304071940481663,0.013516115956008434,7.901882054284215e-05,-4.512942314147949,29.895692825317383,17.856483459472656,22.81737518310547,0.0,0.0993032231926918,5.211904525756836,33.20661926269531,0.9684801697731018,0.534953773021698,0.05435357987880707,2251.0,2256.9599609375,9.999999747378752e-06,24.0,1.0,333.317138671875,2.9896445274353027,0.08114642649888992,44.813167572021484,0.9846541285514832,62.03004455566406,107.82797241210938,2.9895622730255127,6.039902210235596,1.2452583312988281,3.843982219696045,6.971881866455078,11.186724662780762,15.616411209106445,12.726222038269043,-12.752531051635742,-12.226876258850098,0.005319379270076752,0.0,0.0416666679084301,1.128169059753418,0.6529693603515625,51.864585876464844,53.0,-12.261942863464355,-12.261942863464355,1.0270215272903442,4.628204822540283,-4.628221035003662,-4.641767501831055,0.01000971905887127,0.0,0.0520833358168602,4.577325344085693,0.01803187094628811,50.19791793823242,50.0,-0.6244912147521973,8.160196304321289,3.3396079540252686,0.5544252395629883,0.03125,0.96875,-0.004861694760620594,0.009999999776482582,50.5,0.017460573464632034,1.0,0.016344234347343445,0.9997981786727905,0.0,0.0,-7.526134014129639,497.8020935058594,4.628204822540283,-4.628220558166504,-4.635560989379883,0.01000971905887127,0.0,0.0520833358168602,4.577324867248535,0.01803186908364296,50.19792175292969,47.5,-0.6244912147521973,4.622269630432129,0.010416666977107525,4.11189079284668,1.0,9.999999747378752e-05,9.999999747378752e-06,4.512698173522949,-4.515615463256836,-4.528765678405762,0.011260551400482655,0.02083333395421505,0.1145833358168602,4.574716567993164,0.01816687174141407,36.76042175292969,29.5,-0.5282738208770752,4.512698173522949,-4.515615463256836,-4.528765678405762,0.011260551400482655,0.02083333395421505,0.1145833358168602,4.574716567993164,0.01816687174141407,36.76042175292969,29.5,-0.5282738208770752,0.4911128282546997,4.8053693771362305,34.30531311035156,2.034116506576538,4.628204822540283,24.0
2360,22.258651733398438,5.507469268195564e-06,9.999999747378752e-06,1.1293869018554688,4.517547607421875,0.22617599368095398,40.966796875,0.00776803120970726,0.0007264459854923189,0.0896715298295021,2.6926099963020533e-05,7.436742305755615,7.436742305755615,-4.666934490203857,-12.103675842285156,0.009703538380563259,0.01074032299220562,7.436742453137413e-05,-4.644238471984863,25.695039749145508,16.944448471069336,20.284975051879883,0.0,0.09571751952171326,5.227692604064941,33.30975341796875,0.9682367444038391,0.5365742444992065,0.053800225257873535,2261.0,2266.56005859375,9.999999747378752e-06,24.0,1.0,333.1527099609375,2.989597797393799,0.08368304371833801,44.248233795166016,0.9810307621955872,62.02571487426758,107.24507904052734,2.9895224571228027,5.643797397613525,1.153076171875,3.677861213684082,6.611605644226074,10.49269962310791,14.663188934326172,12.67152214050293,-12.726222038269043,-12.006120681762695,0.006300021894276142,0.0,0.0416666679084301,1.1331207752227783,0.6529693603515625,51.864585876464844,54.0,-12.205963134765625,-12.205963134765625,1.0270215272903442,4.628221035003662,-4.63610315322876,-4.645932197570801,0.01000971905887127,0.0,0.0520833358168602,4.577083110809326,0.01803187094628811,50.19791793823242,50.0,-0.6244912147521973,8.021472930908203,3.3396079540252686,0.5542480945587158,0.03125,0.96875,-0.004401085898280144,0.009999999776482582,50.5,0.017460573464632034,1.0,0.016344234347343445,0.9997956156730652,0.0,0.0,-7.526134014129639,497.8020935058594,4.628220558166504,-4.63610315322876,-4.647380828857422,0.01000971905887127,0.0,0.0520833358168602,4.577083110809326,0.01803186908364296,50.19792175292969,47.5,-0.6244912147521973,4.631750583648682,0.010416666977107525,4.094635009765625,1.0,9.999999747378752e-05,9.999999747378752e-06,4.515615463256836,-4.520146369934082,-4.5300493240356445,0.011224360205233097,0.02083333395421505,0.1145833358168602,4.574716567993164,0.01816687174141407,37.60416793823242,30.0,-0.5282738208770752,4.515615463256836,-4.520146369934082,-4.5300493240356445,0.011224360205233097,0.02083333395421505,0.1145833358168602,4.574716567993164,0.01816687174141407,37.60416793823242,30.0,-0.5282738208770752,0.49263814091682434,4.79166841506958,34.20247268676758,2.0357584953308105,4.628220558166504,24.0
2370,22.476503372192383,5.805492492072517e-06,9.999999747378752e-06,1.0910465717315674,4.3641862869262695,0.22713600099086761,40.966796875,0.00776803120970726,0.0007264459854923189,0.08775380253791809,2.6926099963020533e-05,6.863067150115967,6.863067150115967,-4.586522102355957,-11.44958782196045,0.010522241704165936,0.009929662570357323,6.863067392259836e-05,-3.7811245918273926,23.313217163085938,16.82290267944336,19.280256271362305,0.0,0.17086750268936157,5.242716312408447,33.412593841552734,0.9681562781333923,0.5381163358688354,0.05244255065917969,2271.0,2276.159912109375,9.999999747378752e-06,24.0,1.0,332.42645263671875,2.989410161972046,0.09329412877559662,43.660343170166016,0.9635488390922546,61.80851745605469,106.42863464355469,2.98933744430542,5.384332656860352,1.0867063999176025,3.30722713470459,6.482674598693848,10.484570503234863,14.127320289611816,12.591486930847168,-12.67152214050293,-11.880979537963867,0.006821648683398962,0.010416666977107525,0.0416666679084301,1.137731909751892,0.6526542901992798,51.82291793823242,54.0,-12.154180526733398,-12.154180526733398,1.0261963605880737,4.626206398010254,-4.628221035003662,-4.641767501831055,0.010051243007183075,0.0,0.0520833358168602,4.577083110809326,0.01803187094628811,49.458335876464844,50.0,-0.6244912147521973,7.9473676681518555,3.3315505981445312,0.5518040060997009,0.03125,0.96875,-0.0032295945566147566,0.009999999776482582,50.5,0.017460573464632034,1.0,0.016344234347343445,0.9997956156730652,0.0,0.0,-7.526134014129639,496.9062805175781,4.626205921173096,-4.628220558166504,-4.635560989379883,0.01005124393850565,0.0,0.0520833358168602,4.577083110809326,0.01803186908364296,49.458335876464844,46.5,-0.6244912147521973,4.631750583648682,0.010416666977107525,4.109658718109131,1.0,9.999999747378752e-05,9.999999747378752e-06,4.512698173522949,-4.515615463256836,-4.5300493240356445,0.011224360205233097,0.02083333395421505,0.125,4.574716567993164,0.01816687174141407,36.76042175292969,30.0,-0.5282738208770752,4.512698173522949,-4.515615463256836,-4.5300493240356445,0.011224360205233097,0.02083333395421505,0.125,4.574716567993164,0.01816687174141407,36.76042175292969,30.0,-0.5282738208770752,0.49415910243988037,4.776845455169678,34.09999084472656,2.0395524501800537,4.626205921173096,24.0
2380,22.345382690429688,6.4373016357421875e-06,9.999999747378752e-06,1.158299446105957,4.633197784423828,0.22809599339962006,40.966796875,0.00776803120970726,0.00069392379373312,0.08775380253791809,2.6926099963020533e-05,7.457864284515381,7.457864284515381,-4.618669033050537,-12.076533317565918,0.010122271254658699,0.01047975942492485,7.457863830495626e-05,-3.2099671363830566,18.074478149414062,17.35963249206543,18.061025619506836,0.0,0.1348825991153717,5.255130767822266,33.51507568359375,0.9676908254623413,0.5393905639648438,0.051564741879701614,2281.0,2285.760009765625,9.999999747378752e-06,24.0,1.0,332.46697998046875,2.9891326427459717,0.10676493495702744,43.12538528442383,0.9388766884803772,61.48191833496094,105.54618072509766,2.9890668392181396,5.460229873657227,0.9011044502258301,3.2851176261901855,6.482674598693848,10.484570503234863,14.169901847839355,12.56909465789795,-12.591486930847168,-11.635714530944824,0.006985785439610481,0.010416666977107525,0.0520833358168602,1.1583669185638428,0.6470609903335571,51.82291793823242,54.0,-12.120767593383789,-12.120767593383789,1.0261963605880737,4.626206398010254,-4.628221035003662,-4.641767501831055,0.010051243007183075,0.010416666977107525,0.0520833358168602,4.577083110809326,0.018269238993525505,49.520835876464844,50.0,-0.6331589818000793,7.849812984466553,3.3201417922973633,0.5501978397369385,0.03125,0.96875,-0.0031544240191578865,0.009999999776482582,50.5,0.017460573464632034,1.0,0.015688348561525345,0.9997981786727905,0.0,0.0,-7.526134014129639,496.9062805175781,4.626205921173096,-4.628220558166504,-4.647380828857422,0.01005124393850565,0.010416666977107525,0.0520833358168602,4.577083110809326,0.018269238993525505,49.520835876464844,46.5,-0.6331589818000793,4.618669033050537,0.010416666977107525,4.019182205200195,1.0,9.999999747378752e-05,9.999999747378752e-06,4.5148115158081055,-4.515615463256836,-4.5334978103637695,0.011224360205233097,0.02083333395421505,0.125,4.574716567993164,0.01816687174141407,37.63541793823242,30.25,-0.5282738208770752,4.5148115158081055,-4.515615463256836,-4.5334978103637695,0.011224360205233097,0.02083333395421505,0.125,4.574716567993164,0.01816687174141407,37.63541793823242,30.25,-0.5282738208770752,0.4956747889518738,4.764057636260986,33.9976692199707,2.0410423278808594,4.626205921173096,24.0
2390,22.52474594116211,6.186962309584487e-06,9.999999747378752e-06,1.08958101272583,4.35832405090332,0.2290560007095337,40.966796875,0.00776803120970726,0.00069392379373312,0.08775380253791809,-7.160547829698771e-05,7.041652679443359,7.041652679443359,-4.638330459594727,-11.679983139038086,0.010016649030148983,0.007464391179382801,7.041652133921161e-05,-3.488497734069824,18.44283676147461,16.114442825317383,18.190980911254883,0.0,0.09549635648727417,5.271273136138916,33.61739730834961,0.9673628211021423,0.5410473942756653,0.051564741879701614,2291.0,2295.360107421875,9.999999747378752e-06,24.0,1.0,331.9807434082031,2.98883318901062,0.10011216998100281,42.67882537841797,0.9128234386444092,61.17141342163086,104.7630615234375,2.9887661933898926,5.343872547149658,0.69394850730896,3.322333812713623,6.468433380126953,9.956438064575195,13.648897171020508,12.504493713378906,-12.56909465789795,-11.625261306762695,0.007464391179382801,0.010416666977107525,0.0520833358168602,1.1701966524124146,0.6407915353775024,51.82291793823242,53.0,-12.0828857421875,-12.0828857421875,1.0261963605880737,4.626206398010254,-4.638330459594727,-4.641767501831055,0.010016649030148983,0.010416666977107525,0.0520833358168602,4.577325344085693,0.018269238993525505,49.520835876464844,50.0,-0.6331589818000793,7.777107238769531,3.3157565593719482,0.5491626858711243,0.03125,0.96875,-0.002552257850766182,0.009999999776482582,50.5,0.020119784399867058,0.9895833730697632,0.016344234347343445,0.9997956156730652,0.0,0.0,-7.526793003082275,497.8020935058594,4.626205921173096,-4.638330459594727,-4.647380828857422,0.010016649961471558,0.010416666977107525,0.0520833358168602,4.577324867248535,0.018269238993525505,49.520835876464844,46.5,-0.6331589818000793,4.628097057342529,0.010416666977107525,3.748950719833374,1.0,9.999999747378752e-05,9.999999747378752e-06,4.515615463256836,-4.527620315551758,-4.5334978103637695,0.0111632589250803,0.02083333395421505,0.1145833358168602,4.5749921798706055,0.01816687174141407,37.63541793823242,30.25,-0.5282738208770752,4.515615463256836,-4.527620315551758,-4.5334978103637695,0.0111632589250803,0.02083333395421505,0.1145833358168602,4.5749921798706055,0.01816687174141407,37.63541793823242,30.25,-0.5282738208770752,0.49718809127807617,4.750083923339844,33.89579391479492,2.0486903190612793,4.626205921173096,24.0
2400,22.747753143310547,5.364418029785156e-06,9.999999747378752e-06,1.0904744863510132,4.361897945404053,0.23001599311828613,40.966796875,0.007924103178083897,0.00069392379373312,0.07195988297462463,-7.160547829698771e-05,5.715697765350342,5.715697765350342,-4.591136932373047,-10.306835174560547,0.010446770116686821,0.012210945598781109,5.715697261621244e-05,-3.3553781509399414,27.25136947631836,15.203214645385742,18.647228240966797,0.0,0.14753925800323486,5.286513328552246,33.71927261352539,0.9673418402671814,0.5426116585731506,0.05244255065917969,2301.0,2304.9599609375,9.999999747378752e-06,24.0,1.0,330.771240234375,2.988633871078491,0.09549635648727417,42.41286087036133,0.8970611095428467,61.04778289794922,104.3470687866211,2.988574504852295,5.221735954284668,0.33423638343811035,2.966043710708618,6.041404724121094,9.54549789428711,12.974398612976074,12.504493713378906,-12.56909465789795,-11.625261306762695,0.00840729009360075,0.010416666977107525,0.0520833358168602,1.1701966524124146,0.6407915353775024,51.82291793823242,53.0,-12.0828857421875,-12.0828857421875,1.0261963605880737,4.618669033050537,-4.626206398010254,-4.633485794067383,0.010051243007183075,0.0,0.0520833358168602,4.577083110809326,0.018269238993525505,49.458335876464844,50.0,-0.6331589818000793,7.777107238769531,3.3157565593719482,0.5491626858711243,0.03125,0.96875,-0.0012136247241869569,0.009999999776482582,50.5,0.020129164680838585,0.9895833730697632,0.017272619530558586,0.9997918605804443,0.0,0.010416666977107525,-7.526134014129639,496.9062805175781,4.618669033050537,-4.626205921173096,-4.647067070007324,0.01005124393850565,0.0,0.0520833358168602,4.577083110809326,0.018269238993525505,49.458335876464844,46.5,-0.6331589818000793,4.619922637939453,0.010416666977107525,3.848295211791992,1.0,9.999999747378752e-05,9.999999747378752e-06,4.5148115158081055,-4.515615463256836,-4.5300493240356445,0.011224360205233097,0.02083333395421505,0.125,4.574716567993164,0.018230309709906578,37.25,30.0,-0.5282738208770752,4.5148115158081055,-4.515615463256836,-4.5300493240356445,0.011224360205233097,0.02083333395421505,0.125,4.574716567993164,0.018230309709906578,37.25,30.0,-0.5282738208770752,0.4986947774887085,4.735240459442139,33.7941780090332,2.049433708190918,4.618669033050537,24.0
2410,22.961660385131836,6.3061715991352685e-06,9.999999747378752e-06,1.0959709882736206,4.383883953094482,0.23097600042819977,40.966796875,0.007924103178083897,0.00069392379373312,0.07195988297462463,-7.290413486771286e-05,5.612480163574219,5.612480163574219,-4.602043151855469,-10.214523315429688,0.010313423350453377,0.018393579870462418,5.6124801631085575e-05,-4.036192893981934,21.29792594909668,13.388450622558594,16.794736862182617,0.0,0.0836193785071373,5.3000288009643555,33.820892333984375,0.9673184752464294,0.5439988970756531,0.053800225257873535,2311.0,2314.56005859375,9.999999747378752e-06,24.0,1.0,330.49249267578125,2.988646984100342,0.0946093499660492,42.09866714477539,0.8983290195465088,61.03968811035156,104.03560638427734,2.9885897636413574,5.221735954284668,0.3440210819244385,2.556748867034912,5.766243934631348,9.14255428314209,12.990869522094727,12.504493713378906,-12.56909465789795,-11.599916458129883,0.009293325245380402,0.010416666977107525,0.0520833358168602,1.1701966524124146,0.6407915353775024,51.65625,51.0,-12.0828857421875,-12.0828857421875,1.0228960514068604,4.615633010864258,-4.618669033050537,-4.633471488952637,0.010122271254658699,0.010416666977107525,0.0520833358168602,4.577083110809326,0.017981745302677155,49.26041793823242,49.0,-0.6244912147521973,7.777107238769531,3.3157565593719482,0.54912269115448,0.03125,0.96875,-0.0008666571229696274,0.009999999776482582,50.5,0.021146360784769058,0.9895833730697632,0.017281603068113327,0.9997913837432861,0.0,0.010416666977107525,-7.526134014129639,496.9062805175781,4.615633010864258,-4.618669033050537,-4.635560989379883,0.010122271254658699,0.010416666977107525,0.0520833358168602,4.577083110809326,0.017981747165322304,49.26042175292969,46.0,-0.6244912147521973,4.626974582672119,0.010416666977107525,3.9691474437713623,1.0,9.999999747378752e-05,9.999999747378752e-06,4.512698173522949,-4.5148115158081055,-4.5334978103637695,0.011322577483952045,0.02083333395421505,0.125,4.574716567993164,0.018230309709906578,36.427085876464844,30.0,-0.5128279328346252,4.512698173522949,-4.5148115158081055,-4.5334978103637695,0.011322577483952045,0.02083333395421505,0.125,4.574716567993164,0.018230309709906578,36.427085876464844,30.0,-0.5128279328346252,0.50019770860672,4.719583034515381,33.692962646484375,2.0495846271514893,4.615633010864258,24.0
2420,23.02269172668457,6.413459686882561e-06,9.999999747378752e-06,1.0824038982391357,4.329615592956543,0.2319359928369522,40.966796875,0.007924103178083897,0.0006825379095971584,0.07195988297462463,-0.00013508443953469396,6.9521379470825195,6.9521379470825195,-4.645766258239746,-11.597904205322266,0.00979745015501976,0.001782315201126039,6.952137482585385e-05,-2.4801442623138428,24.16082000732422,16.96988868713379,22.038881301879883,0.0,0.06717705726623535,5.313684463500977,33.92210006713867,0.9667079448699951,0.5454005599021912,0.053800225257873535,2321.0,2324.159912109375,9.999999747378752e-06,24.0,1.0,330.5660095214844,2.9888648986816406,0.0993422344326973,41.77778244018555,0.916934072971344,61.12272262573242,103.81625366210938,2.9888088703155518,4.9364705085754395,0.834043025970459,3.02413272857666,5.7972235679626465,9.14255428314209,12.691255569458008,12.504493713378906,-12.56909465789795,-11.599916458129883,0.007464391179382801,0.010416666977107525,0.0520833358168602,1.1701966524124146,0.6407915353775024,51.82291793823242,53.0,-12.0828857421875,-12.0828857421875,1.0261963605880737,4.615633010864258,-4.618669033050537,-4.633471488952637,0.010122271254658699,0.010416666977107525,0.0520833358168602,4.577325344085693,0.01786934956908226,49.26041793823242,49.0,-0.6047216653823853,7.777107238769531,3.3157565593719482,0.54912269115448,0.03125,0.96875,-0.002552257850766182,0.009999999776482582,50.5,0.021146360784769058,0.9895833730697632,0.017281603068113327,0.9997913837432861,0.0,0.010416666977107525,-7.526793003082275,496.9062805175781,4.615633010864258,-4.618669033050537,-4.635560989379883,0.010122271254658699,0.010416666977107525,0.0520833358168602,4.577324867248535,0.01786934956908226,49.26042175292969,46.0,-0.6047216653823853,4.6328511238098145,0.010416666977107525,3.9034976959228516,1.0,9.999999747378752e-05,9.999999747378752e-06,4.512698173522949,-4.5148115158081055,-4.5300493240356445,0.011322577483952045,0.02083333395421505,0.125,4.574716567993164,0.018230309709906578,36.427085876464844,30.0,-0.5128279328346252,4.512698173522949,-4.5148115158081055,-4.5300493240356445,0.011322577483952045,0.02083333395421505,0.125,4.574716567993164,0.018230309709906578,36.427085876464844,30.0,-0.5128279328346252,0.5016945004463196,4.708018779754639,33.591827392578125,2.053659439086914,4.615633010864258,24.0
2430,22.87984848022461,5.209446044318611e-06,9.999999747378752e-06,1.0921692848205566,4.368677139282227,0.23289600014686584,40.966796875,0.007924103178083897,0.0006149782566353679,0.06535933911800385,-0.00017080866382457316,6.433358669281006,6.433358669281006,-4.598090648651123,-11.031448364257812,0.010298655368387699,0.0024035735987126827,6.4333580667153e-05,-2.1292836666107178,21.334060668945312,14.366168022155762,17.54752540588379,0.0,0.15437468886375427,5.330747127532959,34.02323913574219,0.9665497541427612,0.5471518635749817,0.053800225257873535,2331.0,2333.760009765625,9.999999747378752e-06,24.0,1.0,331.528076171875,2.9889771938323975,0.10185577720403671,41.54864501953125,0.9259932041168213,61.1302604675293,103.61348724365234,2.9889111518859863,4.795413970947266,1.0976886749267578,3.0411524772644043,5.848815441131592,8.952911376953125,12.688371658325195,12.504493713378906,-12.56909465789795,-11.599916458129883,0.006985785439610481,0.010416666977107525,0.0416666679084301,1.1701966524124146,0.6407915353775024,51.82291793823242,53.0,-12.0828857421875,-12.0828857421875,1.0261963605880737,4.615633010864258,-4.618669033050537,-4.633471488952637,0.010122271254658699,0.0,0.0520833358168602,4.5773773193359375,0.01766485907137394,49.26041793823242,49.0,-0.5737696886062622,7.777107238769531,3.3157565593719482,0.54912269115448,0.03125,0.96875,-0.0031544240191578865,0.009999999776482582,50.5,0.021146360784769058,0.9895833730697632,0.01731153205037117,0.9997889399528503,0.0,0.0,-7.530129432678223,496.9062805175781,4.615633010864258,-4.618669033050537,-4.635560989379883,0.010122271254658699,0.0,0.0520833358168602,4.5773773193359375,0.01766485907137394,49.26042175292969,46.0,-0.5737696886062622,4.627178192138672,0.0,3.8104538917541504,1.0,9.999999747378752e-05,9.999999747378752e-06,4.512698173522949,-4.5148115158081055,-4.5300493240356445,0.011322577483952045,0.02083333395421505,0.125,4.574530124664307,0.01847388595342636,36.427085876464844,30.0,-0.5282738208770752,4.512698173522949,-4.5148115158081055,-4.5300493240356445,0.011322577483952045,0.02083333395421505,0.125,4.574530124664307,0.01847388595342636,36.427085876464844,30.0,-0.5282738208770752,0.5031903386116028,4.690518379211426,33.491355895996094,2.059692859649658,4.615633010864258,24.0
2440,22.959428787231445,5.555152711167466e-06,9.999999747378752e-06,1.102975845336914,4.411903381347656,0.2338559925556183,40.966796875,0.007924103178083897,0.0006149782566353679,0.07195988297462463,-0.00017080866382457316,6.986612319946289,6.986612319946289,-4.628098487854004,-11.614710807800293,0.010038967244327068,0.02459528110921383,6.98661242495291e-05,-4.239418983459473,26.975120544433594,16.47504425048828,19.88084602355957,0.0,0.10589218139648438,5.344858646392822,34.12370681762695,0.9661335945129395,0.5486002564430237,0.05244255065917969,2341.0,2343.360107421875,9.999999747378752e-06,24.0,1.0,333.1124267578125,2.9889273643493652,0.09277612715959549,41.44295120239258,0.9218769073486328,61.141658782958984,103.50425720214844,2.9888641834259033,4.866093158721924,1.0493988990783691,3.1523165702819824,6.0835981369018555,9.244453430175781,13.275384902954102,12.386096954345703,-12.504493713378906,-11.434220314025879,0.007464391179382801,0.010416666977107525,0.0416666679084301,1.1747000217437744,0.6406614780426025,51.65625,51.0,-11.874259948730469,-11.874259948730469,1.0228960514068604,4.618669033050537,-4.626206398010254,-4.633471488952637,0.010051243007183075,0.0,0.0520833358168602,4.5778656005859375,0.01766485907137394,49.458335876464844,49.0,-0.6047216653823853,7.452037811279297,3.2672133445739746,0.5478165149688721,0.03125,0.96875,-0.002552257850766182,0.009999999776482582,50.5,0.021146360784769058,0.9895833730697632,0.017281603068113327,0.9997889399528503,0.0,0.010416666977107525,-7.600897789001465,497.8020935058594,4.618669033050537,-4.626205921173096,-4.642575263977051,0.01005124393850565,0.0,0.0520833358168602,4.577866077423096,0.01766485907137394,49.458335876464844,46.5,-0.6047216653823853,4.6320881843566895,0.0,3.9044106006622314,1.0,9.999999747378752e-05,9.999999747378752e-06,4.5148115158081055,-4.515615463256836,-4.5334978103637695,0.011224360205233097,0.03125,0.125,4.574716567993164,0.018230309709906578,37.25,30.25,-0.5128279328346252,4.5148115158081055,-4.515615463256836,-4.5334978103637695,0.011224360205233097,0.03125,0.125,4.574716567993164,0.018230309709906578,37.25,30.25,-0.5128279328346252,0.5046762228012085,4.679009914398193,33.390892028808594,2.0625357627868652,4.618669033050537,24.0
2450,22.686054229736328,5.841255187988281e-06,9.999999747378752e-06,1.107499599456787,4.429998397827148,0.23481599986553192,40.966796875,0.007924103178083897,0.0006149782566353679,0.07195988297462463,-0.00013508443953469396,7.3163299560546875,7.3163299560546875,-4.62085485458374,-11.937185287475586,0.010093443095684052,0.005295023322105408,7.316330447793007e-05,-3.377068519592285,21.42361068725586,15.592913627624512,19.309595108032227,0.0,0.07762753218412399,5.359928607940674,34.22417449951172,0.9660134315490723,0.5501470565795898,0.05244255065917969,2351.0,2352.9599609375,9.999999747378752e-06,24.0,1.0,333.6477355957031,2.9888007640838623,0.09374647587537766,41.495948791503906,0.9103341102600098,61.22559356689453,103.62140655517578,2.9887301921844482,5.06609582901001,1.2219228744506836,3.361912250518799,6.352901458740234,9.997608184814453,13.768791198730469,12.103675842285156,-12.386096954345703,-11.434220314025879,0.006985785439610481,0.010416666977107525,0.0416666679084301,1.1747000217437744,0.6406614780426025,51.458335876464844,50.0,-11.839949607849121,-11.839949607849121,1.0189769268035889,4.62085485458374,-4.626206398010254,-4.633471488952637,0.010051243007183075,0.010416666977107525,0.0520833358168602,4.578157424926758,0.01766485907137394,49.458335876464844,49.0,-0.6047216653823853,7.452037811279297,3.2672133445739746,0.5478165149688721,0.03125,0.96875,-0.0031544240191578865,0.009999999776482582,50.5,0.020129164680838585,0.9895833730697632,0.017397092655301094,0.9997889399528503,0.0,0.010416666977107525,-7.600897789001465,496.66668701171875,4.62085485458374,-4.626205921173096,-4.642575263977051,0.01005124393850565,0.010416666977107525,0.0520833358168602,4.578157424926758,0.01766485907137394,49.458335876464844,46.5,-0.6047216653823853,4.63240385055542,0.0,3.9490036964416504,1.0,9.999999747378752e-05,9.999999747378752e-06,4.5148115158081055,-4.515615463256836,-4.5334978103637695,0.011224360205233097,0.03125,0.125,4.5749921798706055,0.01766471192240715,37.25,30.25,-0.5028697848320007,4.5148115158081055,-4.515615463256836,-4.5334978103637695,0.011224360205233097,0.03125,0.125,4.5749921798706055,0.01766471192240715,37.25,30.25,-0.5028697848320007,0.5061620473861694,4.663887977600098,33.29084777832031,2.0629615783691406,4.62085485458374,24.0
2460,22.429920196533203,6.544590178236831e-06,9.999999747378752e-06,1.157391905784607,4.629567623138428,0.23577600717544556,40.966796875,0.007924103178083897,0.0006149782566353679,0.07195988297462463,-0.00013508443953469396,7.5677809715271,7.5677809715271,-4.611605644226074,-12.179386138916016,0.010316669940948486,0.011200114153325558,7.567780994577333e-05,-4.595757007598877,19.949310302734375,17.997364044189453,19.22144317626953,0.0,0.08544865995645523,5.37430477142334,34.32421875,0.965812087059021,0.5516226291656494,0.05244255065917969,2361.0,2362.56005859375,9.999999747378752e-06,24.0,1.0,334.23675537109375,2.9887735843658447,0.09566659480333328,41.818782806396484,0.9068459868431091,61.45390319824219,104.17940521240234,2.9886934757232666,5.23790168762207,1.3305082321166992,3.7695956230163574,7.038259029388428,10.869290351867676,14.056940078735352,12.103675842285156,-12.179386138916016,-11.434220314025879,0.007464391179382801,0.010416666977107525,0.0416666679084301,1.1747000217437744,0.6406614780426025,50.9375,50.0,-11.628639221191406,-11.628639221191406,1.0086634159088135,4.618669033050537,-4.62085485458374,-4.633485794067383,0.010093443095684052,0.010416666977107525,0.0520833358168602,4.578157424926758,0.01766485907137394,49.364585876464844,50.0,-0.6047216653823853,7.7197394371032715,3.2672133445739746,0.54912269115448,0.03125,0.96875,-0.002552257850766182,0.009999999776482582,50.5,0.017742419615387917,1.0,0.017397092655301094,0.9997829794883728,0.0,0.010416666977107525,-7.578388214111328,495.79168701171875,4.618669033050537,-4.62085485458374,-4.647067070007324,0.010093443095684052,0.010416666977107525,0.0520833358168602,4.578157424926758,0.01766485907137394,49.364585876464844,46.25,-0.6047216653823853,4.63240385055542,0.010416666977107525,3.793175220489502,1.0,9.999999747378752e-05,9.999999747378752e-06,4.512698173522949,-4.5148115158081055,-4.5334978103637695,0.011322577483952045,0.03125,0.125,4.575554370880127,0.018230309709906578,36.427085876464844,30.25,-0.5128279328346252,4.512698173522949,-4.5148115158081055,-4.5334978103637695,0.011322577483952045,0.03125,0.125,4.575554370880127,0.018230309709906578,36.427085876464844,30.25,-0.5128279328346252,0.5076416730880737,4.650043487548828,33.19109344482422,2.0644567012786865,4.618669033050537,24.0
2470,22.40033721923828,6.890296845085686e-06,9.999999747378752e-06,1.124701976776123,4.498807907104492,0.236735999584198,40.966796875,0.008756187744438648,0.0006825379095971584,0.08304814994335175,-0.00013508443953469396,8.88764762878418,8.88764762878418,-4.6013922691345215,-13.489039421081543,0.01035880483686924,0.001777350320480764,8.887647709343582e-05,-2.4848337173461914,22.23255157470703,18.679420471191406,20.868305206298828,0.0,0.0724835991859436,5.388232231140137,34.42396926879883,0.9654116034507751,0.5530521869659424,0.053800225257873535,2371.0,2372.159912109375,9.999999747378752e-06,24.0,1.0,333.9708557128906,2.98879075050354,0.09266424924135208,42.32722091674805,0.9085428714752197,61.78876876831055,105.0245361328125,2.988715171813965,5.295342445373535,1.5449705123901367,4.16859245300293,7.2058634757995605,10.956912994384766,14.720314025878906,12.103675842285156,-12.179386138916016,-11.599916458129883,0.007464391179382801,0.010416666977107525,0.0416666679084301,1.1747000217437744,0.6406614780426025,51.458335876464844,50.0,-11.628639221191406,-11.628639221191406,1.0189769268035889,4.618669033050537,-4.62085485458374,-4.633471488952637,0.010093443095684052,0.010416666977107525,0.0520833358168602,4.5773773193359375,0.01786934956908226,49.364585876464844,49.0,-0.622886598110199,7.7197394371032715,3.2672133445739746,0.54912269115448,0.03125,0.96875,-0.002552257850766182,0.009999999776482582,50.5,0.017742419615387917,1.0,0.017397092655301094,0.9997889399528503,0.0,0.0,-7.578388214111328,495.79168701171875,4.618669033050537,-4.62085485458374,-4.647380828857422,0.010093443095684052,0.010416666977107525,0.0520833358168602,4.5773773193359375,0.01786934956908226,49.364585876464844,46.25,-0.6228866577148438,4.631929397583008,0.010416666977107525,3.8202757835388184,1.0,9.999999747378752e-05,9.999999747378752e-06,4.512698173522949,-4.5148115158081055,-4.5334978103637695,0.011322577483952045,0.03125,0.125,4.576732635498047,0.01847388595342636,36.427085876464844,29.5,-0.5128279328346252,4.512698173522949,-4.5148115158081055,-4.5334978103637695,0.011322577483952045,0.03125,0.125,4.576732635498047,0.01847388595342636,36.427085876464844,29.5,-0.5128279328346252,0.5091169476509094,4.637121677398682,33.09153366088867,2.0673828125,4.618669033050537,24.0
2480,22.372283935546875,5.626678557746345e-06,9.999999747378752e-06,1.125312328338623,4.501249313354492,0.23769600689411163,40.966796875,0.008756187744438648,0.0006825379095971584,0.08304814994335175,-0.00017080866382457316,8.749823570251465,8.749823570251465,-4.635512351989746,-13.385335922241211,0.009897767566144466,0.00966283306479454,8.749823609832674e-05,-4.299633502960205,30.343429565429688,17.966522216796875,27.308589935302734,0.0,0.09625965356826782,5.402998924255371,34.52353286743164,0.9650484323501587,0.554567813873291,0.053800225257873535,2381.0,2381.760009765625,9.999999747378752e-06,24.0,1.0,334.0848388671875,2.9888389110565186,0.10135885328054428,42.69731521606445,0.9121237993240356,61.89486312866211,105.5132064819336,2.988760232925415,5.4546284675598145,1.5449705123901367,4.104047775268555,7.144083499908447,11.12739372253418,15.014162063598633,12.103675842285156,-12.179386138916016,-11.625261306762695,0.007464391179382801,0.010416666977107525,0.0416666679084301,1.1747000217437744,0.6406614780426025,51.65625,50.0,-11.628639221191406,-11.628639221191406,1.0228960514068604,4.618669033050537,-4.62085485458374,-4.633471488952637,0.010093443095684052,0.010416666977107525,0.0520833358168602,4.578157424926758,0.01786934956908226,49.364585876464844,49.0,-0.6196660399436951,7.7197394371032715,3.2672133445739746,0.54912269115448,0.03125,0.96875,-0.002552257850766182,0.009999999776482582,50.5,0.017686359584331512,1.0,0.017281603068113327,0.9997889399528503,0.0,0.0,-7.578388214111328,495.79168701171875,4.618669033050537,-4.62085485458374,-4.647067070007324,0.010093443095684052,0.010416666977107525,0.0520833358168602,4.578157424926758,0.01786934956908226,49.364585876464844,46.25,-0.6196659803390503,4.631410598754883,0.010416666977107525,4.054019927978516,1.0,9.999999747378752e-05,9.999999747378752e-06,4.512698173522949,-4.5148115158081055,-4.5334978103637695,0.011322577483952045,0.03125,0.125,4.577003479003906,0.01766471192240715,36.427085876464844,29.5,-0.5052194595336914,4.512698173522949,-4.5148115158081055,-4.5334978103637695,0.011322577483952045,0.03125,0.125,4.577003479003906,0.01766471192240715,36.427085876464844,29.5,-0.5052194595336914,0.5105894804000854,4.623632431030273,32.99236297607422,2.073739528656006,4.618669033050537,24.0
2490,22.6907901763916,5.865097136847908e-06,9.999999747378752e-06,1.0978856086730957,4.391542434692383,0.23865599930286407,40.966796875,0.008756187744438648,0.0006149782566353679,0.07276956737041473,-0.00017080866382457316,8.461198806762695,8.461198806762695,-4.635287284851074,-13.096487045288086,0.009895239025354385,0.004941938444972038,8.461198740405962e-05,-2.849214553833008,34.21576690673828,17.7800350189209,26.90960693359375,0.0,0.11102267354726791,5.417929649353027,34.622703552246094,0.9648984670639038,0.5561003088951111,0.05466567352414131,2391.0,2391.360107421875,9.999999747378752e-06,24.0,1.0,333.09527587890625,2.9888243675231934,0.10291508585214615,42.718780517578125,0.9114526510238647,61.75749588012695,105.42656707763672,2.9887518882751465,5.516860485076904,1.0502841472625732,3.811849594116211,6.944863796234131,10.705345153808594,15.065422058105469,12.103675842285156,-12.179386138916016,-11.625261306762695,0.007464391179382801,0.010416666977107525,0.0416666679084301,1.1747000217437744,0.6406614780426025,51.65625,50.0,-11.628639221191406,-11.628639221191406,1.0228960514068604,4.618669033050537,-4.62085485458374,-4.632963180541992,0.010093443095684052,0.010416666977107525,0.0520833358168602,4.578157424926758,0.01766485907137394,49.364585876464844,48.0,-0.6047216653823853,7.627723217010498,3.2672133445739746,0.54912269115448,0.03125,0.96875,-0.002552257850766182,0.009999999776482582,50.5,0.017686359584331512,1.0,0.017281603068113327,0.9997889399528503,0.0,0.010416666977107525,-7.56609582901001,495.41668701171875,4.618669033050537,-4.62085485458374,-4.642575263977051,0.010093443095684052,0.010416666977107525,0.0520833358168602,4.578157424926758,0.01766485907137394,49.364585876464844,46.25,-0.6047216653823853,4.635512351989746,0.010416666977107525,4.011763095855713,1.0,9.999999747378752e-05,9.999999747378752e-06,4.512698173522949,-4.5148115158081055,-4.5300493240356445,0.011322577483952045,0.03125,0.125,4.577003479003906,0.01766471192240715,36.427085876464844,29.5,-0.5052194595336914,4.512698173522949,-4.5148115158081055,-4.5300493240356445,0.011322577483952045,0.03125,0.125,4.577003479003906,0.01766471192240715,36.427085876464844,29.5,-0.5052194595336914,0.5120561718940735,4.609492301940918,32.89353561401367,2.076542615890503,4.618669033050537,24.0
2500,22.38787841796875,5.7458878472971264e-06,9.999999747378752e-06,1.1590625047683716,4.636250019073486,0.2396160066127777,40.966796875,0.009042809717357159,0.0006149782566353679,0.07276956737041473,-0.00017080866382457316,7.5227508544921875,7.5227508544921875,-4.5910491943359375,-12.113799095153809,0.010397783480584621,0.003698958083987236,7.522750820498914e-05,-2.2769718170166016,22.70280647277832,17.827083587646484,22.359678268432617,0.0,0.1205337792634964,5.431644916534424,34.72153091430664,0.9646490812301636,0.5575080513954163,0.05466567352414131,2401.0,2400.9599609375,9.999999747378752e-06,24.0,1.0,331.9632263183594,2.9887473583221436,0.10272184014320374,42.52785110473633,0.9040065407752991,61.486873626708984,104.91873168945312,2.988661527633667,5.741909503936768,1.228365182876587,3.972973346710205,7.06805419921875,10.596220016479492,15.09054183959961,12.103675842285156,-12.113799095153809,-11.635714530944824,0.007464391179382801,0.010416666977107525,0.0416666679084301,1.1747000217437744,0.6406614780426025,51.458335876464844,50.0,-11.594759941101074,-11.594759941101074,1.0189769268035889,4.615633010864258,-4.618669033050537,-4.632963180541992,0.010122271254658699,0.010416666977107525,0.0520833358168602,4.57857084274292,0.017613446339964867,49.364585876464844,48.0,-0.5737696886062622,7.395596981048584,3.2672133445739746,0.5472368001937866,0.02083333395421505,0.96875,-0.002552257850766182,0.009999999776482582,50.5,0.017686359584331512,1.0,0.017397092655301094,0.9997889399528503,0.0,0.0,-7.56609582901001,495.41668701171875,4.615633010864258,-4.618669033050537,-4.642575263977051,0.010122271254658699,0.010416666977107525,0.0520833358168602,4.57857084274292,0.017613444477319717,49.364585876464844,46.25,-0.5737696886062622,4.635287284851074,0.0,3.677170515060425,1.0,9.999999747378752e-05,9.999999747378752e-06,4.501159191131592,-4.512698173522949,-4.530029296875,0.01138165034353733,0.03125,0.125,4.578603744506836,0.01766471192240715,36.15625,29.5,-0.5052194595336914,4.501159191131592,-4.512698173522949,-4.530029296875,0.01138165034353733,0.03125,0.125,4.578603744506836,0.01766471192240715,36.15625,29.5,-0.5052194595336914,0.5135177969932556,4.596208572387695,32.79487609863281,2.0767476558685303,4.615633010864258,24.0
2510,21.78873062133789,4.935264769301284e-06,9.999999747378752e-06,1.1537160873413086,4.614864349365234,0.24057599902153015,40.966796875,0.009042809717357159,0.0005633451510220766,0.07276956737041473,-0.00017080866382457316,9.170624732971191,9.170624732971191,-4.637997627258301,-13.808622360229492,0.00999271497130394,0.0029780850745737553,9.170624252874404e-05,-2.141671895980835,43.775230407714844,21.45384979248047,36.114540100097656,0.0,0.09587401151657104,5.445417404174805,34.820194244384766,0.9642596244812012,0.5589216947555542,0.05466567352414131,2411.0,2410.56005859375,9.999999747378752e-06,24.0,1.0,332.37274169921875,2.988635301589966,0.10272184014320374,42.27134704589844,0.8946855664253235,61.17037582397461,104.34952545166016,2.988546371459961,5.927387237548828,1.3855969905853271,4.096796989440918,7.06805419921875,10.80565071105957,15.186646461486816,12.103675842285156,-12.113799095153809,-11.635714530944824,0.007464391179382801,0.010416666977107525,0.0416666679084301,1.1747000217437744,0.6406614780426025,51.458335876464844,50.0,-11.594759941101074,-11.594759941101074,1.0189769268035889,4.615633010864258,-4.618669033050537,-4.632963180541992,0.010122271254658699,0.010416666977107525,0.0520833358168602,4.57857084274292,0.01766485907137394,49.364585876464844,48.0,-0.6047216653823853,7.395596981048584,3.2672133445739746,0.5472368001937866,0.02083333395421505,0.96875,-0.002552257850766182,0.009999999776482582,50.5,0.017742419615387917,1.0,0.017397092655301094,0.9997896552085876,0.0,0.0,-7.578388214111328,495.79168701171875,4.615633010864258,-4.618669033050537,-4.642575263977051,0.010122271254658699,0.010416666977107525,0.0520833358168602,4.57857084274292,0.01766485907137394,49.364585876464844,46.25,-0.6047216653823853,4.62969970703125,0.0,3.5756614208221436,1.0,9.999999747378752e-05,9.999999747378752e-06,4.501159191131592,-4.512698173522949,-4.530029296875,0.01138165034353733,0.03125,0.125,4.577003479003906,0.01847388595342636,36.15625,29.5,-0.5052194595336914,4.501159191131592,-4.512698173522949,-4.530029296875,0.01138165034353733,0.03125,0.125,4.577003479003906,0.01847388595342636,36.15625,29.5,-0.5052194595336914,0.514976978302002,4.5830230712890625,32.69654846191406,2.0768959522247314,4.615633010864258,24.0
2520,22.527267456054688,5.078315552964341e-06,9.999999747378752e-06,1.0817128419876099,4.3268513679504395,0.2415360063314438,40.966796875,0.009102007374167442,0.000521224457770586,0.05855179578065872,-0.00017080866382457316,7.2976813316345215,7.2976813316345215,-4.5939130783081055,-11.891593933105469,0.010332630947232246,0.0018741392996162176,7.297681440832093e-05,-2.1198859214782715,22.64464569091797,16.766674041748047,21.197601318359375,0.0,0.10781005024909973,5.460234642028809,34.918521881103516,0.9639244079589844,0.5604425668716431,0.053800225257873535,2421.0,2420.159912109375,9.999999747378752e-06,24.0,1.0,330.9132080078125,2.9886422157287598,0.10260626673698425,42.277915954589844,0.895516037940979,61.16259765625,104.33325958251953,2.9885568618774414,5.927387237548828,1.252774953842163,3.9872000217437744,6.849153518676758,10.587743759155273,15.186646461486816,12.076533317565918,-12.103675842285156,-11.625261306762695,0.007464391179382801,0.010416666977107525,0.0416666679084301,1.1747000217437744,0.6406614780426025,50.9375,50.0,-11.580546379089355,-11.580546379089355,1.0086634159088135,4.613767623901367,-4.615633010864258,-4.632963180541992,0.010140209458768368,0.010416666977107525,0.0520833358168602,4.57919454574585,0.017613446339964867,48.35416793823242,48.0,-0.5737696886062622,7.361209869384766,3.3273138999938965,0.5472368001937866,0.02083333395421505,0.9791666865348816,-0.002552257850766182,0.009999999776482582,50.5,0.01830120198428631,1.0,0.017415553331375122,0.9997889399528503,0.0,0.0,-7.578388214111328,495.41668701171875,4.613767623901367,-4.615633010864258,-4.642575263977051,0.010140210390090942,0.010416666977107525,0.0520833358168602,4.57919454574585,0.017613444477319717,48.35416793823242,45.75,-0.5737696886062622,4.623935699462891,0.010416666977107525,3.5756614208221436,1.0,9.999999747378752e-05,9.999999747378752e-06,4.500776767730713,-4.501159191131592,-4.5334978103637695,0.011383896693587303,0.03125,0.125,4.576732635498047,0.01855713315308094,34.625,28.25,-0.5207840800285339,4.500776767730713,-4.501159191131592,-4.5334978103637695,0.011383896693587303,0.03125,0.125,4.576732635498047,0.01855713315308094,34.625,28.25,-0.5207840800285339,0.5164312124252319,4.569041728973389,32.59859085083008,2.0771822929382324,4.613767623901367,24.0
2530,22.86151123046875,5.0067901611328125e-06,9.999999747378752e-06,1.1044106483459473,4.417642593383789,0.24249599874019623,40.966796875,0.009105606004595757,0.0004863468057010323,0.058054082095623016,-0.00017080866382457316,7.267442226409912,7.267442226409912,-4.616158962249756,-11.883601188659668,0.010120282880961895,0.0022993970196694136,7.267441833391786e-05,-2.199445962905884,23.114826202392578,17.419940948486328,22.43830108642578,0.0,0.24210689961910248,5.475283622741699,35.016475677490234,0.9638673663139343,0.5619871616363525,0.05569520220160484,2431.0,2429.760009765625,9.999999747378752e-06,24.0,1.0,330.15472412109375,2.988722801208496,0.09878566861152649,42.43914031982422,0.9027600288391113,61.352718353271484,104.6969223022461,2.988645553588867,5.5850725173950195,1.5493876934051514,3.903280735015869,6.763031959533691,10.251577377319336,14.839311599731445,11.937185287475586,-12.076533317565918,-11.434220314025879,0.006985785439610481,0.010416666977107525,0.0520833358168602,1.1747000217437744,0.6406614780426025,50.270835876464844,49.0,-11.471511840820312,-11.471511840820312,0.9954621195793152,4.615633010864258,-4.616158962249756,-4.626330375671387,0.010122271254658699,0.010416666977107525,0.0520833358168602,4.57919454574585,0.01786934956908226,48.35416793823242,48.0,-0.6006724238395691,7.3089919090271,3.3273138999938965,0.5472368001937866,0.010416666977107525,0.9791666865348816,-0.0031544240191578865,0.009999999776482582,50.5,0.021109141409397125,0.9895833730697632,0.01761806756258011,0.9997829794883728,0.0,0.0,-7.578388214111328,491.3125305175781,4.615633010864258,-4.616158962249756,-4.64163875579834,0.010122271254658699,0.010416666977107525,0.0520833358168602,4.57919454574585,0.01786934956908226,48.35416793823242,45.75,-0.6006724238395691,4.621462345123291,0.010416666977107525,3.869325876235962,1.0,9.999999747378752e-05,9.999999747378752e-06,4.500776767730713,-4.501159191131592,-4.5334978103637695,0.011383896693587303,0.03125,0.125,4.578603744506836,0.01847388595342636,34.625,28.25,-0.5052194595336914,4.500776767730713,-4.501159191131592,-4.5334978103637695,0.011383896693587303,0.03125,0.125,4.578603744506836,0.01847388595342636,34.625,28.25,-0.5052194595336914,0.5178799033164978,4.554771423339844,32.500911712646484,2.083879232406616,4.615633010864258,24.0
2540,22.22810935974121,4.4465064092946704e-06,9.999999747378752e-06,1.144433617591858,4.577734470367432,0.24345600605010986,40.966796875,0.009105606004595757,0.0004863468057010323,0.058054082095623016,-0.00017080866382457316,8.61899185180664,8.61899185180664,-4.632872581481934,-13.251864433288574,0.009959118440747261,0.0047449395060539246,8.618991705588996e-05,-3.5376834869384766,25.399089813232422,19.49713706970215,24.5186710357666,0.0,0.08291909843683243,5.488317966461182,35.11415481567383,0.9637459516525269,0.563325047492981,0.05569520220160484,2441.0,2439.360107421875,9.999999747378752e-06,24.0,1.0,330.9349060058594,2.9888737201690674,0.10163930803537369,42.713348388671875,0.9157378077507019,61.41172409057617,105.02200317382812,2.9888010025024414,5.241689205169678,1.6473736763000488,3.931950569152832,6.7848944664001465,9.772727966308594,14.558338165283203,11.937185287475586,-12.076533317565918,-11.434220314025879,0.005295023322105408,0.010416666977107525,0.0416666679084301,1.1626338958740234,0.648002028465271,50.9375,50.0,-11.471511840820312,-11.471511840820312,1.0086634159088135,4.616158962249756,-4.618669033050537,-4.626330375671387,0.010120282880961895,0.010416666977107525,0.0520833358168602,4.579340934753418,0.018047688528895378,49.114585876464844,48.0,-0.6196660399436951,7.3089919090271,3.3273138999938965,0.5472368001937866,0.010416666977107525,0.9895833730697632,-0.0047984193079173565,0.009999999776482582,50.5,0.021146360784769058,0.9895833730697632,0.01761806756258011,0.9997829794883728,0.0,0.0,-7.584033489227295,495.41668701171875,4.616158962249756,-4.618669033050537,-4.642575263977051,0.01012028381228447,0.010416666977107525,0.0520833358168602,4.579340934753418,0.01804768666625023,49.114585876464844,46.25,-0.6196659803390503,4.617477893829346,0.010416666977107525,3.731807231903076,1.0,9.999999747378752e-05,9.999999747378752e-06,4.501159191131592,-4.5148115158081055,-4.533687114715576,0.011322577483952045,0.03125,0.125,4.578603744506836,0.01855713315308094,36.15625,29.5,-0.5207840800285339,4.501159191131592,-4.5148115158081055,-4.533687114715576,0.011322577483952045,0.03125,0.125,4.578603744506836,0.01855713315308094,36.15625,29.5,-0.5207840800285339,0.519324541091919,4.541438102722168,32.40349197387695,2.0857856273651123,4.616158962249756,24.0
2550,22.425640106201172,5.626678557746345e-06,9.999999747378752e-06,1.107513666152954,4.430054664611816,0.2444159984588623,40.966796875,0.009105606004595757,0.0004859862965531647,0.0551876500248909,-0.00017080866382457316,8.712779998779297,8.712779998779297,-4.668356895446777,-13.381136894226074,0.00957875233143568,0.025954952463507652,8.712779526831582e-05,-4.457263946533203,27.668907165527344,18.592262268066406,27.549896240234375,0.0,0.07240352034568787,5.501046657562256,35.211578369140625,0.9636296629905701,0.5646315217018127,0.053800225257873535,2451.0,2448.9599609375,9.999999747378752e-06,24.0,1.0,331.53228759765625,2.9892141819000244,0.10037913173437119,43.179691314697266,0.9443503022193909,61.5264892578125,105.67023468017578,2.9891278743743896,5.615329265594482,0.9434425830841064,3.8242692947387695,6.7848944664001465,10.436220169067383,14.476629257202148,11.937185287475586,-12.076533317565918,-11.434220314025879,0.005295023322105408,0.010416666977107525,0.0416666679084301,1.137731909751892,0.6526421308517456,51.458335876464844,50.0,-11.471511840820312,-11.471511840820312,1.0189769268035889,4.618669033050537,-4.62085485458374,-4.632963180541992,0.010093443095684052,0.010416666977107525,0.0520833358168602,4.579340934753418,0.018047688528895378,49.364585876464844,49.0,-0.6196660399436951,7.3089919090271,3.3686065673828125,0.5542480945587158,0.010416666977107525,0.9791666865348816,-0.0047984193079173565,0.009999999776482582,50.5,0.021630506962537766,0.9895833730697632,0.01768629066646099,0.9997825026512146,0.0,0.0,-7.584033489227295,495.41668701171875,4.618669033050537,-4.62085485458374,-4.647067070007324,0.010093443095684052,0.010416666977107525,0.0520833358168602,4.579340934753418,0.01804768666625023,49.364585876464844,46.75,-0.6196659803390503,4.618393421173096,0.010416666977107525,3.6909496784210205,1.0,9.999999747378752e-05,9.999999747378752e-06,4.5148115158081055,-4.5150532722473145,-4.5361328125,0.01119646243751049,0.03125,0.125,4.5788421630859375,0.01855713315308094,36.708335876464844,29.5,-0.5207840800285339,4.5148115158081055,-4.5150532722473145,-4.5361328125,0.01119646243751049,0.03125,0.125,4.5788421630859375,0.01855713315308094,36.708335876464844,29.5,-0.5207840800285339,0.5207653641700745,4.527562618255615,32.306373596191406,2.0874857902526855,4.618669033050537,24.0
2560,22.788768768310547,5.865097136847908e-06,9.999999747378752e-06,1.0895591974258423,4.358236789703369,0.24537600576877594,40.966796875,0.009400325827300549,0.0004863468057010323,0.0551876500248909,-0.0001802031183615327,8.85693645477295,8.85693645477295,-4.598321437835693,-13.455257415771484,0.010288968682289124,0.011888816021382809,8.856935892254114e-05,-4.163889408111572,26.67969512939453,19.455881118774414,24.318252563476562,0.0,0.16822069883346558,5.514209270477295,35.308692932128906,0.9633376002311707,0.5659825205802917,0.05569520220160484,2461.0,2458.56005859375,9.999999747378752e-06,24.0,1.0,332.5406188964844,2.989330768585205,0.10037913173437119,43.150535583496094,0.9561076760292053,61.553836822509766,105.7182846069336,2.989255905151367,5.714637279510498,1.0557260513305664,3.861067295074463,6.9602179527282715,10.955069541931152,14.91399097442627,11.937185287475586,-12.076533317565918,-11.747437477111816,0.005295023322105408,0.010416666977107525,0.0416666679084301,1.1074116230010986,0.6526421308517456,50.270835876464844,49.0,-11.471511840820312,-11.471511840820312,0.9954621195793152,4.616158962249756,-4.618669033050537,-4.626330375671387,0.010120282880961895,0.010416666977107525,0.0520833358168602,4.579486846923828,0.018047688528895378,49.114585876464844,48.0,-0.6196660399436951,7.3089919090271,3.4156501293182373,0.5573107600212097,0.010416666977107525,0.9791666865348816,-0.0047984193079173565,0.009999999776482582,50.5,0.021630506962537766,0.9895833730697632,0.01768629066646099,0.9997829794883728,0.0,0.010416666977107525,-7.578388214111328,495.41668701171875,4.616158962249756,-4.618669033050537,-4.642575263977051,0.01012028381228447,0.010416666977107525,0.0520833358168602,4.57948637008667,0.01804768666625023,49.114585876464844,46.25,-0.6196659803390503,4.632370948791504,0.010416666977107525,3.59110426902771,1.0,9.999999747378752e-05,9.999999747378752e-06,4.501159191131592,-4.5148115158081055,-4.5361328125,0.011322577483952045,0.03125,0.125,4.5788421630859375,0.01855713315308094,36.15625,29.5,-0.5207840800285339,4.501159191131592,-4.5148115158081055,-4.5361328125,0.011322577483952045,0.03125,0.125,4.5788421630859375,0.01855713315308094,36.15625,29.5,-0.5207840800285339,0.522201657295227,4.515127182006836,32.20951461791992,2.0917649269104004,4.616158962249756,24.0
2570,22.705780029296875,5.662441253662109e-06,9.999999747378752e-06,1.1230496168136597,4.492198467254639,0.24633599817752838,40.966796875,0.009400325827300549,0.0004863468057010323,0.0551876500248909,-0.00017080866382457316,9.814294815063477,9.814294815063477,-4.643702507019043,-14.457998275756836,0.010000395588576794,0.007358085364103317,9.814294753596187e-05,-3.7206978797912598,36.783042907714844,22.151952743530273,34.14849853515625,0.0,0.07806368172168732,5.527499198913574,35.40555191040039,0.9632902145385742,0.5673466324806213,0.055924225598573685,2471.0,2468.159912109375,9.999999747378752e-06,24.0,1.0,333.8189697265625,2.9891936779022217,0.09029144048690796,42.543739318847656,0.943283200263977,61.149688720703125,104.63671112060547,2.9891114234924316,5.908976078033447,1.3083975315093994,4.185152530670166,7.688769817352295,12.050418853759766,16.0616455078125,12.076533317565918,-12.113799095153809,-11.860725402832031,0.005295023322105408,0.010416666977107525,0.0416666679084301,1.0960744619369507,0.6534374952316284,50.270835876464844,49.0,-11.594759941101074,-11.594759941101074,0.9954621195793152,4.618669033050537,-4.62085485458374,-4.632963180541992,0.010093443095684052,0.010416666977107525,0.0520833358168602,4.579486846923828,0.018091276288032532,49.364585876464844,49.0,-0.622886598110199,7.361209869384766,3.472625494003296,0.5607466101646423,0.010416666977107525,0.9791666865348816,-0.0047984193079173565,0.009999999776482582,50.5,0.021109141409397125,0.9895833730697632,0.01768629066646099,0.9997829794883728,0.0,0.0,-7.578388214111328,494.3958435058594,4.618669033050537,-4.62085485458374,-4.647067070007324,0.010093443095684052,0.010416666977107525,0.0520833358168602,4.57948637008667,0.018091276288032532,49.364585876464844,46.75,-0.6228866577148438,4.621946811676025,0.010416666977107525,3.59110426902771,1.0,9.999999747378752e-05,9.999999747378752e-06,4.5148115158081055,-4.5150532722473145,-4.541023254394531,0.01119646243751049,0.03125,0.125,4.5788421630859375,0.01855713315308094,36.708335876464844,29.5,-0.5207840800285339,4.5148115158081055,-4.5150532722473145,-4.541023254394531,0.01119646243751049,0.03125,0.125,4.5788421630859375,0.01855713315308094,36.708335876464844,29.5,-0.5207840800285339,0.5236341953277588,4.500135898590088,32.11305618286133,2.0932929515838623,4.618669033050537,24.0
2580,22.28458023071289,5.888939085707534e-06,9.999999747378752e-06,1.152757167816162,4.611028671264648,0.24729600548744202,40.966796875,0.009400325827300549,0.0004863468057010323,0.0551876500248909,-0.00017080866382457316,9.384186744689941,9.384186744689941,-4.60965633392334,-13.993843078613281,0.01012974139302969,0.0023839836940169334,9.384186705574393e-05,-2.1828012466430664,30.205047607421875,21.424081802368164,22.651700973510742,0.0,0.1047457680106163,5.541088104248047,35.502010345458984,0.9629780054092407,0.5687413811683655,0.056131761521101,2481.0,2477.760009765625,9.999999747378752e-06,24.0,1.0,333.87274169921875,2.9889018535614014,0.08852285891771317,42.10432815551758,0.9170300960540771,60.661800384521484,103.69532012939453,2.9888107776641846,6.092248916625977,1.3978445529937744,4.410758018493652,8.08816146850586,12.767535209655762,17.036357879638672,12.113799095153809,-12.179386138916016,-12.022665977478027,0.004941938444972038,0.010416666977107525,0.0416666679084301,1.0912108421325684,0.6678563356399536,50.114585876464844,49.0,-11.628639221191406,-11.628639221191406,0.9923680424690247,4.616158962249756,-4.62085485458374,-4.632963180541992,0.010093443095684052,0.010416666977107525,0.0520833358168602,4.580478191375732,0.018047688528895378,49.3125,50.0,-0.6196660399436951,7.627723217010498,3.474120616912842,0.5614659786224365,0.010416666977107525,0.9791666865348816,-0.004953300580382347,0.009999999776482582,50.5,0.019581463187932968,0.9895833730697632,0.01768629066646099,0.9997829794883728,0.0,0.0,-7.578388214111328,494.3958435058594,4.616158962249756,-4.62085485458374,-4.642575263977051,0.010093443095684052,0.010416666977107525,0.0520833358168602,4.580478191375732,0.01804768666625023,49.312503814697266,47.25,-0.6196659803390503,4.6188554763793945,0.010416666977107525,3.491398811340332,1.0,9.999999747378752e-05,9.999999747378752e-06,4.50145149230957,-4.5150532722473145,-4.5361328125,0.01119646243751049,0.03125,0.125,4.579289436340332,0.01847388595342636,36.15625,29.5,-0.5052194595336914,4.50145149230957,-4.5150532722473145,-4.5361328125,0.01119646243751049,0.03125,0.125,4.579289436340332,0.01847388595342636,36.15625,29.5,-0.5052194595336914,0.525060772895813,4.487696170806885,32.016727447509766,2.098921060562134,4.616158962249756,24.0
2590,21.86850357055664,4.780292329087388e-06,9.999999747378752e-06,1.1533681154251099,4.6134724617004395,0.24825599789619446,40.966796875,0.009400325827300549,0.0005399876972660422,0.0551876500248909,-0.0001177455487777479,9.229535102844238,9.229535102844238,-4.638418197631836,-13.867953300476074,0.00990208052098751,0.002201476600021124,9.229534771293402e-05,-1.8094170093536377,25.188201904296875,19.859580993652344,25.154464721679688,0.0,0.08718241751194,5.55470085144043,35.59834289550781,0.9629544615745544,0.5701386332511902,0.055924225598573685,2491.0,2487.360107421875,9.999999747378752e-06,24.0,1.0,334.2418212890625,2.9887051582336426,0.08718241751194,41.93075180053711,0.9005449414253235,60.31855773925781,103.14985656738281,2.9886133670806885,6.226638317108154,1.5420138835906982,4.75488805770874,8.37677001953125,13.037179946899414,17.13857650756836,12.179386138916016,-13.096487045288086,-12.081189155578613,0.0047449395060539246,0.0,0.0416666679084301,1.0779136419296265,0.6678563356399536,50.114585876464844,49.0,-12.591399192810059,-12.591399192810059,0.9923680424690247,4.616158962249756,-4.62085485458374,-4.632963180541992,0.010093443095684052,0.010416666977107525,0.0520833358168602,4.580869674682617,0.01786934956908226,49.3125,50.0,-0.6006724238395691,7.7197394371032715,3.474120616912842,0.5651606917381287,0.010416666977107525,0.9791666865348816,-0.005214178003370762,0.009999999776482582,50.5,0.01830120198428631,0.9895833730697632,0.01768629066646099,0.9997845888137817,0.0,0.0,-7.578388214111328,494.3958435058594,4.616158962249756,-4.62085485458374,-4.642575263977051,0.010093443095684052,0.010416666977107525,0.0520833358168602,4.580869674682617,0.01786934956908226,49.312503814697266,47.25,-0.6006724238395691,4.622741222381592,0.010416666977107525,3.615462303161621,1.0,9.999999747378752e-05,9.999999747378752e-06,4.50145149230957,-4.5150532722473145,-4.5361328125,0.01119646243751049,0.02083333395421505,0.125,4.579289436340332,0.017612310126423836,36.15625,29.5,-0.5028697848320007,4.50145149230957,-4.5150532722473145,-4.5361328125,0.01119646243751049,0.02083333395421505,0.125,4.579289436340332,0.017612310126423836,36.15625,29.5,-0.5028697848320007,0.5264855027198792,4.472989082336426,31.920852661132812,2.1100306510925293,4.616158962249756,24.0
2600,22.41069984436035,5.710125151381362e-06,9.999999747378752e-06,1.0764166116714478,4.305666446685791,0.2492160052061081,40.966796875,0.009400325827300549,0.0005399876972660422,0.0551876500248909,-0.00017080866382457316,8.372381210327148,8.372381210327148,-4.64726448059082,-13.019645690917969,0.009765125811100006,0.0038624375592917204,8.372381125809625e-05,-3.3890316486358643,24.925771713256836,17.148799896240234,20.681739807128906,0.0,0.07845114171504974,5.567478656768799,35.6942138671875,0.962547779083252,0.5714501738548279,0.055924225598573685,2501.0,2496.9599609375,9.999999747378752e-06,24.0,1.0,334.202392578125,2.9886412620544434,0.08201926946640015,41.73440933227539,0.8955629467964172,60.06446075439453,102.6946792602539,2.988551616668701,6.226638317108154,1.6508986949920654,4.819952964782715,8.235044479370117,12.72475814819336,16.686721801757812,13.019645690917969,-13.096487045288086,-12.441020965576172,0.0038624375592917204,0.0,0.0416666679084301,1.0779136419296265,0.6678563356399536,50.270835876464844,49.0,-12.591399192810059,-12.591399192810059,0.9954621195793152,4.62085485458374,-4.628098487854004,-4.632963180541992,0.010038967244327068,0.010416666977107525,0.0520833358168602,4.581526756286621,0.017613446339964867,49.364585876464844,50.0,-0.5737696886062622,7.7197394371032715,3.474120616912842,0.5651606917381287,0.010416666977107525,0.9791666865348816,-0.005902688484638929,0.009999999776482582,50.5,0.01830120198428631,0.9895833730697632,0.01768629066646099,0.9997845888137817,0.0,0.0,-7.584033489227295,494.3958435058594,4.62085485458374,-4.628098487854004,-4.642575263977051,0.010038967244327068,0.010416666977107525,0.0520833358168602,4.581526756286621,0.017613444477319717,49.364585876464844,47.25,-0.5737696886062622,4.638418197631836,0.0,3.611435890197754,1.0,9.999999747378752e-05,9.999999747378752e-06,4.5150532722473145,-4.522762298583984,-4.541023254394531,0.011153174564242363,0.03125,0.125,4.579497814178467,0.017460249364376068,36.708335876464844,30.0,-0.4564553201198578,4.5150532722473145,-4.522762298583984,-4.541023254394531,0.011153174564242363,0.03125,0.125,4.579497814178467,0.017460249364376068,36.708335876464844,30.0,-0.4564553201198578,0.5279033780097961,4.45990514755249,31.82514190673828,2.1203291416168213,4.62085485458374,24.0
2610,22.38638687133789,5.865097136847908e-06,9.999999747378752e-06,1.1571959257125854,4.628783702850342,0.25017601251602173,40.966796875,0.009400325827300549,0.0005633451510220766,0.05855179578065872,-0.0001802031183615327,7.656789302825928,7.656789302825928,-4.638307094573975,-12.295096397399902,0.00992545299232006,0.029347678646445274,7.656789239263162e-05,-4.543748378753662,24.15186309814453,17.285202026367188,22.481489181518555,0.0,0.08619685471057892,5.582368850708008,35.78992462158203,0.9622108340263367,0.5729784965515137,0.05569520220160484,2511.0,2506.56005859375,9.999999747378752e-06,24.0,1.0,334.9554748535156,2.9886341094970703,0.08201926946640015,41.31477737426758,0.8955416679382324,59.66225814819336,101.87257385253906,2.988548517227173,5.718446254730225,1.483440637588501,4.163666248321533,7.497652530670166,11.507098197937012,15.560396194458008,13.019645690917969,-13.096487045288086,-12.441020965576172,0.0038624375592917204,0.0,0.0416666679084301,1.07765793800354,0.6689571738243103,50.270835876464844,50.0,-12.591399192810059,-12.591399192810059,0.9954621195793152,4.628098487854004,-4.632872581481934,-4.632963180541992,0.010000395588576794,0.010416666977107525,0.0520833358168602,4.581526756286621,0.01704322174191475,50.583335876464844,50.0,-0.563572108745575,7.929492950439453,3.474207639694214,0.5669523477554321,0.010416666977107525,0.9791666865348816,-0.005902688484638929,0.009999999776482582,50.5,0.01830120198428631,1.0,0.01768629066646099,0.9997845888137817,0.0,0.0,-7.584033489227295,494.3958435058594,4.628098487854004,-4.632872104644775,-4.642575263977051,0.010000395588576794,0.010416666977107525,0.0520833358168602,4.581526756286621,0.01704322174191475,50.583335876464844,48.75,-0.5635721683502197,4.638307094573975,0.0,3.6821463108062744,1.0,9.999999747378752e-05,9.999999747378752e-06,4.522762298583984,-4.529748916625977,-4.543638706207275,0.011086707003414631,0.03125,0.125,4.579497814178467,0.017234940081834793,37.57291793823242,30.25,-0.4539875388145447,4.522762298583984,-4.529748916625977,-4.543638706207275,0.011086707003414631,0.03125,0.125,4.579497814178467,0.017234940081834793,37.57291793823242,30.25,-0.4539875388145447,0.5293189287185669,4.446414947509766,31.72983169555664,2.121382236480713,4.628098487854004,24.0
2620,21.848339080810547,4.625320343620842e-06,9.999999747378752e-06,1.1493148803710938,4.597259521484375,0.25113600492477417,40.966796875,0.009400325827300549,0.0005633451510220766,0.05971217155456543,-0.0001802031183615327,8.920312881469727,8.920312881469727,-4.625471115112305,-13.545783996582031,0.01003389060497284,0.0033934242092072964,8.920312393456697e-05,-2.800156593322754,38.385215759277344,22.665069580078125,30.50008201599121,0.0,0.10678937286138535,5.596865177154541,35.88523483276367,0.9618452787399292,0.5744664072990417,0.05569520220160484,2521.0,2516.159912109375,9.999999747378752e-06,24.0,1.0,333.91436767578125,2.9887731075286865,0.08847794681787491,41.225135803222656,0.9080349802970886,59.57637405395508,101.68948364257812,2.988696575164795,6.021889686584473,1.5414884090423584,4.0288896560668945,7.161438465118408,11.41739559173584,15.525848388671875,13.096487045288086,-13.251864433288574,-12.441020965576172,0.0038624375592917204,0.0,0.0416666679084301,1.07765793800354,0.6689571738243103,50.270835876464844,50.0,-12.753233909606934,-12.753233909606934,0.9954621195793152,4.625471115112305,-4.628098487854004,-4.632963180541992,0.01003389060497284,0.010416666977107525,0.0520833358168602,4.580869674682617,0.017613446339964867,50.04166793823242,50.0,-0.6006724238395691,7.970239162445068,3.474207639694214,0.5669523477554321,0.010416666977107525,0.9895833730697632,-0.005902688484638929,0.009999999776482582,50.5,0.019581463187932968,1.0,0.01773855648934841,0.9997825026512146,0.0,0.0,-7.578388214111328,494.3958435058594,4.625471591949463,-4.628098487854004,-4.642575263977051,0.01003389060497284,0.010416666977107525,0.0520833358168602,4.580869674682617,0.017613444477319717,50.04166793823242,47.25,-0.6006724238395691,4.625471591949463,0.010416666977107525,3.62721848487854,1.0,9.999999747378752e-05,9.999999747378752e-06,4.5150532722473145,-4.522762298583984,-4.546019554138184,0.011153174564242363,0.03125,0.125,4.579289436340332,0.017317529767751694,36.708335876464844,30.0,-0.4539875388145447,4.5150532722473145,-4.522762298583984,-4.546019554138184,0.011153174564242363,0.03125,0.125,4.579289436340332,0.017317529767751694,36.708335876464844,30.0,-0.4539875388145447,0.5307285189628601,4.434137344360352,31.634675979614258,2.1216721534729004,4.625471591949463,24.0
2630,22.3609676361084,5.686283202521736e-06,9.999999747378752e-06,1.1116065979003906,4.4464263916015625,0.2520959973335266,40.966796875,0.009400325827300549,0.0005812667077407241,0.06402724236249924,-0.0001802031183615327,9.585752487182617,9.585752487182617,-4.656581401824951,-14.242335319519043,0.009798122569918633,0.00299959909170866,9.585752559360117e-05,-3.158926010131836,45.960601806640625,26.349811553955078,32.89886474609375,0.0,0.08015062659978867,5.610494613647461,35.98039245605469,0.9612948894500732,0.5758653283119202,0.053087782114744186,2531.0,2525.760009765625,9.999999747378752e-06,24.0,1.0,333.22015380859375,2.988973379135132,0.08536898344755173,41.631290435791016,0.9238806962966919,59.54330825805664,102.10694885253906,2.988884210586548,7.165111541748047,1.5414884090423584,4.216485500335693,7.447094917297363,12.20305347442627,18.530582427978516,13.251864433288574,-13.381136894226074,-12.604637145996094,0.0038624375592917204,0.0,0.0416666679084301,1.07765793800354,0.6689571738243103,51.458335876464844,50.0,-12.88749885559082,-12.88749885559082,1.0189769268035889,4.628098487854004,-4.632872581481934,-4.635534286499023,0.010000395588576794,0.010416666977107525,0.0520833358168602,4.580478191375732,0.017730865627527237,50.583335876464844,50.0,-0.6124497056007385,8.080327987670898,3.4821033477783203,0.5669523477554321,0.010416666977107525,0.9895833730697632,-0.005902688484638929,0.009999999776482582,50.5,0.019581463187932968,1.0,0.01773855648934841,0.9997825026512146,0.0,0.0,-7.578388214111328,495.41668701171875,4.628098487854004,-4.632872104644775,-4.648895263671875,0.010000395588576794,0.010416666977107525,0.0520833358168602,4.580478191375732,0.017730865627527237,50.583335876464844,48.75,-0.6124497056007385,4.626996040344238,0.010416666977107525,3.8823487758636475,1.0,9.999999747378752e-05,9.999999747378752e-06,4.522762298583984,-4.529748916625977,-4.546892166137695,0.011086707003414631,0.03125,0.125,4.579497814178467,0.017234940081834793,37.57291793823242,30.5,-0.4532378017902374,4.522762298583984,-4.529748916625977,-4.546892166137695,0.011086707003414631,0.03125,0.125,4.579497814178467,0.017234940081834793,37.57291793823242,30.5,-0.4532378017902374,0.5321358442306519,4.423131942749023,31.539770126342773,2.122032403945923,4.628098487854004,24.0
2640,22.42898178100586,5.710125151381362e-06,9.999999747378752e-06,1.1349635124206543,4.539854049682617,0.25305598974227905,40.966796875,0.009279687888920307,0.0005812667077407241,0.06402724236249924,-0.0001802031183615327,7.333581447601318,7.333581447601318,-4.624366760253906,-11.957948684692383,0.010043825954198837,0.017499646171927452,7.333581743296236e-05,-4.274156093597412,22.98297882080078,19.09150505065918,21.631118774414062,0.0,0.10426303744316101,5.624399662017822,36.07529830932617,0.9612500071525574,0.5772925615310669,0.053087782114744186,2541.0,2535.360107421875,9.999999747378752e-06,24.0,1.0,332.90887451171875,2.9891104698181152,0.08536898344755173,42.136260986328125,0.9363076090812683,59.51755142211914,102.50655364990234,2.989027500152588,6.987598419189453,1.186042308807373,3.6408042907714844,7.365583419799805,11.550825119018555,17.09634780883789,13.251864433288574,-13.381136894226074,-12.604637145996094,0.0038624375592917204,0.0,0.0416666679084301,1.07765793800354,0.6689571738243103,50.270835876464844,50.0,-12.88749885559082,-12.88749885559082,0.9954621195793152,4.625471115112305,-4.632872581481934,-4.637452125549316,0.010000395588576794,0.010416666977107525,0.0520833358168602,4.580478191375732,0.017613446339964867,50.333335876464844,51.0,-0.6006724238395691,8.080327987670898,3.4821033477783203,0.5669523477554321,0.010416666977107525,0.9791666865348816,-0.005902688484638929,0.009999999776482582,50.5,0.019581463187932968,1.0,0.01813765987753868,0.9997825026512146,0.0,0.0,-7.56609582901001,494.3958435058594,4.625471591949463,-4.632872104644775,-4.6536054611206055,0.010000395588576794,0.010416666977107525,0.0520833358168602,4.580478191375732,0.017613444477319717,50.333335876464844,47.5,-0.6006724238395691,4.626955032348633,0.010416666977107525,3.664172887802124,1.0,9.999999747378752e-05,9.999999747378752e-06,4.529748916625977,-4.53190279006958,-4.546019554138184,0.011029385961592197,0.03125,0.125,4.579497814178467,0.017234940081834793,37.69792175292969,30.5,-0.4532378017902374,4.529748916625977,-4.53190279006958,-4.546019554138184,0.011029385961592197,0.03125,0.125,4.579497814178467,0.017234940081834793,37.69792175292969,30.5,-0.4532378017902374,0.5335394740104675,4.410221099853516,31.445161819458008,2.125108480453491,4.625471591949463,24.0
2650,22.285852432250977,4.7922135308908764e-06,9.999999747378752e-06,1.1161549091339111,4.4646196365356445,0.2540160119533539,40.966796875,0.009105606004595757,0.0005812667077407241,0.07244770228862762,-0.00020079969544894993,6.841625213623047,6.841625213623047,-4.597301483154297,-11.438926696777344,0.010275627486407757,0.0032646856270730495,6.841625145170838e-05,-2.46433424949646,19.848142623901367,16.630006790161133,18.4615535736084,0.0,0.07385826110839844,5.637444496154785,36.16990661621094,0.9610724449157715,0.5786315202713013,0.05198892578482628,2551.0,2544.9599609375,9.999999747378752e-06,24.0,1.0,331.4176940917969,2.9891104698181152,0.09059322625398636,42.1867561340332,0.9368564486503601,59.286415100097656,102.43671417236328,2.9890329837799072,6.446778297424316,0.9238321781158447,3.455742120742798,6.4974493980407715,10.862443923950195,16.370622634887695,13.251864433288574,-13.381136894226074,-12.604637145996094,0.003698958083987236,0.0,0.0416666679084301,1.0779136419296265,0.6687092781066895,50.270835876464844,50.0,-12.88749885559082,-12.88749885559082,0.9954621195793152,4.625471115112305,-4.632872581481934,-4.637452125549316,0.010000395588576794,0.010416666977107525,0.0520833358168602,4.580478191375732,0.017613446339964867,50.333335876464844,51.0,-0.6006724238395691,8.080327987670898,3.474207639694214,0.5651606917381287,0.010416666977107525,0.9895833730697632,-0.00664046686142683,0.009999999776482582,50.5,0.01961946301162243,1.0,0.018171295523643494,0.9997774362564087,0.0,0.0,-7.578388214111328,495.41668701171875,4.625471591949463,-4.632872104644775,-4.6536054611206055,0.010000395588576794,0.010416666977107525,0.0520833358168602,4.580478191375732,0.017613444477319717,50.333335876464844,47.5,-0.6006724238395691,4.617718696594238,0.010416666977107525,3.521921157836914,1.0,9.999999747378752e-05,9.999999747378752e-06,4.529748916625977,-4.53190279006958,-4.546019554138184,0.011029385961592197,0.03125,0.125,4.579497814178467,0.017234940081834793,37.69792175292969,30.5,-0.4532378017902374,4.529748916625977,-4.53190279006958,-4.546019554138184,0.011029385961592197,0.03125,0.125,4.579497814178467,0.017234940081834793,37.69792175292969,30.5,-0.4532378017902374,0.5349386930465698,4.394645690917969,31.351099014282227,2.1300315856933594,4.625471591949463,24.0
2660,22.5970516204834,5.257129487290513e-06,9.999999747378752e-06,1.1548919677734375,4.61956787109375,0.2549760043621063,40.966796875,0.009105606004595757,0.0005633451510220766,0.06402724236249924,-0.0003805923042818904,6.924815654754639,6.924815654754639,-4.641783714294434,-11.56659984588623,0.00996280275285244,0.0036559037398546934,6.924815534148365e-05,-2.076124429702759,21.949132919311523,15.804925918579102,18.37577247619629,0.0,0.18632067739963531,5.649788856506348,36.26396942138672,0.9607100486755371,0.5798985362052917,0.05198892578482628,2561.0,2554.56005859375,9.999999747378752e-06,24.0,1.0,332.43463134765625,2.9889655113220215,0.10484009236097336,42.061580657958984,0.9246057271957397,58.971839904785156,101.97048950195312,2.9888932704925537,6.023871421813965,0.9953992366790771,3.3863542079925537,6.205353260040283,10.382451057434082,14.784944534301758,13.251864433288574,-13.381136894226074,-12.604637145996094,0.0036559037398546934,0.0,0.0416666679084301,1.0912108421325684,0.6678563356399536,50.270835876464844,50.0,-12.88749885559082,-12.88749885559082,0.9954621195793152,4.632872581481934,-4.635287284851074,-4.637452125549316,0.00999271497130394,0.010416666977107525,0.0520833358168602,4.580478191375732,0.017613446339964867,50.84375,51.0,-0.6006724238395691,8.080327987670898,3.474120616912842,0.5614659786224365,0.010416666977107525,0.9895833730697632,-0.00664046686142683,0.009999999776482582,50.5,0.02048945054411888,0.9895833730697632,0.018343284726142883,0.9997774362564087,0.0,0.0,-7.56609582901001,495.41668701171875,4.632872104644775,-4.635287284851074,-4.6536054611206055,0.00999271497130394,0.010416666977107525,0.0520833358168602,4.580478191375732,0.017613444477319717,50.843753814697266,48.75,-0.6006724238395691,4.62211275100708,0.010416666977107525,3.6557226181030273,1.0,9.999999747378752e-05,9.999999747378752e-06,4.53190279006958,-4.5375165939331055,-4.546019554138184,0.011001672595739365,0.03125,0.125,4.580633163452148,0.017234940081834793,37.8125,30.75,-0.4532378017902374,4.53190279006958,-4.5375165939331055,-4.546019554138184,0.011001672595739365,0.03125,0.125,4.580633163452148,0.017234940081834793,37.8125,30.75,-0.4532378017902374,0.5363298654556274,4.384378433227539,31.25701904296875,2.132375478744507,4.632872104644775,24.0
2670,22.634613037109375,5.209446044318611e-06,9.999999747378752e-06,1.092529058456421,4.370116233825684,0.25593599677085876,40.966796875,0.008760244585573673,0.0005633451510220766,0.06402724236249924,-0.0003805923042818904,10.289474487304688,10.289474487304688,-4.6626973152160645,-14.952171325683594,0.009669918566942215,0.0004286448238417506,0.000102894744486548,-0.11320877075195312,30.150897979736328,22.03426170349121,25.6914119720459,0.0,0.14491739869117737,5.662898063659668,36.35804748535156,0.9601225256919861,0.5812440514564514,0.05117688700556755,2571.0,2564.159912109375,9.999999747378752e-06,24.0,1.0,333.5663146972656,2.988542079925537,0.12077724933624268,41.8841552734375,0.8892012238502502,58.539432525634766,101.31278991699219,2.9884696006774902,5.915567398071289,0.9850776195526123,3.281001567840576,6.335239410400391,10.873398780822754,15.21331787109375,13.251864433288574,-13.381136894226074,-12.604637145996094,0.0036559037398546934,0.0,0.0416666679084301,1.0912108421325684,0.6678563356399536,50.270835876464844,51.0,-12.88749885559082,-12.88749885559082,0.9954621195793152,4.635287284851074,-4.635512351989746,-4.644937515258789,0.00996280275285244,0.010416666977107525,0.0520833358168602,4.580478191375732,0.017271321266889572,51.25,51.0,-0.6006724238395691,8.080327987670898,3.472625494003296,0.5607466101646423,0.010416666977107525,0.9791666865348816,-0.00664046686142683,0.009999999776482582,50.5,0.020843729376792908,0.9895833730697632,0.018422868102788925,0.9997690916061401,0.0,0.0,-7.584033489227295,499.5729675292969,4.635287284851074,-4.635512351989746,-4.648895263671875,0.00996280275285244,0.010416666977107525,0.0520833358168602,4.580478191375732,0.017271319404244423,51.250003814697266,49.25,-0.6006724238395691,4.629877090454102,0.010416666977107525,3.6557226181030273,1.0,9.999999747378752e-05,9.999999747378752e-06,4.5375165939331055,-4.537744522094727,-4.546892166137695,0.010925875045359135,0.03125,0.125,4.580745697021484,0.01719975471496582,37.958335876464844,31.75,-0.45225876569747925,4.5375165939331055,-4.537744522094727,-4.546892166137695,0.010925875045359135,0.03125,0.125,4.580745697021484,0.01719975471496582,37.958335876464844,31.75,-0.45225876569747925,0.5377212166786194,4.372962474822998,31.163291931152344,2.1378986835479736,4.635287284851074,24.0
2680,22.564952850341797,5.948543730482925e-06,9.999999747378752e-06,1.1297820806503296,4.519128322601318,0.2568959891796112,40.966796875,0.008760244585573673,0.0005633451510220766,0.06402724236249924,-0.00031845347257331014,8.452810287475586,8.452810287475586,-4.669220447540283,-13.122030258178711,0.00960520375519991,0.0023953341878950596,8.45281028887257e-05,-2.548546314239502,31.235200881958008,20.46329116821289,27.484844207763672,0.0,0.15951547026634216,5.677341461181641,36.45177459716797,0.96003258228302,0.5827265381813049,0.05117688700556755,2581.0,2573.760009765625,9.999999747378752e-06,24.0,1.0,332.78118896484375,2.9880850315093994,0.09929634630680084,41.8841552734375,0.8532493710517883,57.94200134277344,100.90666198730469,2.9880073070526123,6.269364356994629,1.3097314834594727,3.749166488647461,7.1131486892700195,11.891304016113281,16.354402542114258,13.122030258178711,-13.251864433288574,-12.441020965576172,0.0033934242092072964,0.0,0.0416666679084301,1.0960744619369507,0.6678563356399536,50.270835876464844,51.0,-12.753233909606934,-12.753233909606934,0.9954621195793152,4.635287284851074,-4.637997627258301,-4.6517229080200195,0.00996280275285244,0.010416666977107525,0.0520833358168602,4.580478191375732,0.017077205702662468,51.25,51.0,-0.563572108745575,7.990054130554199,3.4315390586853027,0.5589846968650818,0.02083333395421505,0.9791666865348816,-0.006698825396597385,0.009999999776482582,50.5,0.021109141409397125,0.9895833730697632,0.018541736528277397,0.9997666478157043,0.0,0.0,-7.584033489227295,501.5,4.635287284851074,-4.637997627258301,-4.6536054611206055,0.00996280275285244,0.010416666977107525,0.0520833358168602,4.580478191375732,0.017077207565307617,51.250003814697266,50.25,-0.5635721683502197,4.630341529846191,0.010416666977107525,3.52432918548584,1.0,9.999999747378752e-05,9.999999747378752e-06,4.5375165939331055,-4.537744522094727,-4.546892166137695,0.01092299073934555,0.03125,0.125,4.580745697021484,0.01719975471496582,37.958335876464844,31.75,-0.44153541326522827,4.5375165939331055,-4.537744522094727,-4.546892166137695,0.01092299073934555,0.03125,0.125,4.580745697021484,0.01719975471496582,37.958335876464844,31.75,-0.44153541326522827,0.5391073822975159,4.358760833740234,31.069929122924805,2.1396548748016357,4.635287284851074,24.0
2690,22.28139877319336,5.948543730482925e-06,9.999999747378752e-06,1.153813123703003,4.615252494812012,0.25785601139068604,40.966796875,0.009279687888920307,0.0005537514807656407,0.06256673485040665,-0.0003805923042818904,6.005887031555176,6.005887031555176,-4.631481647491455,-10.637368202209473,0.00991215929389,0.044656798243522644,6.005886825732887e-05,-4.649808883666992,22.99547576904297,15.755476951599121,21.990198135375977,0.0,0.34829622507095337,5.69047737121582,36.545143127441406,0.96000736951828,0.584074854850769,0.05117688700556755,2591.0,2583.360107421875,9.999999747378752e-06,24.0,1.0,330.8299560546875,2.988206148147583,0.1444508284330368,42.47492218017578,0.8617754578590393,57.991214752197266,101.32791137695312,2.988121509552002,5.819924354553223,0.9486954212188721,3.132019281387329,6.396235466003418,11.248278617858887,15.140530586242676,13.122030258178711,-13.251864433288574,-12.062056541442871,0.0033934242092072964,0.0,0.0416666679084301,1.1074116230010986,0.665791392326355,50.114585876464844,50.0,-12.753233909606934,-12.753233909606934,0.9923680424690247,4.632872581481934,-4.637997627258301,-4.6517229080200195,0.00996280275285244,0.010416666977107525,0.0520833358168602,4.580478191375732,0.017077205702662468,50.84375,53.0,-0.563572108745575,7.990054130554199,3.428022861480713,0.5589268207550049,0.02083333395421505,0.9791666865348816,-0.006698825396597385,0.009999999776482582,50.5,0.021109141409397125,0.9895833730697632,0.018541736528277397,0.9997666478157043,0.0,0.0,-7.584033489227295,501.5,4.632872104644775,-4.637997627258301,-4.654621124267578,0.00996280275285244,0.010416666977107525,0.0520833358168602,4.580478191375732,0.017077207565307617,50.843753814697266,50.75,-0.5635721683502197,4.631481647491455,0.0,3.7962558269500732,1.0,9.999999747378752e-05,9.999999747378752e-06,4.534902572631836,-4.5375165939331055,-4.5490241050720215,0.010963896289467812,0.03125,0.125,4.580745697021484,0.017234940081834793,37.958335876464844,31.75,-0.45225876569747925,4.534902572631836,-4.5375165939331055,-4.5490241050720215,0.010963896289467812,0.03125,0.125,4.580745697021484,0.017234940081834793,37.958335876464844,31.75,-0.45225876569747925,0.5404883027076721,4.345374584197998,30.976778030395508,2.150442600250244,4.632872104644775,24.0
2700,22.182043075561523,4.756450834975112e-06,9.999999747378752e-06,1.1163560152053833,4.465424060821533,0.2588160037994385,40.966796875,0.009086379781365395,0.0005812667077407241,0.06402724236249924,-0.0003805923042818904,6.712014675140381,6.712014675140381,-4.63095760345459,-11.342971801757812,0.009997665882110596,0.004996647126972675,6.71201414661482e-05,-2.812129497528076,21.171127319335938,16.259714126586914,20.361909866333008,0.0,0.08023492246866226,5.703202724456787,36.63828659057617,0.9599015712738037,0.5853809714317322,0.05117688700556755,2601.0,2592.9599609375,9.999999747378752e-06,24.0,1.0,331.2080078125,2.9886891841888428,0.11442585289478302,42.4337043762207,0.9020938277244568,58.11515426635742,101.4749984741211,2.988629102706909,5.451892375946045,0.863156795501709,3.0992541313171387,6.065386772155762,9.401763916015625,13.773616790771484,13.122030258178711,-13.251864433288574,-12.062056541442871,0.0033934242092072964,0.0,0.0416666679084301,1.1074116230010986,0.665791392326355,50.114585876464844,50.0,-12.753233909606934,-12.753233909606934,0.9923680424690247,4.632872581481934,-4.637997627258301,-4.6517229080200195,0.00996280275285244,0.010416666977107525,0.0520833358168602,4.5802836418151855,0.017077205702662468,50.84375,53.0,-0.6006724238395691,7.990054130554199,3.428022861480713,0.5589268207550049,0.02083333395421505,0.96875,-0.00664046686142683,0.009999999776482582,50.5,0.021630506962537766,0.9895833730697632,0.018650297075510025,0.99976646900177,0.0,0.0,-7.56381893157959,501.5,4.632872104644775,-4.637997627258301,-4.654621124267578,0.00996280275285244,0.010416666977107525,0.0520833358168602,4.5802836418151855,0.017077207565307617,50.843753814697266,50.75,-0.6006724238395691,4.628279685974121,0.010416666977107525,3.8804640769958496,1.0,9.999999747378752e-05,9.999999747378752e-06,4.536430835723877,-4.5375165939331055,-4.5490241050720215,0.010931947268545628,0.03125,0.1145833358168602,4.5814971923828125,0.01719975471496582,38.1875,32.0,-0.44153541326522827,4.536430835723877,-4.5375165939331055,-4.5490241050720215,0.010931947268545628,0.03125,0.1145833358168602,4.5814971923828125,0.01719975471496582,38.1875,32.0,-0.44153541326522827,0.5418658256530762,4.3307390213012695,30.88401222229004,2.1528239250183105,4.632872104644775,24.0
2710,22.385021209716797,6.10351571594947e-06,9.999999747378752e-06,1.150904893875122,4.603619575500488,0.2597759962081909,40.966796875,0.009086379781365395,0.0006048731738701463,0.07064281404018402,-0.0003805923042818904,6.970025062561035,6.970025062561035,-4.647500991821289,-11.617526054382324,0.00983314961194992,0.001105221570469439,6.970025424379855e-05,-1.21962308883667,21.03653335571289,17.230676651000977,20.83683204650879,0.0,0.08607536554336548,5.715274810791016,36.731056213378906,0.9594806432723999,0.586620032787323,0.05117688700556755,2611.0,2602.56005859375,9.999999747378752e-06,24.0,1.0,331.307373046875,2.988802909851074,0.10896175354719162,41.97509002685547,0.9112164378166199,57.9461784362793,100.78793334960938,2.988736152648926,5.2377166748046875,1.1634113788604736,3.595865249633789,6.193860054016113,10.211153030395508,13.773616790771484,13.019645690917969,-13.122030258178711,-12.022665977478027,0.0033934242092072964,0.0,0.0416666679084301,1.1143053770065308,0.6617721915245056,49.90625,50.0,-12.605306625366211,-12.605306625366211,0.9882425665855408,4.632872581481934,-4.638307094573975,-4.649245262145996,0.009959118440747261,0.010416666977107525,0.0520833358168602,4.579841136932373,0.01704322174191475,50.84375,52.0,-0.563572108745575,7.929492950439453,3.4276371002197266,0.5588431358337402,0.02083333395421505,0.96875,-0.00664046686142683,0.009999999776482582,50.5,0.022380966693162918,1.0,0.018650297075510025,0.99976646900177,0.0,0.0,-7.563529968261719,499.5729675292969,4.632872104644775,-4.638307094573975,-4.6536054611206055,0.009959116578102112,0.010416666977107525,0.0520833358168602,4.579841136932373,0.01704322174191475,50.843753814697266,50.25,-0.5635721683502197,4.627417087554932,0.010416666977107525,3.8565077781677246,1.0,9.999999747378752e-05,9.999999747378752e-06,4.536430835723877,-4.5375165939331055,-4.5490241050720215,0.010931947268545628,0.03125,0.125,4.582212448120117,0.016636859625577927,38.1875,32.25,-0.4414452910423279,4.536430835723877,-4.5375165939331055,-4.5490241050720215,0.010931947268545628,0.03125,0.125,4.582212448120117,0.016636859625577927,38.1875,32.25,-0.4414452910423279,0.5432378649711609,4.320295333862305,30.791336059570312,2.1572518348693848,4.632872104644775,24.0
2720,22.11804962158203,6.031989869370591e-06,9.999999747378752e-06,1.1551642417907715,4.620656967163086,0.26073598861694336,40.966796875,0.008760244585573673,0.000611417752224952,0.07244770228862762,-0.0003834881936199963,7.510588645935059,7.510588645935059,-4.624223709106445,-12.13481330871582,0.010015984997153282,0.00381822744384408,7.510588329751045e-05,-2.327059745788574,24.1445255279541,16.503114700317383,21.119125366210938,0.0,0.12290924042463303,5.7300004959106445,36.823734283447266,0.9592527151107788,0.5881315469741821,0.05198892578482628,2621.0,2612.159912109375,9.999999747378752e-06,24.0,1.0,332.0467224121094,2.9886229038238525,0.11716296523809433,41.53763198852539,0.895423412322998,57.803497314453125,100.23023223876953,2.988541841506958,5.544701099395752,1.2913672924041748,3.9415884017944336,6.936179161071777,10.589753150939941,14.63856029510498,13.019645690917969,-13.122030258178711,-12.039534568786621,0.0036559037398546934,0.0,0.0416666679084301,1.1143053770065308,0.6617721915245056,49.90625,50.0,-12.605306625366211,-12.605306625366211,0.9882425665855408,4.632872581481934,-4.638307094573975,-4.649245262145996,0.009959118440747261,0.010416666977107525,0.0520833358168602,4.579841136932373,0.017077205702662468,50.84375,52.0,-0.6006724238395691,7.929492950439453,3.4276371002197266,0.5588431358337402,0.02083333395421505,0.96875,-0.00630689924582839,0.009999999776482582,50.5,0.022380966693162918,0.9895833730697632,0.018650297075510025,0.99976646900177,0.0,0.0,-7.5569987297058105,499.5729675292969,4.632872104644775,-4.638307094573975,-4.6536054611206055,0.009959116578102112,0.010416666977107525,0.0520833358168602,4.579841136932373,0.017077207565307617,50.843753814697266,50.25,-0.6006724238395691,4.624223709106445,0.010416666977107525,3.799198627471924,1.0,9.999999747378752e-05,9.999999747378752e-06,4.536430835723877,-4.5375165939331055,-4.5490241050720215,0.01091025210916996,0.03125,0.1145833358168602,4.582369804382324,0.016571328043937683,38.1875,32.25,-0.43942785263061523,4.536430835723877,-4.5375165939331055,-4.5490241050720215,0.01091025210916996,0.03125,0.1145833358168602,4.582369804382324,0.016571328043937683,38.1875,32.25,-0.43942785263061523,0.5446085333824158,4.305367469787598,30.699169158935547,2.1599037647247314,4.632872104644775,24.0
2730,21.786441802978516,4.6133995965647046e-06,9.999999747378752e-06,1.1567147970199585,4.626859188079834,0.2616960108280182,40.966796875,0.008760244585573673,0.0006313256453722715,0.07501812279224396,-0.0003834881936199963,7.741723537445068,7.741723537445068,-4.612723350524902,-12.354446411132812,0.010104596614837646,0.013692323118448257,7.74172367528081e-05,-4.8005218505859375,28.560375213623047,16.63532829284668,25.294654846191406,0.0,0.10031504184007645,5.741432189941406,36.91590118408203,0.959134578704834,0.5893048644065857,0.05198892578482628,2631.0,2621.760009765625,9.999999747378752e-06,24.0,1.0,332.404296875,2.9881839752197266,0.10179701447486877,41.43135452270508,0.8614569306373596,57.771888732910156,100.01980590820312,2.988110303878784,5.705221176147461,1.2913672924041748,3.9415884017944336,7.064216136932373,10.907855987548828,14.440608978271484,13.019645690917969,-13.122030258178711,-12.039534568786621,0.00381822744384408,0.0,0.0416666679084301,1.1298775672912598,0.6617721915245056,49.84375,50.0,-12.605306625366211,-12.605306625366211,0.9870049357414246,4.632872581481934,-4.638307094573975,-4.649245262145996,0.009959118440747261,0.010416666977107525,0.0416666679084301,4.579841136932373,0.017077205702662468,50.84375,52.0,-0.6010528802871704,7.990054130554199,3.4194066524505615,0.5588431358337402,0.03125,0.96875,-0.0061977580189704895,0.009999999776482582,50.5,0.020843729376792908,0.9895833730697632,0.018650297075510025,0.9997509717941284,0.0,0.0,-7.5569987297058105,501.5,4.632872104644775,-4.638307094573975,-4.6536054611206055,0.009959116578102112,0.010416666977107525,0.0416666679084301,4.579841136932373,0.017077207565307617,50.843753814697266,50.25,-0.6010528802871704,4.6169257164001465,0.010416666977107525,3.651550531387329,1.0,9.999999747378752e-05,9.999999747378752e-06,4.536430835723877,-4.5375165939331055,-4.5490241050720215,0.01091025210916996,0.03125,0.1145833358168602,4.582369804382324,0.01652248203754425,38.1875,32.25,-0.4384545683860779,4.536430835723877,-4.5375165939331055,-4.5490241050720215,0.01091025210916996,0.03125,0.1145833358168602,4.582369804382324,0.01652248203754425,38.1875,32.25,-0.4384545683860779,0.5459716320037842,4.293134689331055,30.607131958007812,2.1602895259857178,4.632872104644775,24.0
2740,22.666000366210938,5.7458878472971264e-06,9.999999747378752e-06,1.06405508518219,4.25622034072876,0.26265600323677063,40.966796875,0.009086379781365395,0.000611417752224952,0.07244770228862762,-0.0003834881936199963,8.551273345947266,8.551273345947266,-4.641144752502441,-13.192419052124023,0.00982627458870411,0.0022273766808211803,8.551272912882268e-05,-1.7844038009643555,35.57169723510742,19.324371337890625,25.52911376953125,0.0,0.12412390857934952,5.754694938659668,37.007938385009766,0.9588512778282166,0.5906661748886108,0.05198892578482628,2641.0,2631.360107421875,9.999999747378752e-06,24.0,1.0,333.18841552734375,2.987734317779541,0.09328176081180573,41.475311279296875,0.8283244371414185,57.73018264770508,100.03833770751953,2.9876575469970703,5.829713821411133,1.2148582935333252,3.8881025314331055,7.35034704208374,11.118843078613281,15.139551162719727,13.019645690917969,-13.122030258178711,-12.062056541442871,0.0036559037398546934,0.0,0.0416666679084301,1.1343754529953003,0.653297483921051,49.84375,49.0,-12.605306625366211,-12.605306625366211,0.9870049357414246,4.638307094573975,-4.638418197631836,-4.6481523513793945,0.00992545299232006,0.010416666977107525,0.0416666679084301,4.58022928237915,0.017077205702662468,51.32291793823242,51.0,-0.6010528802871704,8.052925109863281,3.4108548164367676,0.5571030378341675,0.03125,0.96875,-0.00630689924582839,0.009999999776482582,50.5,0.02048945054411888,0.9895833730697632,0.01871967315673828,0.9997491836547852,0.0,0.0,-7.5569987297058105,501.5,4.638307094573975,-4.638418197631836,-4.654621124267578,0.00992545299232006,0.010416666977107525,0.0416666679084301,4.580229759216309,0.017077207565307617,51.32291793823242,50.25,-0.6010528802871704,4.62578821182251,0.0,3.4363839626312256,1.0,9.999999747378752e-05,9.999999747378752e-06,4.5375165939331055,-4.538186073303223,-4.5490241050720215,0.010906988754868507,0.03125,0.1145833358168602,4.582806587219238,0.01652248203754425,38.04166793823242,32.25,-0.4384545683860779,4.5375165939331055,-4.538186073303223,-4.5490241050720215,0.010906988754868507,0.03125,0.1145833358168602,4.582806587219238,0.01652248203754425,38.04166793823242,32.25,-0.4384545683860779,0.5473328232765198,4.280473232269287,30.515417098999023,2.1637470722198486,4.638307094573975,24.0
2750,23.106464385986328,5.9723852245952e-06,9.999999747378752e-06,1.1036639213562012,4.414655685424805,0.26361599564552307,40.966796875,0.009230418130755424,0.000611417752224952,0.07244770228862762,-0.00041660768329165876,8.474052429199219,8.474052429199219,-4.638957977294922,-13.11301040649414,0.009897518903017044,0.015896784141659737,8.474052447127178e-05,-4.646416664123535,34.530738830566406,19.27911376953125,28.53774642944336,0.0,0.09866183996200562,5.767860412597656,37.09965133666992,0.9582461714744568,0.5920174717903137,0.052946705371141434,2651.0,2640.9599609375,9.999999747378752e-06,24.0,1.0,333.86480712890625,2.987623929977417,0.09235937148332596,41.740928649902344,0.819705069065094,57.828426361083984,100.37447357177734,2.987537145614624,5.970398902893066,1.2989225387573242,4.2648491859436035,7.515437126159668,11.30942153930664,15.21225357055664,13.019645690917969,-13.11301040649414,-12.062056541442871,0.0036559037398546934,0.0,0.0416666679084301,1.1373388767242432,0.6499752402305603,49.84375,49.0,-12.561179161071777,-12.561179161071777,0.9870049357414246,4.638307094573975,-4.638418197631836,-4.6481523513793945,0.00992545299232006,0.010416666977107525,0.0416666679084301,4.58022928237915,0.017077205702662468,51.32291793823242,51.0,-0.6010528802871704,8.052925109863281,3.4108548164367676,0.5571030378341675,0.03125,0.96875,-0.00630689924582839,0.009999999776482582,50.5,0.019834915176033974,1.0,0.01871967315673828,0.9997488856315613,0.0,0.0,-7.5569987297058105,499.5729675292969,4.638307094573975,-4.638418197631836,-4.654621124267578,0.00992545299232006,0.010416666977107525,0.0416666679084301,4.580229759216309,0.017077207565307617,51.32291793823242,50.25,-0.6010528802871704,4.62578821182251,0.010416666977107525,3.617382287979126,1.0,9.999999747378752e-05,9.999999747378752e-06,4.536430835723877,-4.5375165939331055,-4.548633098602295,0.01091025210916996,0.03125,0.1145833358168602,4.582806587219238,0.016571328043937683,37.958335876464844,32.0,-0.43726474046707153,4.536430835723877,-4.5375165939331055,-4.548633098602295,0.01091025210916996,0.03125,0.1145833358168602,4.582806587219238,0.016571328043937683,37.958335876464844,32.0,-0.43726474046707153,0.5486892461776733,4.268583297729492,30.423877716064453,2.1698713302612305,4.638307094573975,24.0
2760,22.52414321899414,5.626678557746345e-06,9.999999747378752e-06,1.1529442071914673,4.611776828765869,0.2645759880542755,40.966796875,0.009230418130755424,0.000611417752224952,0.07244770228862762,-0.00041660768329165876,7.454835414886475,7.454835414886475,-4.610469341278076,-12.065305709838867,0.010198256932199001,0.0020556445233523846,7.454835576936603e-05,-2.144284725189209,26.080501556396484,18.636991500854492,24.662029266357422,0.0,0.1452479511499405,5.782650470733643,37.191192626953125,0.958219587802887,0.5935355424880981,0.052946705371141434,2661.0,2650.56005859375,9.999999747378752e-06,24.0,1.0,332.87677001953125,2.9876868724823,0.10272739827632904,42.01427459716797,0.8242442607879639,58.16205596923828,100.9938735961914,2.9876036643981934,5.77070426940918,1.618102788925171,3.9999852180480957,7.3977370262146,11.01478385925293,15.184045791625977,12.354446411132812,-13.019645690917969,-12.039534568786621,0.0033934242092072964,0.0,0.0416666679084301,1.145569086074829,0.6497082114219666,49.75,48.0,-12.512748718261719,-12.512748718261719,0.9851484894752502,4.638307094573975,-4.638418197631836,-4.6481523513793945,0.00992545299232006,0.010416666977107525,0.0520833358168602,4.5802836418151855,0.017077205702662468,51.32291793823242,51.0,-0.6010528802871704,7.990054130554199,3.392925977706909,0.5567508935928345,0.03125,0.96875,-0.00664046686142683,0.009999999776482582,50.5,0.02048945054411888,0.9895833730697632,0.01871967315673828,0.9997488856315613,0.0,0.0,-7.5569987297058105,499.5729675292969,4.638307094573975,-4.638418197631836,-4.654621124267578,0.00992545299232006,0.010416666977107525,0.0520833358168602,4.5802836418151855,0.017077207565307617,51.32291793823242,50.25,-0.6010528802871704,4.619085311889648,0.010416666977107525,3.475100040435791,1.0,9.999999747378752e-05,9.999999747378752e-06,4.536430835723877,-4.5375165939331055,-4.548633098602295,0.01091025210916996,0.03125,0.1145833358168602,4.582806587219238,0.016571328043937683,37.958335876464844,32.0,-0.43726474046707153,4.536430835723877,-4.5375165939331055,-4.548633098602295,0.01091025210916996,0.03125,0.1145833358168602,4.582806587219238,0.016571328043937683,37.958335876464844,32.0,-0.43726474046707153,0.5500431060791016,4.25356388092041,30.332801818847656,2.17191481590271,4.638307094573975,24.0
2770,22.567073822021484,5.769729796156753e-06,9.999999747378752e-06,1.0986069440841675,4.39442777633667,0.26553601026535034,40.966796875,0.009279687888920307,0.000611417752224952,0.07244770228862762,-0.00041660768329165876,7.7069926261901855,7.7069926261901855,-4.619350910186768,-12.326342582702637,0.010043373331427574,0.006221161223948002,7.706992619205266e-05,-3.916116714477539,22.145835876464844,17.09650421142578,21.5661563873291,0.0,0.10312405228614807,5.796006202697754,37.282264709472656,0.957941472530365,0.5949063897132874,0.05225173011422157,2671.0,2660.159912109375,9.999999747378752e-06,24.0,1.0,333.22320556640625,2.9877185821533203,0.10178955644369125,41.816951751708984,0.8271055817604065,58.2722053527832,100.91693878173828,2.987642288208008,5.70509147644043,1.5642321109771729,3.9150447845458984,7.183108806610107,11.01478385925293,15.396533966064453,12.326342582702637,-12.354446411132812,-12.039534568786621,0.0033934242092072964,0.0,0.0416666679084301,1.1536128520965576,0.6497082114219666,49.84375,50.0,-11.798219680786133,-11.798219680786133,0.9870049357414246,4.631481647491455,-4.638307094573975,-4.644937515258789,0.00992545299232006,0.010416666977107525,0.0520833358168602,4.5819196701049805,0.01704322174191475,50.75,51.0,-0.563572108745575,7.694914817810059,3.392925977706909,0.5557324290275574,0.03125,0.96875,-0.00664046686142683,0.009999999776482582,50.5,0.020843729376792908,0.9895833730697632,0.01871967315673828,0.9997488856315613,0.0,0.0,-7.563529968261719,501.5,4.631482124328613,-4.638307094573975,-4.654621124267578,0.00992545299232006,0.010416666977107525,0.0520833358168602,4.5819196701049805,0.01704322174191475,50.75,50.25,-0.5635721683502197,4.62471342086792,0.010416666977107525,3.475100040435791,1.0,9.999999747378752e-05,9.999999747378752e-06,4.536430835723877,-4.538186073303223,-4.548633098602295,0.010906988754868507,0.03125,0.1145833358168602,4.582849025726318,0.016571328043937683,37.958335876464844,31.25,-0.43726474046707153,4.536430835723877,-4.538186073303223,-4.548633098602295,0.010906988754868507,0.03125,0.1145833358168602,4.582849025726318,0.016571328043937683,37.958335876464844,31.25,-0.43726474046707153,0.5513900518417358,4.240433692932129,30.241872787475586,2.176330089569092,4.631482124328613,24.0
2780,22.416044235229492,4.994869414076675e-06,9.999999747378752e-06,1.1372113227844238,4.548845291137695,0.2664960026741028,40.966796875,0.009423959068953991,0.0006048731738701463,0.07064281404018402,-0.0004374994314275682,7.8362135887146,7.8362135887146,-4.630241394042969,-12.466456413269043,0.010001813992857933,0.0034190192818641663,7.836213626433164e-05,-2.0063180923461914,21.700119018554688,18.02950096130371,20.759700775146484,0.0,0.11763308942317963,5.8095011711120605,37.37319564819336,0.957453727722168,0.5962915420532227,0.05198892578482628,2681.0,2669.760009765625,9.999999747378752e-06,24.0,1.0,333.1344909667969,2.9877023696899414,0.09786152094602585,41.096221923828125,0.8260082602500916,58.270633697509766,100.25059509277344,2.987623691558838,5.768405914306641,1.1231698989868164,3.7585957050323486,7.237327575683594,11.237431526184082,15.525629043579102,12.326342582702637,-12.354446411132812,-12.039534568786621,0.0034190192818641663,0.0,0.03125,1.159952163696289,0.6439337134361267,49.84375,50.0,-11.798219680786133,-11.798219680786133,0.9870049357414246,4.631481647491455,-4.638307094573975,-4.644937515258789,0.00992545299232006,0.010416666977107525,0.0520833358168602,4.5802836418151855,0.017077205702662468,50.75,51.0,-0.6010528802871704,7.694914817810059,3.3896758556365967,0.5515339374542236,0.03125,0.96875,-0.006582794710993767,0.009999999776482582,50.5,0.021543342620134354,0.9895833730697632,0.01882178708910942,0.9997488856315613,0.0,0.0,-7.562075614929199,499.5729675292969,4.631482124328613,-4.638307094573975,-4.6574554443359375,0.00992545299232006,0.010416666977107525,0.0520833358168602,4.5802836418151855,0.017077207565307617,50.75,49.75,-0.6010528802871704,4.620461463928223,0.010416666977107525,3.709603786468506,1.0,9.999999747378752e-05,9.999999747378752e-06,4.538186073303223,-4.538237571716309,-4.5490241050720215,0.01088586263358593,0.03125,0.1145833358168602,4.584105491638184,0.016571328043937683,38.04166793823242,31.25,-0.43726474046707153,4.538186073303223,-4.538237571716309,-4.5490241050720215,0.01088586263358593,0.03125,0.1145833358168602,4.584105491638184,0.016571328043937683,38.04166793823242,31.25,-0.43726474046707153,0.5527348518371582,4.229818820953369,30.151119232177734,2.1776247024536133,4.631482124328613,24.0
2790,22.225543975830078,4.863738922722405e-06,9.999999747378752e-06,1.1541448831558228,4.616579532623291,0.2674559950828552,40.966796875,0.009423959068953991,0.000611417752224952,0.07244770228862762,-0.00045220699394121766,7.81689977645874,7.81689977645874,-4.601293563842773,-12.418192863464355,0.010206188075244427,0.009150361642241478,7.816899596946314e-05,-3.8707096576690674,33.162410736083984,19.278568267822266,21.88167381286621,0.0,0.1031816378235817,5.822261810302734,37.463951110839844,0.9567116498947144,0.5976012945175171,0.05198892578482628,2691.0,2679.360107421875,9.999999747378752e-06,24.0,1.0,333.1698303222656,2.987664222717285,0.1031816378235817,40.45747756958008,0.823279857635498,58.21345520019531,99.50443267822266,2.9875802993774414,5.9882001876831055,1.214585781097412,3.7315800189971924,7.25321102142334,11.062886238098145,15.525629043579102,12.326342582702637,-12.354446411132812,-11.961860656738281,0.0036559037398546934,0.0,0.03125,1.159952163696289,0.6439337134361267,49.708335876464844,48.0,-11.798219680786133,-11.798219680786133,0.9843235015869141,4.63095760345459,-4.631481647491455,-4.644145965576172,0.00996280275285244,0.010416666977107525,0.0520833358168602,4.5802836418151855,0.017077205702662468,50.69791793823242,50.0,-0.6010528802871704,7.694914817810059,3.392925977706909,0.5515339374542236,0.02083333395421505,0.96875,-0.00630689924582839,0.009999999776482582,50.5,0.022282158955931664,0.9895833730697632,0.01897997036576271,0.9997472167015076,0.0,0.0,-7.5569987297058105,499.5729675292969,4.63095760345459,-4.631482124328613,-4.654621124267578,0.00996280275285244,0.010416666977107525,0.0520833358168602,4.5802836418151855,0.017077207565307617,50.69791793823242,49.75,-0.6010528802871704,4.630241394042969,0.010416666977107525,3.515695333480835,1.0,9.999999747378752e-05,9.999999747378752e-06,4.536430835723877,-4.538237571716309,-4.5490241050720215,0.01088586263358593,0.03125,0.1145833358168602,4.585043907165527,0.01652248203754425,38.04166793823242,31.25,-0.4352525770664215,4.536430835723877,-4.538237571716309,-4.5490241050720215,0.01088586263358593,0.03125,0.1145833358168602,4.585043907165527,0.01652248203754425,38.04166793823242,31.25,-0.4352525770664215,0.5540770888328552,4.2191901206970215,30.060667037963867,2.1793153285980225,4.63095760345459,24.0
2800,22.334613800048828,4.863738922722405e-06,9.999999747378752e-06,1.1043130159378052,4.417252063751221,0.26841598749160767,40.966796875,0.009423959068953991,0.0006313256453722715,0.07389264553785324,-0.0004374994314275682,8.428698539733887,8.428698539733887,-4.64003849029541,-13.06873607635498,0.010128382593393326,0.012911936268210411,8.428698492934927e-05,-4.279706954956055,24.65194320678711,18.709035873413086,20.520156860351562,0.0,0.09235652536153793,5.836799621582031,37.55440139770508,0.956689715385437,0.5990934371948242,0.05198892578482628,2701.0,2688.9599609375,9.999999747378752e-06,24.0,1.0,333.4102783203125,2.987635374069214,0.09720243513584137,39.867431640625,0.821878969669342,58.073692321777344,98.74197387695312,2.9875571727752686,5.869994640350342,1.7855515480041504,3.9378881454467773,6.9731035232543945,10.933314323425293,15.55359935760498,12.326342582702637,-12.354446411132812,-11.961860656738281,0.0036559037398546934,0.0,0.0416666679084301,1.159952163696289,0.6439337134361267,49.708335876464844,48.0,-11.798219680786133,-11.798219680786133,0.9843235015869141,4.63095760345459,-4.631481647491455,-4.639839172363281,0.009997665882110596,0.010416666977107525,0.0520833358168602,4.58022928237915,0.017271321266889572,50.69791793823242,50.0,-0.6022417545318604,7.910455226898193,3.392925977706909,0.5515339374542236,0.02083333395421505,0.9791666865348816,-0.00630689924582839,0.009999999776482582,50.5,0.022380966693162918,0.9895833730697632,0.01897997036576271,0.9997472167015076,0.0,0.010416666977107525,-7.552304744720459,500.5625305175781,4.63095760345459,-4.631482124328613,-4.6536054611206055,0.009997665882110596,0.010416666977107525,0.0520833358168602,4.580229759216309,0.017271319404244423,50.69791793823242,49.75,-0.6022418141365051,4.628500938415527,0.010416666977107525,3.5461812019348145,1.0,9.999999747378752e-05,9.999999747378752e-06,4.536430835723877,-4.537934303283691,-4.5490241050720215,0.01091025210916996,0.03125,0.1145833358168602,4.584105491638184,0.01652248203754425,38.07291793823242,31.0,-0.43726474046707153,4.536430835723877,-4.537934303283691,-4.5490241050720215,0.01091025210916996,0.03125,0.1145833358168602,4.584105491638184,0.01652248203754425,38.07291793823242,31.0,-0.43726474046707153,0.5554147958755493,4.204682350158691,29.970680236816406,2.180306911468506,4.63095760345459,24.0
2810,22.305980682373047,4.971027465217048e-06,9.999999747378752e-06,1.1411967277526855,4.564786911010742,0.2693760097026825,40.966796875,0.009423959068953991,0.0006313256453722715,0.07389264553785324,-0.00041660768329165876,7.342254161834717,7.342254161834717,-4.621636867523193,-11.963891983032227,0.010060770437121391,0.008747581392526627,7.342254684772342e-05,-3.978106737136841,31.368091583251953,16.66399383544922,19.92436981201172,0.0,0.08044753223657608,5.849637508392334,37.64439010620117,0.9566653966903687,0.6004111766815186,0.05198892578482628,2711.0,2698.56005859375,9.999999747378752e-06,24.0,1.0,332.27880859375,2.987623691558838,0.09720243513584137,39.43754196166992,0.8211233615875244,57.95768356323242,98.21842193603516,2.987541675567627,5.788908958435059,1.6675851345062256,3.7974929809570312,6.70712947845459,10.50306224822998,15.55359935760498,12.326342582702637,-12.354446411132812,-11.961860656738281,0.0036559037398546934,0.0,0.0416666679084301,1.1722317934036255,0.6367133855819702,49.708335876464844,48.0,-11.798219680786133,-11.798219680786133,0.9843235015869141,4.630241394042969,-4.63095760345459,-4.639839172363281,0.010001813992857933,0.010416666977107525,0.0520833358168602,4.58022928237915,0.017730865627527237,50.6875,50.0,-0.6043193340301514,7.694914817810059,3.392925977706909,0.5515339374542236,0.02083333395421505,0.9791666865348816,-0.00630689924582839,0.009999999776482582,50.5,0.022958410903811455,0.9895833730697632,0.01897997036576271,0.9997488856315613,0.0,0.010416666977107525,-7.552304744720459,500.5625305175781,4.630241394042969,-4.63095760345459,-4.6536054611206055,0.010001813992857933,0.010416666977107525,0.0520833358168602,4.580229759216309,0.017730865627527237,50.6875,48.75,-0.6043193340301514,4.625931739807129,0.010416666977107525,3.910893201828003,1.0,9.999999747378752e-05,9.999999747378752e-06,4.534902572631836,-4.536430835723877,-4.548633098602295,0.010931947268545628,0.03125,0.1145833358168602,4.582849025726318,0.016632508486509323,38.07291793823242,31.0,-0.4384545683860779,4.534902572631836,-4.536430835723877,-4.548633098602295,0.010931947268545628,0.03125,0.1145833358168602,4.582849025726318,0.016632508486509323,38.07291793823242,31.0,-0.4384545683860779,0.556745707988739,4.190958023071289,29.880924224853516,2.188023328781128,4.630241394042969,24.0
2820,22.338436126708984,6.0915945141459815e-06,9.999999747378752e-06,1.1527211666107178,4.610884666442871,0.27033600211143494,40.966796875,0.009279687888920307,0.0006313256453722715,0.07389264553785324,-0.00041660768329165876,7.859714031219482,7.859714031219482,-4.631416320800781,-12.491129875183105,0.010045347735285759,0.0038957567885518074,7.859713514335454e-05,-3.4097819328308105,35.20317840576172,16.157455444335938,28.336227416992188,0.0,0.08347947150468826,5.861814498901367,37.7341423034668,0.9563862681388855,0.6016610264778137,0.05225173011422157,2721.0,2708.159912109375,9.999999747378752e-06,24.0,1.0,330.9844055175781,2.9876155853271484,0.1052321046590805,39.07542419433594,0.8209653496742249,57.78888702392578,97.66107177734375,2.987539052963257,5.522226810455322,1.6114964485168457,3.9420599937438965,6.614463806152344,10.421064376831055,14.853017807006836,12.326342582702637,-12.354446411132812,-11.87208366394043,0.00381822744384408,0.0,0.03125,1.159952163696289,0.6439337134361267,49.708335876464844,48.0,-11.798219680786133,-11.798219680786133,0.9843235015869141,4.63095760345459,-4.631416320800781,-4.639839172363281,0.010001813992857933,0.010416666977107525,0.0520833358168602,4.580115795135498,0.017730865627527237,50.6875,50.0,-0.6043193340301514,7.6670451164245605,3.392925977706909,0.5515339374542236,0.02083333395421505,0.9791666865348816,-0.0061977580189704895,0.009999999776482582,50.5,0.023923851549625397,0.9895833730697632,0.01897997036576271,0.9997488856315613,0.0,0.010416666977107525,-7.548099040985107,501.5,4.63095760345459,-4.631416320800781,-4.653390407562256,0.010001813992857933,0.010416666977107525,0.0520833358168602,4.580115795135498,0.017730865627527237,50.6875,48.75,-0.6043193340301514,4.622931480407715,0.010416666977107525,3.7215561866760254,1.0,9.999999747378752e-05,9.999999747378752e-06,4.5356597900390625,-4.536430835723877,-4.548633098602295,0.010931947268545628,0.03125,0.1145833358168602,4.582849025726318,0.01652248203754425,38.07291793823242,31.0,-0.43726474046707153,4.5356597900390625,-4.536430835723877,-4.548633098602295,0.010931947268545628,0.03125,0.1145833358168602,4.582849025726318,0.01652248203754425,38.07291793823242,31.0,-0.43726474046707153,0.558073103427887,4.179570198059082,29.79132080078125,2.1885836124420166,4.63095760345459,24.0
2830,22.172603607177734,5.9723852245952e-06,9.999999747378752e-06,1.1512631177902222,4.605052471160889,0.2712959945201874,40.966796875,0.009230418130755424,0.0006313256453722715,0.07389264553785324,-0.00041660768329165876,7.077731132507324,7.077731132507324,-4.6194305419921875,-11.697161674499512,0.010006794705986977,0.007883974350988865,7.077730697346851e-05,-4.145573139190674,21.169147491455078,16.02274513244629,18.092296600341797,0.0,0.09405791759490967,5.87371826171875,37.82374954223633,0.9561535120010376,0.6028828024864197,0.05225173011422157,2731.0,2717.760009765625,9.999999747378752e-06,24.0,1.0,330.44647216796875,2.987682580947876,0.0890081599354744,38.7946662902832,0.8257359266281128,57.73579406738281,97.36896514892578,2.9876039028167725,5.43019437789917,1.6114964485168457,3.7725698947906494,6.304251670837402,9.696294784545898,14.023383140563965,12.13481330871582,-12.326342582702637,-11.85940170288086,0.0038957567885518074,0.0,0.0416666679084301,1.159952163696289,0.6439337134361267,49.708335876464844,48.0,-11.784071922302246,-11.784071922302246,0.9843235015869141,4.630241394042969,-4.63095760345459,-4.636962890625,0.010006794705986977,0.010416666977107525,0.0520833358168602,4.58022928237915,0.017271321266889572,50.333335876464844,50.0,-0.6022417545318604,7.620608329772949,3.392925977706909,0.5515339374542236,0.02083333395421505,0.9791666865348816,-0.006149590946733952,0.009999999776482582,50.5,0.023923851549625397,0.9895833730697632,0.01897997036576271,0.9997488856315613,0.0,0.010416666977107525,-7.548099040985107,501.5,4.630241394042969,-4.63095760345459,-4.653074264526367,0.010006794705986977,0.010416666977107525,0.0520833358168602,4.580229759216309,0.017271319404244423,50.333335876464844,48.5,-0.6022418141365051,4.625239372253418,0.010416666977107525,3.7215561866760254,1.0,9.999999747378752e-05,9.999999747378752e-06,4.534902572631836,-4.5356597900390625,-4.547804355621338,0.010938837192952633,0.03125,0.1145833358168602,4.584105491638184,0.01652248203754425,38.04166793823242,31.0,-0.4352525770664215,4.534902572631836,-4.5356597900390625,-4.547804355621338,0.010938837192952633,0.03125,0.1145833358168602,4.584105491638184,0.01652248203754425,38.04166793823242,31.0,-0.4352525770664215,0.559398353099823,4.166497230529785,29.702011108398438,2.1905081272125244,4.630241394042969,24.0
2840,21.883190155029297,4.827976226806641e-06,9.999999747378752e-06,1.152587652206421,4.610350608825684,0.2722559869289398,40.966796875,0.0091084074229002,0.000611417752224952,0.07244770228862762,-0.00041660768329165876,6.43958044052124,6.43958044052124,-4.601317405700684,-11.04089641571045,0.010265729390084743,0.012479705736041069,6.43958046566695e-05,-4.550754070281982,25.433349609375,15.276130676269531,23.217239379882812,0.0,0.0873115137219429,5.886762619018555,37.91305923461914,0.9560631513595581,0.6042217016220093,0.052477408200502396,2741.0,2727.360107421875,9.999999747378752e-06,24.0,1.0,329.37725830078125,2.9879562854766846,0.09170663356781006,38.7946662902832,0.8459077477455139,57.68258285522461,97.34778594970703,2.9878854751586914,5.269671440124512,1.0996465682983398,3.476191282272339,6.0152740478515625,9.259099006652832,13.43475341796875,12.13481330871582,-12.326342582702637,-11.85940170288086,0.0038957567885518074,0.0,0.0416666679084301,1.159952163696289,0.6439337134361267,49.84375,48.0,-11.784071922302246,-11.784071922302246,0.9870049357414246,4.630241394042969,-4.63095760345459,-4.636228561401367,0.010006794705986977,0.010416666977107525,0.0520833358168602,4.58022928237915,0.017271321266889572,50.020835876464844,49.0,-0.6022417545318604,7.620608329772949,3.392925977706909,0.5515339374542236,0.010416666977107525,0.9791666865348816,-0.006149590946733952,0.009999999776482582,50.5,0.023923851549625397,0.9895833730697632,0.01897997036576271,0.9997488856315613,0.0,0.010416666977107525,-7.548099040985107,502.2604675292969,4.630241394042969,-4.63095760345459,-4.651899337768555,0.010006794705986977,0.010416666977107525,0.0520833358168602,4.580229759216309,0.017271319404244423,50.020835876464844,48.5,-0.6022418141365051,4.6241536140441895,0.010416666977107525,3.579291582107544,1.0,9.999999747378752e-05,9.999999747378752e-06,4.534902572631836,-4.5356597900390625,-4.547804355621338,0.010938837192952633,0.03125,0.1145833358168602,4.584773540496826,0.016632508486509323,37.927085876464844,30.75,-0.4384545683860779,4.534902572631836,-4.5356597900390625,-4.547804355621338,0.010938837192952633,0.03125,0.1145833358168602,4.584773540496826,0.016632508486509323,37.927085876464844,30.75,-0.4384545683860779,0.5607192516326904,4.155157566070557,29.612960815429688,2.1918811798095703,4.630241394042969,24.0
2850,22.102500915527344,4.947185516357422e-06,9.999999747378752e-06,1.1529005765914917,4.611602306365967,0.27321600914001465,40.966796875,0.0091084074229002,0.0006313256453722715,0.07389264553785324,-0.00042344623943790793,6.9497504234313965,6.9497504234313965,-4.624958515167236,-11.57470989227295,0.009963897056877613,0.009587391279637814,6.949750240892172e-05,-3.747573137283325,29.247997283935547,17.469547271728516,21.996950149536133,0.0,0.09091117233037949,5.897303581237793,38.00210952758789,0.9559096693992615,0.6053036451339722,0.052946705371141434,2751.0,2736.9599609375,9.999999747378752e-06,24.0,1.0,330.6119384765625,2.988279104232788,0.09821169078350067,39.026676177978516,0.8705821633338928,57.702144622802734,97.63622283935547,2.9882147312164307,5.371222496032715,0.9551010131835938,3.1080079078674316,6.080080986022949,9.438036918640137,13.811286926269531,12.13481330871582,-12.326342582702637,-11.85940170288086,0.004996647126972675,0.0,0.0416666679084301,1.159952163696289,0.6439337134361267,49.90625,48.0,-11.784071922302246,-11.784071922302246,0.9882425665855408,4.630241394042969,-4.63095760345459,-4.636962890625,0.010001813992857933,0.010416666977107525,0.0520833358168602,4.58022928237915,0.017271321266889572,50.6875,50.0,-0.6022417545318604,7.620608329772949,3.392925977706909,0.5515339374542236,0.02083333395421505,0.9791666865348816,-0.00500101875513792,0.009999999776482582,50.5,0.023923851549625397,0.9895833730697632,0.01897997036576271,0.9997488856315613,0.0,0.010416666977107525,-7.548099040985107,502.2604675292969,4.630241394042969,-4.63095760345459,-4.651899337768555,0.010001813992857933,0.010416666977107525,0.0520833358168602,4.580229759216309,0.017271319404244423,50.6875,49.75,-0.6022418141365051,4.623052597045898,0.010416666977107525,3.416390895843506,1.0,9.999999747378752e-05,9.999999747378752e-06,4.534902572631836,-4.5356597900390625,-4.547804355621338,0.010938837192952633,0.03125,0.1145833358168602,4.585043907165527,0.016632508486509323,38.04166793823242,31.0,-0.44247502088546753,4.534902572631836,-4.5356597900390625,-4.547804355621338,0.010938837192952633,0.03125,0.1145833358168602,4.585043907165527,0.016632508486509323,38.04166793823242,31.0,-0.44247502088546753,0.5620362162590027,4.140923023223877,29.524316787719727,2.1978678703308105,4.630241394042969,24.0
2860,22.061983108520508,5.066394805908203e-06,9.999999747378752e-06,1.157409429550171,4.629637718200684,0.2741760015487671,40.966796875,0.0091084074229002,0.0006313256453722715,0.07389264553785324,-0.00031845347257331014,6.7538161277771,6.7538161277771,-4.630277633666992,-11.38409423828125,0.010007813572883606,0.012143712490797043,6.753815978299826e-05,-3.757927894592285,19.476089477539062,15.890937805175781,19.34825897216797,0.0,0.15751595795154572,5.910809516906738,38.09075164794922,0.955478310585022,0.6066898703575134,0.05295799672603607,2761.0,2746.56005859375,9.999999747378752e-06,24.0,1.0,331.23577880859375,2.988298177719116,0.09977776557207108,39.241981506347656,0.8720612525939941,57.678470611572266,97.78324890136719,2.988234758377075,5.401663780212402,0.7059557437896729,3.062204122543335,6.055862903594971,9.722153663635254,13.552679061889648,12.13481330871582,-12.326342582702637,-11.85940170288086,0.006221161223948002,0.010416666977107525,0.0416666679084301,1.159952163696289,0.6439337134361267,50.020835876464844,48.0,-11.784071922302246,-11.784071922302246,0.9905115962028503,4.630241394042969,-4.630277633666992,-4.636962890625,0.010006794705986977,0.010416666977107525,0.0520833358168602,4.5804033279418945,0.016995171085000038,50.6875,50.0,-0.6010528802871704,7.620608329772949,3.392925977706909,0.5515339374542236,0.02083333395421505,0.9791666865348816,-0.003822210943326354,0.009999999776482582,50.5,0.02382431924343109,0.9895833730697632,0.01897997036576271,0.9997490644454956,0.0,0.010416666977107525,-7.552304744720459,506.59375,4.630241394042969,-4.630277633666992,-4.651899337768555,0.010006794705986977,0.010416666977107525,0.0520833358168602,4.5804033279418945,0.016995171085000038,50.6875,49.75,-0.6010528802871704,4.624958515167236,0.010416666977107525,3.6454105377197266,1.0,9.999999747378752e-05,9.999999747378752e-06,4.533371448516846,-4.534902572631836,-4.547804355621338,0.010963896289467812,0.03125,0.1145833358168602,4.585043907165527,0.016632508486509323,38.04166793823242,31.0,-0.44247502088546753,4.533371448516846,-4.534902572631836,-4.547804355621338,0.010963896289467812,0.03125,0.1145833358168602,4.585043907165527,0.016632508486509323,38.04166793823242,31.0,-0.44247502088546753,0.5633472204208374,4.12935733795166,29.43580436706543,2.201611280441284,4.630241394042969,24.0
2870,22.250530242919922,5.519390015251702e-06,9.999999747378752e-06,1.143923044204712,4.575692176818848,0.27513599395751953,40.966796875,0.009230418130755424,0.0007196496590040624,0.07389264553785324,-0.00042344623943790793,7.114442825317383,7.114442825317383,-4.596125602722168,-11.710569381713867,0.010338298045098782,0.01620452105998993,7.114442996680737e-05,-3.8498804569244385,31.02802276611328,16.636842727661133,20.93568229675293,0.0,0.103691965341568,5.923862457275391,38.179264068603516,0.954909086227417,0.6080296635627747,0.053010664880275726,2771.0,2756.159912109375,9.999999747378752e-06,24.0,1.0,331.7270202636719,2.988006591796875,0.103691965341568,39.31380081176758,0.8496593832969666,57.55943298339844,97.73572540283203,2.9879398345947266,5.599076271057129,0.9054546356201172,3.0875604152679443,6.055862903594971,9.579216957092285,13.480520248413086,12.065305709838867,-12.13481330871582,-11.806302070617676,0.007883974350988865,0.010416666977107525,0.0416666679084301,1.1722317934036255,0.6367133855819702,50.020835876464844,48.0,-11.58308219909668,-11.58308219909668,0.9905115962028503,4.624958515167236,-4.630241394042969,-4.636228561401367,0.010007813572883606,0.010416666977107525,0.0520833358168602,4.5804033279418945,0.016995171085000038,50.020835876464844,49.0,-0.5543783903121948,7.570174217224121,3.38039493560791,0.5501481294631958,0.02083333395421505,0.9791666865348816,-0.0021228198893368244,0.009999999776482582,50.5,0.022958410903811455,0.9895833730697632,0.01882178708910942,0.9997490644454956,0.0,0.010416666977107525,-7.548099040985107,502.2604675292969,4.624958515167236,-4.630241394042969,-4.651899337768555,0.01000781450420618,0.010416666977107525,0.0520833358168602,4.5804033279418945,0.016995171085000038,50.020835876464844,48.5,-0.5543783903121948,4.617366790771484,0.010416666977107525,3.631171464920044,1.0,9.999999747378752e-05,9.999999747378752e-06,4.532876968383789,-4.533371448516846,-4.544661521911621,0.010986925102770329,0.03125,0.1145833358168602,4.584773540496826,0.016632508486509323,37.927085876464844,30.75,-0.44247502088546753,4.532876968383789,-4.533371448516846,-4.544661521911621,0.010986925102770329,0.03125,0.1145833358168602,4.584773540496826,0.016632508486509323,37.927085876464844,30.75,-0.44247502088546753,0.5646563172340393,4.118845462799072,29.347475051879883,2.2051849365234375,4.624958515167236,24.0
2880,22.376461029052734,5.424022674560547e-06,9.999999747378752e-06,1.1523844003677368,4.609537601470947,0.276095986366272,40.966796875,0.009423959068953991,0.000611417752224952,0.0650954470038414,-0.00042344623943790793,7.291660308837891,7.291660308837891,-4.632223129272461,-11.923884391784668,0.009882738813757896,0.012059768661856651,7.291660585906357e-05,-4.408355712890625,29.704994201660156,18.44344711303711,21.68974494934082,0.0,0.11685836315155029,5.9369049072265625,38.26759338378906,0.9544705152511597,0.6093683242797852,0.053010664880275726,2781.0,2765.760009765625,9.999999747378752e-06,24.0,1.0,332.15087890625,2.987671375274658,0.09893340617418289,39.36884307861328,0.8251477479934692,57.26142501831055,97.48765563964844,2.987597942352295,5.623523712158203,1.073310375213623,3.1680121421813965,6.302132606506348,10.028570175170898,13.625123977661133,11.963891983032227,-12.065305709838867,-11.240360260009766,0.008747581392526627,0.010416666977107525,0.0416666679084301,1.1736721992492676,0.6367133855819702,49.90625,48.0,-11.503085136413574,-11.503085136413574,0.9882425665855408,4.624958515167236,-4.630241394042969,-4.634517669677734,0.010007813572883606,0.010416666977107525,0.0520833358168602,4.5804033279418945,0.016995171085000038,50.020835876464844,49.0,-0.5543783903121948,7.471040725708008,3.3668570518493652,0.5501481294631958,0.02083333395421505,0.9791666865348816,-0.0013131899759173393,0.009999999776482582,50.5,0.022289007902145386,0.9895833730697632,0.01871967315673828,0.9997491836547852,0.0,0.010416666977107525,-7.541309833526611,506.59375,4.624958515167236,-4.630241394042969,-4.648151397705078,0.01000781450420618,0.010416666977107525,0.0520833358168602,4.5804033279418945,0.016995171085000038,50.020835876464844,48.5,-0.5543783903121948,4.620333671569824,0.010416666977107525,3.5674479007720947,1.0,9.999999747378752e-05,9.999999747378752e-06,4.532876968383789,-4.533371448516846,-4.54332971572876,0.010986925102770329,0.03125,0.1145833358168602,4.584773540496826,0.016632508486509323,37.927085876464844,30.75,-0.44247502088546753,4.532876968383789,-4.533371448516846,-4.54332971572876,0.010986925102770329,0.03125,0.1145833358168602,4.584773540496826,0.016632508486509323,37.927085876464844,30.75,-0.44247502088546753,0.5659626722335815,4.106314659118652,29.259521484375,2.212641477584839,4.624958515167236,24.0
2890,21.881372451782227,4.863738922722405e-06,9.999999747378752e-06,1.1534284353256226,4.61371374130249,0.2770560085773468,40.966796875,0.009230418130755424,0.000611417752224952,0.0650954470038414,-0.00042344623943790793,8.352996826171875,8.352996826171875,-4.620023727416992,-12.973020553588867,0.010014314204454422,0.005177011713385582,8.352996519533917e-05,-3.174102544784546,37.5685920715332,17.86239242553711,28.4724063873291,0.0,0.17281167209148407,5.950799942016602,38.35554504394531,0.954143762588501,0.6107945442199707,0.053114309906959534,2791.0,2775.360107421875,9.999999747378752e-06,24.0,1.0,333.19281005859375,2.987623691558838,0.09943109005689621,39.268882751464844,0.8212372064590454,56.930728912353516,97.0176773071289,2.987539291381836,5.817108154296875,1.1703660488128662,3.871310234069824,7.287553310394287,10.828367233276367,14.854179382324219,12.065305709838867,-12.13481330871582,-11.85940170288086,0.007883974350988865,0.010416666977107525,0.0416666679084301,1.1736721992492676,0.6367133855819702,50.020835876464844,48.0,-11.58308219909668,-11.58308219909668,0.9905115962028503,4.624223709106445,-4.624958515167236,-4.634214401245117,0.010014314204454422,0.010416666977107525,0.0520833358168602,4.5804033279418945,0.016995171085000038,50.020835876464844,49.0,-0.5543783903121948,7.570174217224121,3.3668570518493652,0.5501481294631958,0.02083333395421505,0.9791666865348816,-0.0021228198893368244,0.009999999776482582,50.5,0.022282158955931664,0.9895833730697632,0.01871967315673828,0.9997552633285522,0.0,0.010416666977107525,-7.548099040985107,508.2708740234375,4.624223709106445,-4.624958515167236,-4.642047882080078,0.010014314204454422,0.010416666977107525,0.0520833358168602,4.5804033279418945,0.016995171085000038,50.020835876464844,48.25,-0.5543783903121948,4.632110118865967,0.010416666977107525,3.5674479007720947,1.0,9.999999747378752e-05,9.999999747378752e-06,4.531518459320068,-4.532876968383789,-4.536798000335693,0.011013003066182137,0.03125,0.1145833358168602,4.5839033126831055,0.016388513147830963,37.927085876464844,30.75,-0.43380677700042725,4.531518459320068,-4.532876968383789,-4.536798000335693,0.011013003066182137,0.03125,0.1145833358168602,4.5839033126831055,0.016388513147830963,37.927085876464844,30.75,-0.43380677700042725,0.5672634243965149,4.095376491546631,29.17180824279785,2.2134909629821777,4.624223709106445,24.0
2900,22.066570281982422,5.710125151381362e-06,9.999999747378752e-06,1.149753212928772,4.599012851715088,0.27801600098609924,40.966796875,0.009423959068953991,0.000611417752224952,0.0650954470038414,-0.00042344623943790793,8.177193641662598,8.177193641662598,-4.643967628479004,-12.821161270141602,0.009823517873883247,0.019590390846133232,8.177193376468495e-05,-4.6505913734436035,32.41449737548828,16.707069396972656,26.451196670532227,0.0,0.07758891582489014,5.9649977684021,38.443260192871094,0.9537755250930786,0.6122518181800842,0.053114309906959534,2801.0,2784.9599609375,9.999999747378752e-06,24.0,1.0,333.671630859375,2.9877877235412598,0.09816037863492966,39.105796813964844,0.8328695893287659,56.7385139465332,96.70171356201172,2.987704277038574,5.871919631958008,1.4370477199554443,4.173675537109375,7.444617748260498,11.169893264770508,15.450843811035156,12.13481330871582,-12.326342582702637,-11.87208366394043,0.008747581392526627,0.010416666977107525,0.0416666679084301,1.1736721992492676,0.6367133855819702,50.51041793823242,48.0,-11.784071922302246,-11.784071922302246,1.0002063512802124,4.624223709106445,-4.624958515167236,-4.634214401245117,0.010014314204454422,0.010416666977107525,0.0520833358168602,4.5804033279418945,0.016995171085000038,50.6875,49.0,-0.5543783903121948,7.620608329772949,3.3668570518493652,0.5515339374542236,0.02083333395421505,0.9791666865348816,-0.0013131899759173393,0.009999999776482582,50.5,0.021543342620134354,0.9895833730697632,0.018667764961719513,0.999760091304779,0.0,0.010416666977107525,-7.548099040985107,506.59375,4.624223709106445,-4.624958515167236,-4.648151397705078,0.010014314204454422,0.010416666977107525,0.0520833358168602,4.5804033279418945,0.016995171085000038,50.6875,48.5,-0.5543783903121948,4.632110118865967,0.010416666977107525,3.4593074321746826,1.0,9.999999747378752e-05,9.999999747378752e-06,4.531518459320068,-4.532876968383789,-4.536798000335693,0.011013003066182137,0.03125,0.1145833358168602,4.58466100692749,0.016632508486509323,37.927085876464844,30.75,-0.44247502088546753,4.531518459320068,-4.532876968383789,-4.536798000335693,0.011013003066182137,0.03125,0.1145833358168602,4.58466100692749,0.016632508486509323,37.927085876464844,30.75,-0.44247502088546753,0.5685607194900513,4.0805206298828125,29.08450698852539,2.216935634613037,4.624223709106445,24.0
2910,22.189542770385742,5.91278057981981e-06,9.999999747378752e-06,1.1475543975830078,4.590217590332031,0.2789759933948517,40.966796875,0.009423959068953991,0.0005801335792057216,0.0650954470038414,-0.00031623162794858217,9.534052848815918,9.534052848815918,-4.591752052307129,-14.12580394744873,0.010291910730302334,0.004230257123708725,9.534051787341014e-05,-3.2635130882263184,31.28307342529297,18.213619232177734,26.053089141845703,0.0,0.09519585967063904,5.9754958152771,38.53056335449219,0.953565239906311,0.6133293509483337,0.053114309906959534,2811.0,2794.56005859375,9.999999747378752e-06,24.0,1.0,334.5949401855469,2.9880530834198,0.0943797379732132,38.85590362548828,0.8524565100669861,56.59980010986328,96.3062973022461,2.987971305847168,5.943532466888428,1.6673247814178467,4.244969844818115,7.580731391906738,11.391382217407227,15.682846069335938,12.326342582702637,-12.354446411132812,-11.951783180236816,0.008747581392526627,0.010416666977107525,0.0416666679084301,1.1722317934036255,0.6439337134361267,50.520835876464844,51.0,-11.798219680786133,-11.798219680786133,1.0004125833511353,4.621636867523193,-4.624223709106445,-4.634214401245117,0.010015984997153282,0.010416666977107525,0.0520833358168602,4.583242416381836,0.016995171085000038,49.75,49.0,-0.5339939594268799,7.643117427825928,3.38039493560791,0.5562187433242798,0.010416666977107525,0.9791666865348816,-0.0013131899759173393,0.009999999776482582,50.5,0.02096443623304367,0.9895833730697632,0.01843341812491417,0.999760091304779,0.0,0.010416666977107525,-7.548099040985107,506.59375,4.621637344360352,-4.624223709106445,-4.642047882080078,0.010015984997153282,0.010416666977107525,0.0520833358168602,4.583242416381836,0.016995171085000038,49.750003814697266,48.25,-0.5339939594268799,4.639116287231445,0.010416666977107525,3.3621532917022705,1.0,9.999999747378752e-05,9.999999747378752e-06,4.5300211906433105,-4.531518459320068,-4.536798000335693,0.011040236800909042,0.03125,0.1145833283662796,4.5839033126831055,0.016704373061656952,37.770835876464844,30.75,-0.45174726843833923,4.5300211906433105,-4.531518459320068,-4.536798000335693,0.011040236800909042,0.03125,0.1145833283662796,4.5839033126831055,0.016704373061656952,37.770835876464844,30.75,-0.45174726843833923,0.5698518753051758,4.0699872970581055,28.997289657592773,2.2188076972961426,4.621637344360352,24.0
2920,22.349056243896484,5.030632109992439e-06,9.999999747378752e-06,1.1027191877365112,4.410876750946045,0.2799359858036041,40.966796875,0.009423959068953991,0.0005801335792057216,0.0650954470038414,-0.00020426363334991038,9.368968963623047,9.368968963623047,-4.615642070770264,-13.984609603881836,0.010108038783073425,0.01670009270310402,9.368969040224329e-05,-4.446853160858154,28.609451293945312,23.941226959228516,25.401504516601562,0.0,0.09536918252706528,5.9898834228515625,38.61777877807617,0.953359842300415,0.6148061156272888,0.053114309906959534,2821.0,2804.159912109375,9.999999747378752e-06,24.0,1.0,334.421630859375,2.9882802963256836,0.0875643938779831,38.85702133178711,0.8688298463821411,56.50088882446289,96.22473907470703,2.988187074661255,6.378106117248535,1.6182148456573486,4.629086971282959,7.836518287658691,11.835474014282227,16.913850784301758,12.354446411132812,-12.418192863464355,-11.951783180236816,0.009150361642241478,0.010416666977107525,0.0416666679084301,1.159952163696289,0.6450031399726868,50.520835876464844,51.0,-11.888744354248047,-11.888744354248047,1.0004125833511353,4.620023727416992,-4.621636867523193,-4.6292266845703125,0.010043373331427574,0.010416666977107525,0.0520833358168602,4.5837907791137695,0.016995171085000038,49.645835876464844,49.0,-0.5339939594268799,7.6670451164245605,3.392925977706909,0.5562187433242798,0.010416666977107525,0.9791666865348816,-0.0010558255016803741,0.009999999776482582,50.5,0.02096443623304367,0.9895833730697632,0.01821623556315899,0.9997649788856506,0.0,0.010416666977107525,-7.548099040985107,506.59375,4.620023727416992,-4.621637344360352,-4.642047882080078,0.010043372400105,0.010416666977107525,0.0520833358168602,4.583790302276611,0.016995171085000038,49.645835876464844,48.0,-0.5339939594268799,4.6156415939331055,0.010416666977107525,3.2215609550476074,1.0,9.999999747378752e-05,9.999999747378752e-06,4.527754783630371,-4.5300211906433105,-4.538936138153076,0.011041315272450447,0.03125,0.1145833358168602,4.5839033126831055,0.016704373061656952,37.708335876464844,30.25,-0.45174726843833923,4.527754783630371,-4.5300211906433105,-4.538936138153076,0.011041315272450447,0.03125,0.1145833358168602,4.5839033126831055,0.016704373061656952,37.708335876464844,30.25,-0.45174726843833923,0.57114177942276,4.057205677032471,28.91039276123047,2.220613718032837,4.620023727416992,24.0
2930,22.716304779052734,5.495548066392075e-06,9.999999747378752e-06,1.1312894821166992,4.525157928466797,0.28089600801467896,40.966796875,0.0091084074229002,0.0005801335792057216,0.0650954470038414,-1.5901598089840263e-05,8.782371520996094,8.782371520996094,-4.626490592956543,-13.408862113952637,0.009935303591191769,0.0011201782617717981,8.782371151028201e-05,-1.410858154296875,36.753318786621094,21.560550689697266,31.16803741455078,0.0,0.1389055848121643,5.999668598175049,38.70467758178711,0.952766478061676,0.6158104538917542,0.053114309906959534,2831.0,2813.760009765625,9.999999747378752e-06,24.0,1.0,332.7689514160156,2.988307237625122,0.09116147458553314,38.89253616333008,0.8714495301246643,56.38580322265625,96.16889190673828,2.988220691680908,7.044182300567627,1.310516119003296,4.099917888641357,7.841188430786133,12.661468505859375,17.778186798095703,12.418192863464355,-12.466456413269043,-11.961860656738281,0.008747581392526627,0.010416666977107525,0.0416666679084301,1.1722317934036255,0.6450031399726868,50.90625,51.0,-11.909732818603516,-11.909732818603516,1.0080446004867554,4.621636867523193,-4.624958515167236,-4.634517669677734,0.010014314204454422,0.010416666977107525,0.0520833358168602,4.584371089935303,0.016995171085000038,49.645835876464844,49.0,-0.5339939594268799,7.6670451164245605,3.367428779602051,0.5515339374542236,0.010416666977107525,0.9895833730697632,-0.0013131899759173393,0.009999999776482582,50.5,0.021533658728003502,0.9895833730697632,0.01843341812491417,0.9997649788856506,0.0,0.010416666977107525,-7.555882930755615,502.2604675292969,4.621637344360352,-4.624958515167236,-4.646172046661377,0.010014314204454422,0.010416666977107525,0.0520833358168602,4.584371089935303,0.016995171085000038,49.645835876464844,48.0,-0.5339939594268799,4.625432968139648,0.0,3.2853617668151855,1.0,9.999999747378752e-05,9.999999747378752e-06,4.527754783630371,-4.5300211906433105,-4.539484977722168,0.011040236800909042,0.02083333395421505,0.1145833358168602,4.584261894226074,0.016704373061656952,37.708335876464844,30.75,-0.45174726843833923,4.527754783630371,-4.5300211906433105,-4.539484977722168,0.011040236800909042,0.02083333395421505,0.1145833358168602,4.584261894226074,0.016704373061656952,37.708335876464844,30.75,-0.45174726843833923,0.572426974773407,4.048062324523926,28.823650360107422,2.2207984924316406,4.621637344360352,24.0
2940,22.240182876586914,5.769729796156753e-06,9.999999747378752e-06,1.1574338674545288,4.629735469818115,0.2818560004234314,40.966796875,0.008912253193557262,0.0005940437549725175,0.07389264553785324,-0.00020426363334991038,8.101672172546387,8.101672172546387,-4.707056045532227,-12.80872631072998,0.00927688181400299,0.008070733398199081,8.101671846816316e-05,-4.190439224243164,24.639612197875977,20.452791213989258,24.31159782409668,0.0,0.10317055881023407,6.012887477874756,38.791419982910156,0.952186107635498,0.6171672344207764,0.053114309906959534,2841.0,2823.360107421875,9.999999747378752e-06,24.0,1.0,332.08782958984375,2.9882187843322754,0.10279529541730881,38.95899200439453,0.8642919063568115,56.32684326171875,96.12970733642578,2.988128185272217,6.853806972503662,1.302382230758667,3.994896411895752,7.241349220275879,11.550151824951172,17.11322021484375,12.418192863464355,-12.466456413269043,-11.951783180236816,0.008747581392526627,0.010416666977107525,0.0416666679084301,1.1736721992492676,0.6439337134361267,50.90625,51.0,-11.909732818603516,-11.909732818603516,1.0080446004867554,4.621636867523193,-4.624958515167236,-4.634517669677734,0.010014314204454422,0.010416666977107525,0.0520833358168602,4.584371089935303,0.016891522333025932,49.645835876464844,49.0,-0.5339939594268799,7.6670451164245605,3.3668570518493652,0.5507408380508423,0.010416666977107525,0.9791666865348816,-0.0012061474844813347,0.009999999776482582,50.5,0.021543342620134354,0.9895833730697632,0.01843341812491417,0.9997649788856506,0.0,0.010416666977107525,-7.555882930755615,501.7083435058594,4.621637344360352,-4.624958515167236,-4.646172046661377,0.010014314204454422,0.010416666977107525,0.0520833358168602,4.584371089935303,0.016891522333025932,49.645835876464844,48.0,-0.5339939594268799,4.635702133178711,0.010416666977107525,3.418652296066284,1.0,9.999999747378752e-05,9.999999747378752e-06,4.527754783630371,-4.5300211906433105,-4.539484977722168,0.011040236800909042,0.02083333395421505,0.1145833358168602,4.584261894226074,0.016632508486509323,37.708335876464844,30.75,-0.44247502088546753,4.527754783630371,-4.5300211906433105,-4.539484977722168,0.011040236800909042,0.02083333395421505,0.1145833358168602,4.584261894226074,0.016632508486509323,37.708335876464844,30.75,-0.44247502088546753,0.5737098455429077,4.037935256958008,28.737140655517578,2.221795082092285,4.621637344360352,24.0
2950,21.79281234741211,4.816055479750503e-06,9.999999747378752e-06,1.1484482288360596,4.593792915344238,0.28281599283218384,40.966796875,0.008884277194738388,0.0006895402329973876,0.07559798657894135,-1.5901598089840263e-05,7.542008399963379,7.542008399963379,-4.63364839553833,-12.175657272338867,0.009914559312164783,0.010112686082720757,7.542008825112134e-05,-3.633164882659912,40.380760192871094,22.175548553466797,36.691036224365234,0.0,0.08095871657133102,6.025495529174805,38.8779296875,0.9517760872840881,0.6184613704681396,0.053010664880275726,2851.0,2832.9599609375,9.999999747378752e-06,24.0,1.0,331.6119689941406,2.9878716468811035,0.10279529541730881,39.09024429321289,0.8396534323692322,56.07332992553711,96.03601837158203,2.9877965450286865,6.853806972503662,1.2519395351409912,3.849553108215332,6.979485511779785,10.842920303344727,16.152355194091797,12.326342582702637,-12.418192863464355,-11.87208366394043,0.008747581392526627,0.010416666977107525,0.0416666679084301,1.1815290451049805,0.6439176797866821,50.520835876464844,51.0,-11.888744354248047,-11.888744354248047,1.0004125833511353,4.621636867523193,-4.624958515167236,-4.6292266845703125,0.010014314204454422,0.010416666977107525,0.0520833358168602,4.584371089935303,0.016669154167175293,49.645835876464844,49.0,-0.5296306610107422,7.6670451164245605,3.3668570518493652,0.5501481294631958,0.010416666977107525,0.9791666865348816,-0.0012061474844813347,0.009999999776482582,50.5,0.022282158955931664,0.9895833730697632,0.01821623556315899,0.9997655153274536,0.0,0.010416666977107525,-7.555882930755615,502.2604675292969,4.621637344360352,-4.624958515167236,-4.639389991760254,0.010014314204454422,0.010416666977107525,0.0520833358168602,4.584371089935303,0.016669154167175293,49.645835876464844,48.0,-0.5296306610107422,4.626453399658203,0.010416666977107525,3.6435422897338867,1.0,9.999999747378752e-05,9.999999747378752e-06,4.527754783630371,-4.5300211906433105,-4.539484977722168,0.011040236800909042,0.02083333395421505,0.1145833358168602,4.58466100692749,0.01653013378381729,37.927085876464844,30.75,-0.44247502088546753,4.527754783630371,-4.5300211906433105,-4.539484977722168,0.011040236800909042,0.02083333395421505,0.1145833358168602,4.58466100692749,0.01653013378381729,37.927085876464844,30.75,-0.44247502088546753,0.5749892592430115,4.025384426116943,28.65108871459961,2.221968650817871,4.621637344360352,24.0
2960,22.265703201293945,5.590915861830581e-06,9.999999747378752e-06,1.1403319835662842,4.561327934265137,0.2837759852409363,40.966796875,0.008884277194738388,0.0007196496590040624,0.07629316300153732,-1.5901598089840263e-05,8.426777839660645,8.426777839660645,-4.638148784637451,-13.064926147460938,0.009845680557191372,0.01428890135139227,8.426776912529022e-05,-4.590130805969238,32.32398986816406,22.122230529785156,31.82929229736328,0.0,0.10209736973047256,6.039074897766113,38.96398162841797,0.951363742351532,0.6198551654815674,0.053010664880275726,2861.0,2842.56005859375,9.999999747378752e-06,24.0,1.0,330.3973388671875,2.987456798553467,0.110989049077034,39.17893981933594,0.8095700144767761,55.80911636352539,95.80946350097656,2.9873642921447754,6.868500709533691,1.2380151748657227,3.849553108215332,6.806230068206787,10.81424617767334,15.607069969177246,12.418192863464355,-12.466456413269043,-11.87208366394043,0.009150361642241478,0.010416666977107525,0.0416666679084301,1.1815290451049805,0.6439337134361267,50.90625,51.0,-11.909732818603516,-11.909732818603516,1.0080446004867554,4.624958515167236,-4.626490592956543,-4.629950046539307,0.010007813572883606,0.010416666977107525,0.0520833358168602,4.584371089935303,0.01649945229291916,49.75,49.0,-0.532270610332489,7.694914817810059,3.367428779602051,0.5501481294631958,0.010416666977107525,0.9791666865348816,-0.0010558255016803741,0.009999999776482582,50.5,0.022289007902145386,0.9895833730697632,0.01805904693901539,0.9997702240943909,0.0,0.010416666977107525,-7.548099040985107,502.2604675292969,4.624958515167236,-4.626490592956543,-4.639389991760254,0.01000781450420618,0.010416666977107525,0.0520833358168602,4.584371089935303,0.01649945229291916,49.750003814697266,48.0,-0.532270610332489,4.61932373046875,0.010416666977107525,3.486361503601074,1.0,9.999999747378752e-05,9.999999747378752e-06,4.5300211906433105,-4.531518459320068,-4.543622970581055,0.011013003066182137,0.02083333395421505,0.1145833283662796,4.584773540496826,0.01653013378381729,37.927085876464844,30.75,-0.44247502088546753,4.5300211906433105,-4.531518459320068,-4.543622970581055,0.011013003066182137,0.02083333395421505,0.1145833283662796,4.584773540496826,0.01653013378381729,37.927085876464844,30.75,-0.44247502088546753,0.5762619376182556,4.01578950881958,28.565139770507812,2.223170280456543,4.624958515167236,24.0
2970,22.197317123413086,5.710125151381362e-06,9.999999747378752e-06,1.1544594764709473,4.617837905883789,0.2847360074520111,40.966796875,0.008884277194738388,0.0006895402329973876,0.07629316300153732,-1.5901598089840263e-05,6.7869486808776855,6.7869486808776855,-4.6553120613098145,-11.4422607421875,0.009681515395641327,0.021940018981695175,6.786948506487533e-05,-4.799387454986572,30.107955932617188,17.848865509033203,22.968149185180664,0.0,0.12138780206441879,6.052609920501709,39.049930572509766,0.9509726166725159,0.6212443709373474,0.053010664880275726,2871.0,2852.159912109375,9.999999747378752e-06,24.0,1.0,330.65032958984375,2.9873220920562744,0.11313670128583908,39.13779067993164,0.8021758198738098,55.57996368408203,95.52009582519531,2.9872519969940186,6.028740882873535,0.9132332801818848,3.430938243865967,6.671442985534668,10.902631759643555,14.823493957519531,12.418192863464355,-12.466456413269043,-11.830060958862305,0.009587391279637814,0.010416666977107525,0.0416666679084301,1.1815290451049805,0.6439337134361267,50.90625,51.0,-11.909732818603516,-11.909732818603516,1.0080446004867554,4.626490592956543,-4.630241394042969,-4.629950046539307,0.010006794705986977,0.010416666977107525,0.0416666679084301,4.584371089935303,0.016669154167175293,50.6875,50.0,-0.5339939594268799,7.747220039367676,3.367428779602051,0.5501481294631958,0.010416666977107525,0.9895833730697632,-0.00037650641752406955,0.009999999776482582,50.5,0.02382431924343109,0.9895833730697632,0.01821623556315899,0.9997649788856506,0.0,0.010416666977107525,-7.547050952911377,501.7083435058594,4.626490592956543,-4.630241394042969,-4.639389991760254,0.010006794705986977,0.010416666977107525,0.0416666679084301,4.584371089935303,0.016669154167175293,50.6875,48.0,-0.5339939594268799,4.6242289543151855,0.010416666977107525,3.570775032043457,1.0,9.999999747378752e-05,9.999999747378752e-06,4.5300211906433105,-4.531518459320068,-4.543622970581055,0.011013003066182137,0.02083333395421505,0.1145833358168602,4.584773540496826,0.016388513147830963,37.927085876464844,31.0,-0.4231020212173462,4.5300211906433105,-4.531518459320068,-4.543622970581055,0.011013003066182137,0.02083333395421505,0.1145833358168602,4.584773540496826,0.016388513147830963,37.927085876464844,31.0,-0.4231020212173462,0.5775331258773804,3.999444007873535,28.479673385620117,2.224827289581299,4.626490592956543,24.0
2980,21.924877166748047,4.899501618638169e-06,9.999999747378752e-06,1.1519852876663208,4.607941150665283,0.28569599986076355,40.966796875,0.008573394268751144,0.0006895402329973876,0.07629316300153732,-1.130517921410501e-05,7.904046058654785,7.904046058654785,-4.676316738128662,-12.580362319946289,0.009478308260440826,0.0017319750040769577,7.904045924078673e-05,-1.924126148223877,25.13197898864746,17.41020965576172,24.392009735107422,0.0,0.07560649514198303,6.064279079437256,39.135398864746094,0.950741171836853,0.6224421262741089,0.053010664880275726,2881.0,2861.760009765625,9.999999747378752e-06,24.0,1.0,329.76409912109375,2.9875497817993164,0.09734540432691574,39.12970733642578,0.8176206946372986,55.579776763916016,95.52391815185547,2.9874818325042725,5.9224677085876465,0.9367578029632568,3.4093017578125,6.534705638885498,10.902631759643555,14.823493957519531,12.418192863464355,-12.491129875183105,-11.459573745727539,0.009587391279637814,0.010416666977107525,0.0416666679084301,1.1944516897201538,0.6439176797866821,51.333335876464844,51.0,-12.002265930175781,-12.002265930175781,1.0165016651153564,4.626490592956543,-4.630277633666992,-4.629950046539307,0.010006794705986977,0.010416666977107525,0.0416666679084301,4.584371089935303,0.016669154167175293,50.802085876464844,50.0,-0.5339939594268799,7.664987087249756,3.367443799972534,0.5496598482131958,0.010416666977107525,0.9895833730697632,-0.00037650641752406955,0.009999999776482582,50.5,0.02382431924343109,0.9895833730697632,0.01821623556315899,0.9997649788856506,0.0,0.010416666977107525,-7.547050952911377,506.59375,4.626490592956543,-4.630277633666992,-4.639389991760254,0.010006794705986977,0.010416666977107525,0.0416666679084301,4.584371089935303,0.016669154167175293,50.802085876464844,48.0,-0.5339939594268799,4.6242289543151855,0.010416666977107525,3.482759952545166,1.0,9.999999747378752e-05,9.999999747378752e-06,4.5300211906433105,-4.531518459320068,-4.543622970581055,0.011013003066182137,0.02083333395421505,0.1145833283662796,4.584773540496826,0.016369696706533432,37.927085876464844,31.25,-0.4230165481567383,4.5300211906433105,-4.531518459320068,-4.543622970581055,0.011013003066182137,0.02083333395421505,0.1145833283662796,4.584773540496826,0.016369696706533432,37.927085876464844,31.25,-0.4230165481567383,0.5787971615791321,3.989668846130371,28.394214630126953,2.226527214050293,4.626490592956543,24.0
2990,22.527082443237305,5.543231964111328e-06,9.999999747378752e-06,1.113629698753357,4.454518795013428,0.286655992269516,40.966796875,0.008573394268751144,0.0006895402329973876,0.07629316300153732,-1.130517921410501e-05,6.5020551681518555,6.5020551681518555,-4.629552841186523,-11.131607055664062,0.009963985532522202,0.02189008705317974,6.502054748125374e-05,-4.939356327056885,27.447919845581055,16.662181854248047,24.595460891723633,0.0,0.08149644732475281,6.076956748962402,39.220855712890625,0.9507100582122803,0.6237433552742004,0.053114309906959534,2891.0,2871.360107421875,9.999999747378752e-06,24.0,1.0,329.60955810546875,2.988037109375,0.09494727849960327,39.141265869140625,0.85153728723526,55.700565338134766,95.6900405883789,2.9879579544067383,5.779372692108154,1.023641586303711,3.4093017578125,6.534705638885498,10.997003555297852,15.554019927978516,12.175657272338867,-12.491129875183105,-11.333403587341309,0.010112686082720757,0.010416666977107525,0.0416666679084301,1.1984307765960693,0.6347347497940063,51.333335876464844,51.0,-12.002265930175781,-12.002265930175781,1.0165016651153564,4.629552841186523,-4.630277633666992,-4.634517669677734,0.009963985532522202,0.010416666977107525,0.0416666679084301,4.584371089935303,0.016669154167175293,50.97916793823242,50.0,-0.5339939594268799,7.643117427825928,3.367428779602051,0.5487381815910339,0.010416666977107525,0.9895833730697632,0.00019812646496575326,0.009999999776482582,50.5,0.02382431924343109,0.9895833730697632,0.01821623556315899,0.9997649788856506,0.0,0.010416666977107525,-7.547050952911377,506.59375,4.629552841186523,-4.630277633666992,-4.642609596252441,0.009963984601199627,0.010416666977107525,0.0416666679084301,4.584371089935303,0.016669154167175293,50.97917175292969,48.0,-0.5339939594268799,4.62363338470459,0.010416666977107525,3.529066324234009,1.0,9.999999747378752e-05,9.999999747378752e-06,4.531518459320068,-4.5356597900390625,-4.544661521911621,0.01100936345756054,0.02083333395421505,0.1041666716337204,4.584773540496826,0.016388513147830963,37.958335876464844,31.25,-0.4231020212173462,4.531518459320068,-4.5356597900390625,-4.544661521911621,0.01100936345756054,0.02083333395421505,0.1041666716337204,4.584773540496826,0.016388513147830963,37.958335876464844,31.25,-0.4231020212173462,0.5800610184669495,3.976212978363037,28.30922508239746,2.227574110031128,4.629552841186523,24.0
2999,22.559207916259766,5.4836273193359375e-06,9.999999747378752e-06,1.153149962425232,4.612599849700928,0.28751999139785767,40.966796875,0.008573394268751144,0.0006895402329973876,0.07629316300153732,-1.130517921410501e-05,8.205116271972656,8.205116271972656,-4.600627899169922,-12.805744171142578,0.010182550176978111,0.01910293847322464,8.205116319004446e-05,-4.282513618469238,33.12865447998047,18.031593322753906,25.58658218383789,0.0,0.10446126759052277,6.076956748962402,39.220855712890625,0.9507100582122803,0.6237433552742004,0.053114309906959534,2891.0,2880.0,9.999999747378752e-06,24.0,1.0,330.4468994140625,2.9883930683135986,0.10059686005115509,39.190093994140625,0.8799633979797363,55.98661422729492,96.07755279541016,2.9883298873901367,5.779372692108154,1.087918996810913,3.6161141395568848,6.747495174407959,10.997003555297852,15.355629920959473,12.175657272338867,-12.491129875183105,-11.333403587341309,0.010112686082720757,0.010416666977107525,0.0416666679084301,1.1984307765960693,0.6347347497940063,51.333335876464844,51.0,-12.002265930175781,-12.002265930175781,1.0165016651153564,4.629552841186523,-4.630277633666992,-4.634517669677734,0.009963985532522202,0.010416666977107525,0.0416666679084301,4.584371089935303,0.016669154167175293,50.97916793823242,50.0,-0.5339939594268799,7.643117427825928,3.367428779602051,0.5487381815910339,0.010416666977107525,0.9895833730697632,0.00019812646496575326,0.009999999776482582,50.5,0.02382431924343109,0.9895833730697632,0.01821623556315899,0.9997649788856506,0.0,0.010416666977107525,-7.547050952911377,506.59375,4.629552841186523,-4.630277633666992,-4.642609596252441,0.009963984601199627,0.010416666977107525,0.0416666679084301,4.584371089935303,0.016669154167175293,50.97917175292969,48.0,-0.5339939594268799,4.629552364349365,0.010416666977107525,3.5294573307037354,1.0,9.999999747378752e-05,9.999999747378752e-06,4.531518459320068,-4.5356597900390625,-4.544661521911621,0.01100936345756054,0.02083333395421505,0.1041666716337204,4.584773540496826,0.016388513147830963,37.958335876464844,31.25,-0.4231020212173462,4.531518459320068,-4.5356597900390625,-4.544661521911621,0.01100936345756054,0.02083333395421505,0.1041666716337204,4.584773540496826,0.016388513147830963,37.958335876464844,31.25,-0.4231020212173462,0.5800610184669495,3.976212978363037,28.30922508239746,2.227574110031128,4.629552841186523,24.0
